[INFO] [launch]: All log files can be found below /root/.ros/log/2026-04-28-17-22-04-501521-lorenzo-Legion-5-15IRX10-150205
[INFO] [launch]: Default logging verbosity is set to INFO
[INFO] [ign gazebo-1]: process started with pid [150222]
[INFO] [robot_state_publisher-2]: process started with pid [150224]
[INFO] [create-3]: process started with pid [150227]
[INFO] [parameter_bridge-4]: process started with pid [150229]
[INFO] [velocity_limiter-5]: process started with pid [150231]
[INFO] [quadruped_controller_node-6]: process started with pid [150233]
[INFO] [state_estimation_node-7]: process started with pid [150235]
[INFO] [ekf_node-8]: process started with pid [150238]
[INFO] [static_transform_publisher-9]: process started with pid [150242]
[INFO] [rviz2-10]: process started with pid [150245]
[create-3] [ros_ign_gazebo] is deprecated! Redirecting to use [ros_gz_sim] instead!
[create-3] 
[parameter_bridge-4] [ros_ign_bridge] is deprecated! Redirecting to use [ros_gz_bridge] instead!
[parameter_bridge-4] 
[static_transform_publisher-9] [INFO] [1777389724.971304037] [map_to_odom_tf]: Spinning until stopped - publishing transform
[static_transform_publisher-9] translation: ('0.000000', '0.000000', '0.000000')
[static_transform_publisher-9] rotation: ('0.000000', '0.000000', '0.000000', '1.000000')
[static_transform_publisher-9] from 'map' to 'odom'
[create-3] [INFO] [1777389725.002462055] [ros_gz_sim]: Requesting list of world names.
[rviz2-10] QStandardPaths: XDG_RUNTIME_DIR not set, defaulting to '/tmp/runtime-root'
[state_estimation_node-7] [INFO] [1777389725.046642707] [rclcpp]: Successfully parsed urdf file
[robot_state_publisher-2] [INFO] [1777389725.047696764] [robot_state_publisher]: got segment LF_FOOT
[robot_state_publisher-2] [INFO] [1777389725.047918135] [robot_state_publisher]: got segment LH_FOOT
[robot_state_publisher-2] [INFO] [1777389725.047935222] [robot_state_publisher]: got segment RF_FOOT
[robot_state_publisher-2] [INFO] [1777389725.047944708] [robot_state_publisher]: got segment RH_FOOT
[robot_state_publisher-2] [INFO] [1777389725.047952989] [robot_state_publisher]: got segment base_link
[robot_state_publisher-2] [INFO] [1777389725.047961515] [robot_state_publisher]: got segment imu_link
[robot_state_publisher-2] [INFO] [1777389725.047969503] [robot_state_publisher]: got segment lf_hip_link
[robot_state_publisher-2] [INFO] [1777389725.047977508] [robot_state_publisher]: got segment lf_lower_leg_link
[robot_state_publisher-2] [INFO] [1777389725.047987422] [robot_state_publisher]: got segment lf_upper_leg_link
[robot_state_publisher-2] [INFO] [1777389725.047995466] [robot_state_publisher]: got segment lh_hip_link
[robot_state_publisher-2] [INFO] [1777389725.048003313] [robot_state_publisher]: got segment lh_lower_leg_link
[robot_state_publisher-2] [INFO] [1777389725.048010937] [robot_state_publisher]: got segment lh_upper_leg_link
[robot_state_publisher-2] [INFO] [1777389725.048018649] [robot_state_publisher]: got segment lidar_link
[robot_state_publisher-2] [INFO] [1777389725.048026540] [robot_state_publisher]: got segment rf_hip_link
[robot_state_publisher-2] [INFO] [1777389725.048034034] [robot_state_publisher]: got segment rf_lower_leg_link
[robot_state_publisher-2] [INFO] [1777389725.048041737] [robot_state_publisher]: got segment rf_upper_leg_link
[robot_state_publisher-2] [INFO] [1777389725.048049545] [robot_state_publisher]: got segment rh_hip_link
[robot_state_publisher-2] [INFO] [1777389725.048057198] [robot_state_publisher]: got segment rh_lower_leg_link
[robot_state_publisher-2] [INFO] [1777389725.048064755] [robot_state_publisher]: got segment rh_upper_leg_link
[robot_state_publisher-2] [INFO] [1777389725.048072216] [robot_state_publisher]: got segment trunk
[quadruped_controller_node-6] [INFO] [1777389725.053478753] [rclcpp]: Successfully parsed urdf file
[parameter_bridge-4] [INFO] [1777389725.131124728] [gazebo_bridge]: Creating GZ->ROS Bridge: [/clock (ignition.msgs.Clock) -> /clock (rosgraph_msgs/msg/Clock)] (Lazy 0)
[parameter_bridge-4] [INFO] [1777389725.133263934] [gazebo_bridge]: Creating GZ->ROS Bridge: [/imu/data (ignition.msgs.IMU) -> /imu/data (sensor_msgs/msg/Imu)] (Lazy 0)
[parameter_bridge-4] [INFO] [1777389725.136802383] [gazebo_bridge]: Creating GZ->ROS Bridge: [/world/default/model/go2/joint_state (ignition.msgs.Model) -> /world/default/model/go2/joint_state (sensor_msgs/msg/JointState)] (Lazy 0)
[parameter_bridge-4] [INFO] [1777389725.138101207] [gazebo_bridge]: Creating GZ->ROS Bridge: [/unilidar/cloud/points (ignition.msgs.PointCloudPacked) -> /unilidar/cloud/points (sensor_msgs/msg/PointCloud2)] (Lazy 0)
[parameter_bridge-4] [INFO] [1777389725.139452994] [gazebo_bridge]: Creating GZ->ROS Bridge: [/odom (ignition.msgs.Odometry) -> /odom (nav_msgs/msg/Odometry)] (Lazy 0)
[parameter_bridge-4] [INFO] [1777389725.141091572] [gazebo_bridge]: Creating ROS->GZ Bridge: [/cmd_vel (geometry_msgs/msg/Twist) -> /cmd_vel (ignition.msgs.Twist)] (Lazy 0)
[parameter_bridge-4] [INFO] [1777389725.142512582] [gazebo_bridge]: Creating ROS->GZ Bridge: [/joint_group_effort_controller/joint_trajectory (trajectory_msgs/msg/JointTrajectory) -> /joint_group_effort_controller/joint_trajectory (ignition.msgs.JointTrajectory)] (Lazy 0)
[parameter_bridge-4] [INFO] [1777389725.196785613] [gazebo_bridge]: Passing message from ROS trajectory_msgs/msg/JointTrajectory to Gazebo gz.msgs.JointTrajectory (showing msg only once per type)
[velocity_limiter-5] [INFO] [1777389725.242447788] [velocity_limiter]: velocity_limiter: /cmd_vel → /cmd_vel_safe  watchdog=1.5s  rate=20.0Hz
[create-3] [INFO] [1777389725.667623461] [ros_gz_sim]: Waiting messages on topic [robot_description].
[create-3] [INFO] [1777389725.673632788] [ros_gz_sim]: Requested creation of entity.
[create-3] [INFO] [1777389725.673693288] [ros_gz_sim]: OK creation of entity.
[INFO] [create-3]: process has finished cleanly [pid 150227]
[ign gazebo-1] [INFO] [1777389727.355942431] [GazeboSimROS2ControlPlugin]: robot_param_node is robot_state_publisher
[ign gazebo-1] [INFO] [1777389727.355965579] [GazeboSimROS2ControlPlugin]: robot_param_node is robot_description
[ign gazebo-1] [INFO] [1777389727.485162443] [gz_ros2_control]: connected to service!! robot_state_publisher asking for robot_description
[ign gazebo-1] [INFO] [1777389727.485854982] [gz_ros2_control]: Received URDF from param server
[ign gazebo-1] [INFO] [1777389727.490277529] [gz_ros2_control]: The position_proportional_gain has been set to: 0.1
[ign gazebo-1] [INFO] [1777389727.490367045] [gz_ros2_control]: Loading joint: rf_hip_joint
[ign gazebo-1] [INFO] [1777389727.490387810] [gz_ros2_control]: 	State:
[ign gazebo-1] [INFO] [1777389727.490400792] [gz_ros2_control]: 		 position
[ign gazebo-1] [INFO] [1777389727.490412975] [gz_ros2_control]: 		 velocity
[ign gazebo-1] [INFO] [1777389727.490423220] [gz_ros2_control]: 	Command:
[ign gazebo-1] [INFO] [1777389727.490432755] [gz_ros2_control]: 		 effort
[ign gazebo-1] [INFO] [1777389727.490453417] [gz_ros2_control]: Loading joint: rf_upper_leg_joint
[ign gazebo-1] [INFO] [1777389727.490464452] [gz_ros2_control]: 	State:
[ign gazebo-1] [INFO] [1777389727.490473895] [gz_ros2_control]: 		 position
[ign gazebo-1] [INFO] [1777389727.490483519] [gz_ros2_control]: 		 velocity
[ign gazebo-1] [INFO] [1777389727.490499501] [gz_ros2_control]: 	Command:
[ign gazebo-1] [INFO] [1777389727.490508951] [gz_ros2_control]: 		 effort
[ign gazebo-1] [INFO] [1777389727.490525524] [gz_ros2_control]: Loading joint: rf_lower_leg_joint
[ign gazebo-1] [INFO] [1777389727.490535591] [gz_ros2_control]: 	State:
[ign gazebo-1] [INFO] [1777389727.490544892] [gz_ros2_control]: 		 position
[ign gazebo-1] [INFO] [1777389727.490554733] [gz_ros2_control]: 		 velocity
[ign gazebo-1] [INFO] [1777389727.490564382] [gz_ros2_control]: 	Command:
[ign gazebo-1] [INFO] [1777389727.490573364] [gz_ros2_control]: 		 effort
[ign gazebo-1] [INFO] [1777389727.490679599] [gz_ros2_control]: Loading sensor: imu_sensor
[ign gazebo-1] [INFO] [1777389727.490694080] [gz_ros2_control]: 	State:
[ign gazebo-1] [INFO] [1777389727.490797831] [resource_manager]: Initialize hardware 'rf' 
[ign gazebo-1] [WARN] [1777389727.490830369] [gz_ros2_control]: The ign_ros2_control plugin got renamed to gz_ros2_control.
[ign gazebo-1] Update the <ros2_control> tag and gazebo plugin to
[ign gazebo-1] <hardware>
[ign gazebo-1]   <plugin>gz_ros2_control/GazeboSimSystem</plugin>
[ign gazebo-1] </hardware>
[ign gazebo-1] <gazebo>
[ign gazebo-1]   <plugin filename="gz_ros2_control-system"name="gz_ros2_control::GazeboSimROS2ControlPlugin">
[ign gazebo-1]     ...
[ign gazebo-1]   </plugin>
[ign gazebo-1] </gazebo>
[ign gazebo-1] [INFO] [1777389727.490884078] [resource_manager]: Successful initialization of hardware 'rf'
[ign gazebo-1] [INFO] [1777389727.490922305] [resource_manager]: 'configure' hardware 'rf' 
[ign gazebo-1] [INFO] [1777389727.490928116] [gz_ros2_control]: System Successfully configured!
[ign gazebo-1] [INFO] [1777389727.490942221] [resource_manager]: Successful 'configure' of hardware 'rf'
[ign gazebo-1] [INFO] [1777389727.490949288] [resource_manager]: 'activate' hardware 'rf' 
[ign gazebo-1] [INFO] [1777389727.490954639] [resource_manager]: Successful 'activate' of hardware 'rf'
[ign gazebo-1] [INFO] [1777389727.491210435] [gz_ros2_control]: The position_proportional_gain has been set to: 0.1
[ign gazebo-1] [INFO] [1777389727.491245933] [gz_ros2_control]: Loading joint: lf_hip_joint
[ign gazebo-1] [INFO] [1777389727.491257353] [gz_ros2_control]: 	State:
[ign gazebo-1] [INFO] [1777389727.491266881] [gz_ros2_control]: 		 position
[ign gazebo-1] [INFO] [1777389727.491459727] [gz_ros2_control]: 		 velocity
[ign gazebo-1] [INFO] [1777389727.491473588] [gz_ros2_control]: 	Command:
[ign gazebo-1] [INFO] [1777389727.491483906] [gz_ros2_control]: 		 effort
[ign gazebo-1] [INFO] [1777389727.491515403] [gz_ros2_control]: Loading joint: lf_upper_leg_joint
[ign gazebo-1] [INFO] [1777389727.491527977] [gz_ros2_control]: 	State:
[ign gazebo-1] [INFO] [1777389727.491537575] [gz_ros2_control]: 		 position
[ign gazebo-1] [INFO] [1777389727.491547629] [gz_ros2_control]: 		 velocity
[ign gazebo-1] [INFO] [1777389727.491557306] [gz_ros2_control]: 	Command:
[ign gazebo-1] [INFO] [1777389727.491566524] [gz_ros2_control]: 		 effort
[ign gazebo-1] [INFO] [1777389727.491582222] [gz_ros2_control]: Loading joint: lf_lower_leg_joint
[ign gazebo-1] [INFO] [1777389727.491593073] [gz_ros2_control]: 	State:
[ign gazebo-1] [INFO] [1777389727.491602186] [gz_ros2_control]: 		 position
[ign gazebo-1] [INFO] [1777389727.491611381] [gz_ros2_control]: 		 velocity
[ign gazebo-1] [INFO] [1777389727.491620127] [gz_ros2_control]: 	Command:
[ign gazebo-1] [INFO] [1777389727.491628858] [gz_ros2_control]: 		 effort
[ign gazebo-1] [INFO] [1777389727.491648525] [gz_ros2_control]: Loading sensor: imu_sensor
[ign gazebo-1] [INFO] [1777389727.491659761] [gz_ros2_control]: 	State:
[ign gazebo-1] [INFO] [1777389727.491670890] [resource_manager]: Initialize hardware 'lf' 
[ign gazebo-1] [WARN] [1777389727.491686197] [gz_ros2_control]: The ign_ros2_control plugin got renamed to gz_ros2_control.
[ign gazebo-1] Update the <ros2_control> tag and gazebo plugin to
[ign gazebo-1] <hardware>
[ign gazebo-1]   <plugin>gz_ros2_control/GazeboSimSystem</plugin>
[ign gazebo-1] </hardware>
[ign gazebo-1] <gazebo>
[ign gazebo-1]   <plugin filename="gz_ros2_control-system"name="gz_ros2_control::GazeboSimROS2ControlPlugin">
[ign gazebo-1]     ...
[ign gazebo-1]   </plugin>
[ign gazebo-1] </gazebo>
[ign gazebo-1] [INFO] [1777389727.491732113] [resource_manager]: Successful initialization of hardware 'lf'
[ign gazebo-1] [INFO] [1777389727.491750270] [resource_manager]: 'configure' hardware 'lf' 
[ign gazebo-1] [INFO] [1777389727.491755453] [gz_ros2_control]: System Successfully configured!
[ign gazebo-1] [INFO] [1777389727.491768749] [resource_manager]: Successful 'configure' of hardware 'lf'
[ign gazebo-1] [INFO] [1777389727.491775489] [resource_manager]: 'activate' hardware 'lf' 
[ign gazebo-1] [INFO] [1777389727.491780500] [resource_manager]: Successful 'activate' of hardware 'lf'
[ign gazebo-1] [INFO] [1777389727.492081997] [gz_ros2_control]: The position_proportional_gain has been set to: 0.1
[ign gazebo-1] [INFO] [1777389727.492115374] [gz_ros2_control]: Loading joint: rh_hip_joint
[ign gazebo-1] [INFO] [1777389727.492126716] [gz_ros2_control]: 	State:
[ign gazebo-1] [INFO] [1777389727.492136960] [gz_ros2_control]: 		 position
[ign gazebo-1] [INFO] [1777389727.492147123] [gz_ros2_control]: 		 velocity
[ign gazebo-1] [INFO] [1777389727.492156586] [gz_ros2_control]: 	Command:
[ign gazebo-1] [INFO] [1777389727.492166047] [gz_ros2_control]: 		 effort
[ign gazebo-1] [INFO] [1777389727.492183454] [gz_ros2_control]: Loading joint: rh_upper_leg_joint
[ign gazebo-1] [INFO] [1777389727.492193708] [gz_ros2_control]: 	State:
[ign gazebo-1] [INFO] [1777389727.492203559] [gz_ros2_control]: 		 position
[ign gazebo-1] [INFO] [1777389727.492213020] [gz_ros2_control]: 		 velocity
[ign gazebo-1] [INFO] [1777389727.492222308] [gz_ros2_control]: 	Command:
[ign gazebo-1] [INFO] [1777389727.492231041] [gz_ros2_control]: 		 effort
[ign gazebo-1] [INFO] [1777389727.492246965] [gz_ros2_control]: Loading joint: rh_lower_leg_joint
[ign gazebo-1] [INFO] [1777389727.492257431] [gz_ros2_control]: 	State:
[ign gazebo-1] [INFO] [1777389727.492266671] [gz_ros2_control]: 		 position
[ign gazebo-1] [INFO] [1777389727.492276280] [gz_ros2_control]: 		 velocity
[ign gazebo-1] [INFO] [1777389727.492313406] [gz_ros2_control]: 	Command:
[ign gazebo-1] [INFO] [1777389727.492326051] [gz_ros2_control]: 		 effort
[ign gazebo-1] [INFO] [1777389727.492340874] [gz_ros2_control]: Loading sensor: imu_sensor
[ign gazebo-1] [INFO] [1777389727.492352223] [gz_ros2_control]: 	State:
[ign gazebo-1] [INFO] [1777389727.492364036] [resource_manager]: Initialize hardware 'rh' 
[ign gazebo-1] [WARN] [1777389727.492380544] [gz_ros2_control]: The ign_ros2_control plugin got renamed to gz_ros2_control.
[ign gazebo-1] Update the <ros2_control> tag and gazebo plugin to
[ign gazebo-1] <hardware>
[ign gazebo-1]   <plugin>gz_ros2_control/GazeboSimSystem</plugin>
[ign gazebo-1] </hardware>
[ign gazebo-1] <gazebo>
[ign gazebo-1]   <plugin filename="gz_ros2_control-system"name="gz_ros2_control::GazeboSimROS2ControlPlugin">
[ign gazebo-1]     ...
[ign gazebo-1]   </plugin>
[ign gazebo-1] </gazebo>
[ign gazebo-1] [INFO] [1777389727.492394314] [resource_manager]: Successful initialization of hardware 'rh'
[ign gazebo-1] [INFO] [1777389727.492408291] [resource_manager]: 'configure' hardware 'rh' 
[ign gazebo-1] [INFO] [1777389727.492413063] [gz_ros2_control]: System Successfully configured!
[ign gazebo-1] [INFO] [1777389727.492424218] [resource_manager]: Successful 'configure' of hardware 'rh'
[ign gazebo-1] [INFO] [1777389727.492430957] [resource_manager]: 'activate' hardware 'rh' 
[ign gazebo-1] [INFO] [1777389727.492435942] [resource_manager]: Successful 'activate' of hardware 'rh'
[ign gazebo-1] [INFO] [1777389727.492553945] [gz_ros2_control]: The position_proportional_gain has been set to: 0.1
[ign gazebo-1] [INFO] [1777389727.492579915] [gz_ros2_control]: Loading joint: lh_hip_joint
[ign gazebo-1] [INFO] [1777389727.492590797] [gz_ros2_control]: 	State:
[ign gazebo-1] [INFO] [1777389727.492600535] [gz_ros2_control]: 		 position
[ign gazebo-1] [INFO] [1777389727.492610735] [gz_ros2_control]: 		 velocity
[ign gazebo-1] [INFO] [1777389727.492620292] [gz_ros2_control]: 	Command:
[ign gazebo-1] [INFO] [1777389727.492629660] [gz_ros2_control]: 		 effort
[ign gazebo-1] [INFO] [1777389727.492646743] [gz_ros2_control]: Loading joint: lh_upper_leg_joint
[ign gazebo-1] [INFO] [1777389727.492657242] [gz_ros2_control]: 	State:
[ign gazebo-1] [INFO] [1777389727.492668767] [gz_ros2_control]: 		 position
[ign gazebo-1] [INFO] [1777389727.492678345] [gz_ros2_control]: 		 velocity
[ign gazebo-1] [INFO] [1777389727.492687633] [gz_ros2_control]: 	Command:
[ign gazebo-1] [INFO] [1777389727.492696716] [gz_ros2_control]: 		 effort
[ign gazebo-1] [INFO] [1777389727.492712950] [gz_ros2_control]: Loading joint: lh_lower_leg_joint
[ign gazebo-1] [INFO] [1777389727.492723135] [gz_ros2_control]: 	State:
[ign gazebo-1] [INFO] [1777389727.492732611] [gz_ros2_control]: 		 position
[ign gazebo-1] [INFO] [1777389727.492763941] [gz_ros2_control]: 		 velocity
[ign gazebo-1] [INFO] [1777389727.492775561] [gz_ros2_control]: 	Command:
[ign gazebo-1] [INFO] [1777389727.492784730] [gz_ros2_control]: 		 effort
[ign gazebo-1] [INFO] [1777389727.492798051] [gz_ros2_control]: Loading sensor: imu_sensor
[ign gazebo-1] [INFO] [1777389727.492808565] [gz_ros2_control]: 	State:
[ign gazebo-1] [INFO] [1777389727.492819204] [resource_manager]: Initialize hardware 'lh' 
[ign gazebo-1] [WARN] [1777389727.492837292] [gz_ros2_control]: The ign_ros2_control plugin got renamed to gz_ros2_control.
[ign gazebo-1] Update the <ros2_control> tag and gazebo plugin to
[ign gazebo-1] <hardware>
[ign gazebo-1]   <plugin>gz_ros2_control/GazeboSimSystem</plugin>
[ign gazebo-1] </hardware>
[ign gazebo-1] <gazebo>
[ign gazebo-1]   <plugin filename="gz_ros2_control-system"name="gz_ros2_control::GazeboSimROS2ControlPlugin">
[ign gazebo-1]     ...
[ign gazebo-1]   </plugin>
[ign gazebo-1] </gazebo>
[ign gazebo-1] [INFO] [1777389727.492849801] [resource_manager]: Successful initialization of hardware 'lh'
[ign gazebo-1] [INFO] [1777389727.492863145] [resource_manager]: 'configure' hardware 'lh' 
[ign gazebo-1] [INFO] [1777389727.492867833] [gz_ros2_control]: System Successfully configured!
[ign gazebo-1] [INFO] [1777389727.492878552] [resource_manager]: Successful 'configure' of hardware 'lh'
[ign gazebo-1] [INFO] [1777389727.492885241] [resource_manager]: 'activate' hardware 'lh' 
[ign gazebo-1] [INFO] [1777389727.492890447] [resource_manager]: Successful 'activate' of hardware 'lh'
[ign gazebo-1] [INFO] [1777389727.492895187] [gz_ros2_control]: Loading controller_manager
[ign gazebo-1] [WARN] [1777389727.546045542] [gz_ros2_control]:  Desired controller update period (0.004 s) is slower than the gazebo simulation period (0.001 s).
[ign gazebo-1] QStandardPaths: XDG_RUNTIME_DIR not set, defaulting to '/tmp/runtime-root'
[ign gazebo-1] libEGL warning: Not allowed to force software rendering when API explicitly selects a hardware device.
[ign gazebo-1] libEGL warning: egl: failed to create dri2 screen
[ign gazebo-1] libEGL warning: Not allowed to force software rendering when API explicitly selects a hardware device.
[rviz2-10] [INFO] [1777389728.773263449] [rviz2]: Stereo is NOT SUPPORTED
[rviz2-10] [INFO] [1777389728.773393511] [rviz2]: OpenGl version: 4.6 (GLSL 4.6)
[rviz2-10] [INFO] [1777389728.784759005] [rviz2]: Stereo is NOT SUPPORTED
[ign gazebo-1] [INFO] [1777389729.638311409] [gz_ros2_control]: IMU imu_sensor has a topic name: /imu/data
[ign gazebo-1] [INFO] [1777389729.638476568] [gz_ros2_control]: IMU imu_sensor has a topic name: /imu/data
[ign gazebo-1] [INFO] [1777389729.638543585] [gz_ros2_control]: IMU imu_sensor has a topic name: /imu/data
[ign gazebo-1] [INFO] [1777389729.638598766] [gz_ros2_control]: IMU imu_sensor has a topic name: /imu/data
[ign gazebo-1] libEGL warning: Not allowed to force software rendering when API explicitly selects a hardware device.
[ign gazebo-1] libEGL warning: egl: failed to create dri2 screen
[ign gazebo-1] libEGL warning: Not allowed to force software rendering when API explicitly selects a hardware device.
[INFO] [spawner-11]: process started with pid [150779]
[spawner-11] [INFO] [1777389745.156550668] [spawner_joint_states_controller]: waiting for service /controller_manager/list_controllers to become available...
[ign gazebo-1] [INFO] [1777389745.410819375] [controller_manager]: Loading controller 'joint_states_controller'
[spawner-11] [INFO] [1777389745.445191357] [spawner_joint_states_controller]: [94mLoaded [1mjoint_states_controller[0m
[ign gazebo-1] [INFO] [1777389745.446881017] [controller_manager]: Configuring controller 'joint_states_controller'
[ign gazebo-1] [INFO] [1777389745.447076849] [joint_states_controller]: 'joints' or 'interfaces' parameter is empty. All available state interfaces will be published
[spawner-11] [INFO] [1777389745.464378305] [spawner_joint_states_controller]: [92mConfigured and activated [1mjoint_states_controller[0m
[INFO] [spawner-11]: process has finished cleanly [pid 150779]
[INFO] [spawner-12]: process started with pid [150859]
[INFO] [odom_to_pose_node-13]: process started with pid [150861]
[INFO] [cloud_self_filter.py-14]: process started with pid [150863]
[INFO] [a_star_node-15]: process started with pid [150865]
[INFO] [mpc_node-16]: process started with pid [150867]
[INFO] [setpoint_to_cmd_vel_node-17]: process started with pid [150869]
[INFO] [nav_graph_node-18]: process started with pid [150871]
[spawner-12] [INFO] [1777389755.190212277] [spawner_joint_group_effort_controller]: waiting for service /controller_manager/list_controllers to become available...
[setpoint_to_cmd_vel_node-17] [INFO] [1777389755.243480812] [setpoint_to_cmd_vel_node]: setpoint_to_cmd_vel ready: /mpc/next_setpoint + /go2/pose -> /cmd_vel
[setpoint_to_cmd_vel_node-17] [WARN] [1777389755.253135564] [setpoint_to_cmd_vel_node]: [CMD_VEL] Waiting — pose=False setpoint=False
[odom_to_pose_node-13] [INFO] [1777389755.284413168] [odom_to_pose_node]: odom_to_pose_node ready: /odom/raw → /go2/pose
[odom_to_pose_node-13] [WARN] [1777389755.284840071] [odom_to_pose_node]: [ODOM_BRIDGE] Waiting for first /odom/raw message...
[nav_graph_node-18] [INFO] [1777389755.284871359] [nav_graph_node]: NavGraphNode ready | spacing=1.5m edge_r=4.0m wp_reach=1.0m
[odom_to_pose_node-13] [WARN] [1777389755.321826539] [odom_to_pose_node]: [ODOM_BRIDGE] First /odom/raw received! pos=(-10.000, -8.000)  vel=(0.000, -0.000)
[odom_to_pose_node-13] [INFO] [1777389755.322363033] [odom_to_pose_node]: [ODOM_BRIDGE] #00001  pos=(-10.0000, -8.0000)  vel=(0.0000, -0.0000)
[parameter_bridge-4] [INFO] [1777389755.525749644] [gazebo_bridge]: Passing message from ROS geometry_msgs/msg/Twist to Gazebo gz.msgs.Twist (showing msg only once per type)
[a_star_node-15] [INFO] [1777389755.550054438] [a_star_node]: A* node ready | startup goal=(12.0, -8.0) | grid=20m @ 0.25m/cell
[mpc_node-16] [INFO] [1777389755.621484759] [mpc_node]: MPC node ready
[mpc_node-16] [INFO] [1777389755.622657079] [mpc_node]: [MPC-DEBUG] /go2/pose received: pos=(-10.0000, -8.0000)  yaw=0.0 deg  vel_body=(0.00, 0.00, 0.00)
[mpc_node-16] [WARN] [1777389755.624057464] [mpc_node]: [MPC] Waiting for pose and path…
[a_star_node-15] [INFO] [1777389755.651354352] [a_star_node]: [A*-DEBUG] Planning from pose=(-10.0000, -8.0000)  goal=(12.00, -8.00)
[a_star_node-15] [INFO] [1777389755.923123183] [a_star_node]: [A*] NAVIGATING  dist_to_goal=22.00 m  robot=(-10.00,-8.00)  goal=(12.00,-8.00)  path=38 wpts  local_goal=(-0.75,-8.25)
[mpc_node-16] [INFO] [1777389755.925256136] [mpc_node]: [MPC] Received NEW A* path: 38 raw → 63 resampled | reset_filter=True
[mpc_node-16] [WARN] [1777389755.937833111] [mpc_node]: [MPC-OBS] 4648 pts in range | nearest 5: world=(-10.01,-6.51) body=(-0.01,+1.49) d=1.49m bear=+90° | world=(-10.04,-6.51) body=(-0.04,+1.49) d=1.49m bear=+92° | world=(-10.02,-6.51) body=(-0.02,+1.49) d=1.49m bear=+91° | world=(-10.09,-6.51) body=(-0.09,+1.49) d=1.49m bear=+93° | world=(-10.02,-6.51) body=(-0.02,+1.49) d=1.49m bear=+91°
[rviz2-10] [INFO] [1777389755.957139172] [rviz2]: Trying to create a map of size 80 x 80 using 1 swatches
[ign gazebo-1] [INFO] [1777389756.195443901] [controller_manager]: Loading controller 'joint_group_effort_controller'
[ign gazebo-1] [WARN] [1777389756.247311664] [joint_group_effort_controller]: [Deprecated]: "allow_nonzero_velocity_at_trajectory_end" is set to true. The default behavior will change to false.
[spawner-12] [INFO] [1777389756.248496293] [spawner_joint_group_effort_controller]: [94mLoaded [1mjoint_group_effort_controller[0m
[ign gazebo-1] [INFO] [1777389756.251215226] [controller_manager]: Configuring controller 'joint_group_effort_controller'
[ign gazebo-1] [INFO] [1777389756.251593164] [joint_group_effort_controller]: No specific joint names are used for command interfaces. Using 'joints' parameter.
[ign gazebo-1] [WARN] [1777389756.251651352] [joint_group_effort_controller]: 'ff_velocity_scale' parameters is not defined under 'gains.<joint_name>.' structure. Maybe you are using deprecated format 'ff_velocity_scale/<joint_name>'!
[ign gazebo-1] [WARN] [1777389756.252011424] [joint_group_effort_controller]: 'ff_velocity_scale' parameters is not defined under 'gains.<joint_name>.' structure. Maybe you are using deprecated format 'ff_velocity_scale/<joint_name>'!
[ign gazebo-1] [WARN] [1777389756.252304119] [joint_group_effort_controller]: 'ff_velocity_scale' parameters is not defined under 'gains.<joint_name>.' structure. Maybe you are using deprecated format 'ff_velocity_scale/<joint_name>'!
[ign gazebo-1] [WARN] [1777389756.252586632] [joint_group_effort_controller]: 'ff_velocity_scale' parameters is not defined under 'gains.<joint_name>.' structure. Maybe you are using deprecated format 'ff_velocity_scale/<joint_name>'!
[ign gazebo-1] [WARN] [1777389756.252837992] [joint_group_effort_controller]: 'ff_velocity_scale' parameters is not defined under 'gains.<joint_name>.' structure. Maybe you are using deprecated format 'ff_velocity_scale/<joint_name>'!
[ign gazebo-1] [WARN] [1777389756.253131064] [joint_group_effort_controller]: 'ff_velocity_scale' parameters is not defined under 'gains.<joint_name>.' structure. Maybe you are using deprecated format 'ff_velocity_scale/<joint_name>'!
[ign gazebo-1] [WARN] [1777389756.253370704] [joint_group_effort_controller]: 'ff_velocity_scale' parameters is not defined under 'gains.<joint_name>.' structure. Maybe you are using deprecated format 'ff_velocity_scale/<joint_name>'!
[ign gazebo-1] [WARN] [1777389756.253612243] [joint_group_effort_controller]: 'ff_velocity_scale' parameters is not defined under 'gains.<joint_name>.' structure. Maybe you are using deprecated format 'ff_velocity_scale/<joint_name>'!
[ign gazebo-1] [WARN] [1777389756.253826466] [joint_group_effort_controller]: 'ff_velocity_scale' parameters is not defined under 'gains.<joint_name>.' structure. Maybe you are using deprecated format 'ff_velocity_scale/<joint_name>'!
[ign gazebo-1] [WARN] [1777389756.254126089] [joint_group_effort_controller]: 'ff_velocity_scale' parameters is not defined under 'gains.<joint_name>.' structure. Maybe you are using deprecated format 'ff_velocity_scale/<joint_name>'!
[ign gazebo-1] [WARN] [1777389756.254453122] [joint_group_effort_controller]: 'ff_velocity_scale' parameters is not defined under 'gains.<joint_name>.' structure. Maybe you are using deprecated format 'ff_velocity_scale/<joint_name>'!
[ign gazebo-1] [WARN] [1777389756.254752601] [joint_group_effort_controller]: 'ff_velocity_scale' parameters is not defined under 'gains.<joint_name>.' structure. Maybe you are using deprecated format 'ff_velocity_scale/<joint_name>'!
[ign gazebo-1] [INFO] [1777389756.254993667] [joint_group_effort_controller]: Command interfaces are [effort] and state interfaces are [position velocity].
[ign gazebo-1] [INFO] [1777389756.255061603] [joint_group_effort_controller]: Using 'splines' interpolation method.
[ign gazebo-1] [INFO] [1777389756.256741679] [joint_group_effort_controller]: Controller state will be published at 100.00 Hz.
[ign gazebo-1] [INFO] [1777389756.260861542] [joint_group_effort_controller]: Goals with partial set of joints are allowed
[ign gazebo-1] [INFO] [1777389756.260906095] [joint_group_effort_controller]: Action status changes will be monitored at 20.00 Hz.
[spawner-12] [INFO] [1777389756.290409741] [spawner_joint_group_effort_controller]: [92mConfigured and activated [1mjoint_group_effort_controller[0m
[INFO] [spawner-12]: process has finished cleanly [pid 150859]
[mpc_node-16] [INFO] [1777389757.234763969] [mpc_node]: [MPC] #0001 ok=True cost=   258.3 solve=992.2 ms avg=992.2 ms  fails=0  security=False  vx_eff=1.00  scan_age=100 ms  path_wpts=63(raw=38)  robot=[-10.00,-8.00] setpt=[-8.80,-8.27]
[setpoint_to_cmd_vel_node-17] [INFO] [1777389757.235683639] [setpoint_to_cmd_vel_node]: [CMD_VEL] robot=(-10.08,-8.00)  setpt=(-8.80,-8.27)  dist=1.31m  vx=+0.80  vy=-0.30  wz=-0.01
[mpc_node-16] [INFO] [1777389757.245007131] [mpc_node]: [MPC] Received NEW A* path: 39 raw → 65 resampled | reset_filter=True
[mpc_node-16] [WARN] [1777389757.246207700] [mpc_node]: [MPC-OBS] 3911 pts in range | nearest 5: world=(-10.10,-6.52) body=(-0.07,+1.48) d=1.48m bear=+93° | world=(-9.98,-6.52) body=(+0.05,+1.48) d=1.48m bear=+88° | world=(-10.04,-6.52) body=(-0.01,+1.48) d=1.48m bear=+90° | world=(-10.06,-6.52) body=(-0.03,+1.48) d=1.48m bear=+91° | world=(-10.02,-6.51) body=(+0.01,+1.49) d=1.49m bear=+90°
[a_star_node-15] [INFO] [1777389757.322172479] [a_star_node]: [A*] NAVIGATING  dist_to_goal=22.10 m  robot=(-10.10,-8.00)  goal=(12.00,-8.00)  path=38 wpts  local_goal=(-0.85,-8.00)
[odom_to_pose_node-13] [INFO] [1777389757.337196908] [odom_to_pose_node]: [ODOM_BRIDGE] #00034  pos=(-10.0313, -8.0000)  vel=(0.3217, 0.0010)
[mpc_node-16] [WARN] [1777389757.507414571] [mpc_node]: [MPC] LiDAR scan stale (616 ms > 600 ms) — skipping obstacles
[mpc_node-16] [WARN] [1777389757.507712889] [mpc_node]: [MPC-OBS] NO obstacles fed to MPC this cycle (stale=616ms, lidar_pts=3911)
[mpc_node-16] [INFO] [1777389757.753001756] [mpc_node]: [MPC] #0003 ok=True cost=    28.1 solve= 26.7 ms avg=354.1 ms  fails=0  security=False  vx_eff=1.00  scan_age=616 ms  path_wpts=65(raw=39)  robot=[-10.10,-8.00] setpt=[-8.86,-8.26]
[mpc_node-16] [INFO] [1777389757.753707308] [mpc_node]: [MPC-DEBUG] /go2/pose received: pos=(-10.0485, -8.0001)  yaw=-0.0 deg  vel_body=(-0.08, -0.00, -0.00)
[a_star_node-15] [INFO] [1777389758.103695326] [a_star_node]: [A*-DEBUG] Planning from pose=(-9.9255, -8.1568)  goal=(12.00, -8.00)
[mpc_node-16] [WARN] [1777389758.128226848] [mpc_node]: [MPC-OBS] 3956 pts in range | nearest 5: world=(-9.96,-6.80) body=(+0.07,+1.20) d=1.21m bear=+86° | world=(-10.29,-6.82) body=(-0.26,+1.18) d=1.21m bear=+102° | world=(-10.34,-6.82) body=(-0.31,+1.18) d=1.22m bear=+105° | world=(-9.87,-6.79) body=(+0.16,+1.21) d=1.22m bear=+82° | world=(-10.28,-6.80) body=(-0.25,+1.20) d=1.22m bear=+102°
[setpoint_to_cmd_vel_node-17] [INFO] [1777389758.257103665] [setpoint_to_cmd_vel_node]: [CMD_VEL] robot=(-9.91,-8.19)  setpt=(-8.86,-8.26)  dist=1.05m  vx=+0.80  vy=-0.13  wz=+0.05
[a_star_node-15] [INFO] [1777389758.342148459] [a_star_node]: [A*] NAVIGATING  dist_to_goal=21.93 m  robot=(-9.93,-8.16)  goal=(12.00,-8.00)  path=38 wpts  local_goal=(-0.68,-8.16)
[mpc_node-16] [INFO] [1777389758.387034225] [mpc_node]: [MPC] #0004 ok=True cost=   930.2 solve= 30.7 ms avg=273.3 ms  fails=0  security=False  vx_eff=1.00  scan_age=167 ms  path_wpts=63(raw=38)  robot=[-10.03,-8.00] setpt=[-8.85,-8.23]
[mpc_node-16] [WARN] [1777389758.388882928] [mpc_node]: [MPC-OBS] NO obstacles fed to MPC this cycle (stale=779ms, lidar_pts=3956)
[mpc_node-16] [INFO] [1777389758.647619272] [mpc_node]: [MPC] Received NEW A* path: 38 raw → 63 resampled | reset_filter=False
[mpc_node-16] [WARN] [1777389758.796369726] [mpc_node]: [MPC-OBS] 1539 pts in range | nearest 5: world=(-10.18,-9.84) body=(-0.21,-1.66) d=1.67m bear=-97° | world=(-10.14,-9.85) body=(-0.17,-1.67) d=1.67m bear=-96° | world=(-9.97,-9.87) body=(+0.00,-1.68) d=1.68m bear=-90° | world=(-9.81,-9.87) body=(+0.16,-1.67) d=1.68m bear=-85° | world=(-9.96,-6.51) body=(-0.12,+1.68) d=1.68m bear=+94°
[mpc_node-16] [INFO] [1777389758.913242056] [mpc_node]: [MPC] #0006 ok=True cost=   235.2 solve= 33.7 ms avg=194.4 ms  fails=0  security=False  vx_eff=1.00  scan_age=134 ms  path_wpts=63(raw=38)  robot=[-9.91,-8.19] setpt=[-8.80,-8.18]
[setpoint_to_cmd_vel_node-17] [INFO] [1777389759.279737774] [setpoint_to_cmd_vel_node]: [CMD_VEL] robot=(-9.71,-8.25)  setpt=(-8.80,-8.18)  dist=0.91m  vx=+0.80  vy=+0.14  wz=+0.08
[odom_to_pose_node-13] [INFO] [1777389759.383352680] [odom_to_pose_node]: [ODOM_BRIDGE] #00074  pos=(-9.6760, -8.2373)  vel=(0.1729, 0.1344)
[mpc_node-16] [WARN] [1777389759.695068884] [mpc_node]: [MPC-OBS] 3915 pts in range | nearest 5: world=(-9.73,-9.89) body=(+0.21,-1.62) d=1.63m bear=-83° | world=(-9.80,-9.89) body=(+0.14,-1.63) d=1.64m bear=-85° | world=(-9.89,-9.89) body=(+0.05,-1.64) d=1.64m bear=-88° | world=(-9.67,-9.88) body=(+0.28,-1.61) d=1.64m bear=-80° | world=(-9.82,-9.89) body=(+0.12,-1.63) d=1.64m bear=-86°
[mpc_node-16] [INFO] [1777389759.936953141] [mpc_node]: [MPC] #0008 ok=True cost=   203.3 solve= 31.2 ms avg=153.0 ms  fails=0  security=False  vx_eff=1.00  scan_age=498 ms  path_wpts=63(raw=38)  robot=[-9.79,-8.25] setpt=[-8.72,-8.17]
[mpc_node-16] [INFO] [1777389759.937941235] [mpc_node]: [MPC-DEBUG] /go2/pose received: pos=(-9.6643, -8.2319)  yaw=-6.7 deg  vel_body=(0.05, -0.02, 0.04)
[mpc_node-16] [INFO] [1777389759.946509792] [mpc_node]: [MPC] Received NEW A* path: 38 raw → 63 resampled | reset_filter=False
[a_star_node-15] [INFO] [1777389760.148439106] [a_star_node]: [A*-DEBUG] Planning from pose=(-9.5282, -8.1623)  goal=(12.00, -8.00)
[setpoint_to_cmd_vel_node-17] [INFO] [1777389760.301344195] [setpoint_to_cmd_vel_node]: [CMD_VEL] robot=(-9.50,-8.16)  setpt=(-8.72,-8.17)  dist=0.77m  vx=+0.80  vy=-0.02  wz=-0.05
[mpc_node-16] [WARN] [1777389760.322536250] [mpc_node]: [MPC-OBS] 3942 pts in range | nearest 5: world=(-9.93,-6.65) body=(-0.45,+1.54) d=1.60m bear=+106° | world=(-9.93,-6.61) body=(-0.45,+1.58) d=1.64m bear=+106° | world=(-9.47,-6.60) body=(+0.01,+1.64) d=1.64m bear=+90° | world=(-9.55,-9.87) body=(+0.30,-1.61) d=1.64m bear=-79° | world=(-9.97,-6.62) body=(-0.49,+1.57) d=1.64m bear=+107°
[a_star_node-15] [INFO] [1777389760.389633889] [a_star_node]: [A*] NAVIGATING  dist_to_goal=21.53 m  robot=(-9.53,-8.16)  goal=(12.00,-8.00)  path=38 wpts  local_goal=(-0.28,-8.16)
[mpc_node-16] [INFO] [1777389760.582859580] [mpc_node]: [MPC] #0009 ok=True cost=   356.4 solve= 36.0 ms avg=140.0 ms  fails=0  security=False  vx_eff=1.00  scan_age=94 ms  path_wpts=63(raw=38)  robot=[-9.66,-8.23] setpt=[-8.70,-8.20]
[mpc_node-16] [WARN] [1777389760.584641629] [mpc_node]: [MPC] LiDAR scan stale (726 ms > 600 ms) — skipping obstacles
[mpc_node-16] [WARN] [1777389760.584994186] [mpc_node]: [MPC-OBS] NO obstacles fed to MPC this cycle (stale=726ms, lidar_pts=3942)
[mpc_node-16] [WARN] [1777389761.243521954] [mpc_node]: [MPC-OBS] 3969 pts in range | nearest 5: world=(-9.42,-6.52) body=(+0.21,+1.62) d=1.63m bear=+82° | world=(-9.44,-6.51) body=(+0.19,+1.63) d=1.64m bear=+83° | world=(-9.45,-6.51) body=(+0.19,+1.63) d=1.64m bear=+83° | world=(-9.46,-6.51) body=(+0.18,+1.63) d=1.64m bear=+84° | world=(-9.45,-6.51) body=(+0.19,+1.63) d=1.64m bear=+83°
[setpoint_to_cmd_vel_node-17] [INFO] [1777389761.329975060] [setpoint_to_cmd_vel_node]: [CMD_VEL] robot=(-9.29,-8.19)  setpt=(-8.67,-8.23)  dist=0.62m  vx=+0.76  vy=-0.07  wz=-0.01
[a_star_node-15] [INFO] [1777389761.430873146] [a_star_node]: [A*] NAVIGATING  dist_to_goal=21.32 m  robot=(-9.32,-8.18)  goal=(12.00,-8.00)  path=39 wpts  local_goal=(-0.07,-8.43)
[odom_to_pose_node-13] [INFO] [1777389761.433847199] [odom_to_pose_node]: [ODOM_BRIDGE] #00114  pos=(-9.2592, -8.1974)  vel=(0.1981, -0.0120)
[mpc_node-16] [INFO] [1777389761.503763686] [mpc_node]: [MPC] #0011 ok=True cost=   279.2 solve= 37.1 ms avg=121.2 ms  fails=0  security=False  vx_eff=1.00  scan_age=84 ms  path_wpts=63(raw=38)  robot=[-9.48,-8.15] setpt=[-8.63,-8.22]
[mpc_node-16] [WARN] [1777389761.505642328] [mpc_node]: [MPC-OBS] NO obstacles fed to MPC this cycle (stale=719ms, lidar_pts=3969)
[mpc_node-16] [INFO] [1777389761.769978927] [mpc_node]: [MPC] Received NEW A* path: 39 raw → 65 resampled | reset_filter=False
[mpc_node-16] [WARN] [1777389762.156375626] [mpc_node]: [MPC-OBS] 4028 pts in range | nearest 5: world=(-9.40,-6.58) body=(-0.04,+1.61) d=1.61m bear=+91° | world=(-9.30,-6.57) body=(+0.06,+1.62) d=1.63m bear=+88° | world=(-9.36,-6.56) body=(-0.00,+1.63) d=1.63m bear=+90° | world=(-9.34,-6.56) body=(+0.02,+1.63) d=1.63m bear=+89° | world=(-9.34,-6.56) body=(+0.02,+1.63) d=1.63m bear=+89°
[a_star_node-15] [INFO] [1777389762.206610376] [a_star_node]: [A*-DEBUG] Planning from pose=(-9.1149, -8.2132)  goal=(12.00, -8.00)
[setpoint_to_cmd_vel_node-17] [INFO] [1777389762.367074565] [setpoint_to_cmd_vel_node]: [CMD_VEL] robot=(-9.08,-8.21)  setpt=(-8.59,-8.22)  dist=0.49m  vx=+0.62  vy=+0.02  wz=+0.03
[mpc_node-16] [INFO] [1777389762.439254034] [mpc_node]: [MPC] #0013 ok=True cost=   164.2 solve= 47.5 ms avg=108.4 ms  fails=0  security=False  vx_eff=1.00  scan_age=269 ms  path_wpts=65(raw=39)  robot=[-9.29,-8.19] setpt=[-8.55,-8.24]
[mpc_node-16] [INFO] [1777389762.440013594] [mpc_node]: [MPC-DEBUG] /go2/pose received: pos=(-9.1587, -8.2108)  yaw=-2.0 deg  vel_body=(0.13, -0.04, 0.20)
[mpc_node-16] [WARN] [1777389762.440662493] [mpc_node]: [MPC] LiDAR scan stale (922 ms > 600 ms) — skipping obstacles
[mpc_node-16] [WARN] [1777389762.440936908] [mpc_node]: [MPC-OBS] NO obstacles fed to MPC this cycle (stale=922ms, lidar_pts=4028)
[a_star_node-15] [INFO] [1777389762.447900203] [a_star_node]: [A*] NAVIGATING  dist_to_goal=21.12 m  robot=(-9.11,-8.21)  goal=(12.00,-8.00)  path=38 wpts  local_goal=(0.14,-8.46)
[mpc_node-16] [WARN] [1777389763.099836915] [mpc_node]: [MPC-OBS] 4025 pts in range | nearest 5: world=(-8.92,-9.83) body=(+0.21,-1.61) d=1.62m bear=-83° | world=(-9.40,-9.84) body=(-0.27,-1.63) d=1.65m bear=-99° | world=(-9.03,-9.87) body=(+0.10,-1.65) d=1.65m bear=-86° | world=(-9.12,-9.87) body=(+0.01,-1.66) d=1.66m bear=-89° | world=(-9.15,-9.87) body=(-0.02,-1.66) d=1.66m bear=-91°
[setpoint_to_cmd_vel_node-17] [INFO] [1777389763.376469776] [setpoint_to_cmd_vel_node]: [CMD_VEL] robot=(-8.89,-8.22)  setpt=(-8.52,-8.25)  dist=0.38m  vx=+0.47  vy=-0.02  wz=+0.03
[mpc_node-16] [INFO] [1777389763.382975314] [mpc_node]: [MPC] #0015 ok=True cost=   520.5 solve= 47.2 ms avg= 99.7 ms  fails=0  security=False  vx_eff=1.00  scan_age=88 ms  path_wpts=63(raw=38)  robot=[-9.09,-8.22] setpt=[-8.48,-8.26]
[mpc_node-16] [WARN] [1777389763.384760718] [mpc_node]: [MPC-OBS] NO obstacles fed to MPC this cycle (stale=707ms, lidar_pts=4025)
[odom_to_pose_node-13] [INFO] [1777389763.480820100] [odom_to_pose_node]: [ODOM_BRIDGE] #00153  pos=(-8.8602, -8.2202)  vel=(0.2168, 0.0018)
[a_star_node-15] [INFO] [1777389763.506107773] [a_star_node]: [A*] NAVIGATING  dist_to_goal=20.91 m  robot=(-8.91,-8.21)  goal=(12.00,-8.00)  path=38 wpts  local_goal=(0.34,-8.46)
[mpc_node-16] [WARN] [1777389764.104538943] [mpc_node]: [MPC-OBS] 4732 pts in range | nearest 5: world=(-8.62,-9.83) body=(+0.43,-1.59) d=1.65m bear=-75° | world=(-8.96,-6.56) body=(-0.17,+1.65) d=1.65m bear=+96° | world=(-8.74,-9.86) body=(+0.31,-1.63) d=1.66m bear=-79° | world=(-8.74,-9.86) body=(+0.31,-1.63) d=1.66m bear=-79° | world=(-8.98,-9.87) body=(+0.07,-1.66) d=1.66m bear=-88°
[a_star_node-15] [INFO] [1777389764.298224412] [a_star_node]: [A*-DEBUG] Planning from pose=(-8.7045, -8.2363)  goal=(12.00, -8.00)
[mpc_node-16] [INFO] [1777389764.399756044] [mpc_node]: [MPC] #0017 ok=True cost=   405.4 solve= 30.0 ms avg= 91.6 ms  fails=0  security=False  vx_eff=1.00  scan_age=156 ms  path_wpts=63(raw=38)  robot=[-8.92,-8.21] setpt=[-8.40,-8.28]
[setpoint_to_cmd_vel_node-17] [INFO] [1777389764.400707043] [setpoint_to_cmd_vel_node]: [CMD_VEL] robot=(-8.69,-8.24)  setpt=(-8.40,-8.28)  dist=0.29m  vx=+0.34  vy=-0.02  wz=+0.05
[mpc_node-16] [INFO] [1777389764.403252617] [mpc_node]: [MPC] Received NEW A* path: 38 raw → 63 resampled | reset_filter=False
[mpc_node-16] [WARN] [1777389764.404051590] [mpc_node]: [MPC] LiDAR scan stale (900 ms > 600 ms) — skipping obstacles
[mpc_node-16] [WARN] [1777389764.404388553] [mpc_node]: [MPC-OBS] NO obstacles fed to MPC this cycle (stale=900ms, lidar_pts=4732)
[a_star_node-15] [INFO] [1777389764.528558020] [a_star_node]: [A*] NAVIGATING  dist_to_goal=20.71 m  robot=(-8.70,-8.24)  goal=(12.00,-8.00)  path=38 wpts  local_goal=(0.55,-8.24)
[mpc_node-16] [INFO] [1777389764.720842796] [mpc_node]: [MPC-DEBUG] /go2/pose received: pos=(-8.7045, -8.2363)  yaw=-5.8 deg  vel_body=(0.16, -0.01, -0.11)
[mpc_node-16] [WARN] [1777389764.728298333] [mpc_node]: [MPC-OBS] 3984 pts in range | nearest 5: world=(-8.70,-9.88) body=(+0.17,-1.64) d=1.65m bear=-84° | world=(-8.81,-9.89) body=(+0.06,-1.65) d=1.65m bear=-88° | world=(-8.67,-9.89) body=(+0.20,-1.64) d=1.65m bear=-83° | world=(-8.76,-9.89) body=(+0.11,-1.65) d=1.65m bear=-86° | world=(-8.72,-9.89) body=(+0.15,-1.65) d=1.66m bear=-85°
[mpc_node-16] [INFO] [1777389764.986875806] [mpc_node]: [MPC] #0019 ok=True cost=   479.9 solve= 32.2 ms avg= 85.6 ms  fails=0  security=False  vx_eff=1.00  scan_age=113 ms  path_wpts=63(raw=38)  robot=[-8.70,-8.24] setpt=[-8.32,-8.29]
[mpc_node-16] [WARN] [1777389765.376791731] [mpc_node]: [MPC-OBS] 3984 pts in range | nearest 5: world=(-8.70,-9.88) body=(-0.03,-1.64) d=1.64m bear=-91° | world=(-8.67,-9.89) body=(+0.00,-1.65) d=1.65m bear=-90° | world=(-8.81,-9.89) body=(-0.14,-1.64) d=1.65m bear=-95° | world=(-8.76,-9.89) body=(-0.09,-1.65) d=1.65m bear=-93° | world=(-8.72,-9.89) body=(-0.05,-1.65) d=1.65m bear=-92°
[setpoint_to_cmd_vel_node-17] [INFO] [1777389765.424153857] [setpoint_to_cmd_vel_node]: [CMD_VEL] robot=(-8.49,-8.26)  setpt=(-8.32,-8.29)  dist=0.18m  STOPPED  vx=+0.20  vy=-0.01  wz=+0.02
[odom_to_pose_node-13] [INFO] [1777389765.527434054] [odom_to_pose_node]: [ODOM_BRIDGE] #00193  pos=(-8.4710, -8.2642)  vel=(0.1610, 0.0100)
[a_star_node-15] [INFO] [1777389765.627709558] [a_star_node]: [A*] NAVIGATING  dist_to_goal=20.51 m  robot=(-8.51,-8.26)  goal=(12.00,-8.00)  path=39 wpts  local_goal=(0.74,-8.26)
[mpc_node-16] [INFO] [1777389765.641578704] [mpc_node]: [MPC] #0020 ok=True cost=   254.2 solve= 41.8 ms avg= 83.4 ms  fails=0  security=False  vx_eff=1.00  scan_age=374 ms  path_wpts=63(raw=38)  robot=[-8.66,-8.24] setpt=[-8.28,-8.29]
[mpc_node-16] [WARN] [1777389766.103668542] [mpc_node]: [MPC-OBS] 4708 pts in range | nearest 5: world=(-8.54,-9.84) body=(+0.16,-1.58) d=1.59m bear=-84° | world=(-8.44,-9.84) body=(+0.25,-1.57) d=1.59m bear=-81° | world=(-8.36,-9.84) body=(+0.33,-1.56) d=1.59m bear=-78° | world=(-8.41,-9.85) body=(+0.28,-1.58) d=1.60m bear=-80° | world=(-8.28,-9.85) body=(+0.41,-1.56) d=1.61m bear=-75°
[a_star_node-15] [INFO] [1777389766.346551104] [a_star_node]: [A*-DEBUG] Planning from pose=(-8.4723, -8.2680)  goal=(12.00, -8.00)
[mpc_node-16] [INFO] [1777389766.403059485] [mpc_node]: [MPC] #0021 ok=True cost=   292.2 solve= 38.3 ms avg= 81.2 ms  fails=0  security=False  vx_eff=1.00  scan_age=111 ms  path_wpts=63(raw=38)  robot=[-8.53,-8.25] setpt=[-8.24,-8.29]
[mpc_node-16] [INFO] [1777389766.406545054] [mpc_node]: [MPC] Received NEW A* path: 39 raw → 65 resampled | reset_filter=False
[mpc_node-16] [WARN] [1777389766.407624959] [mpc_node]: [MPC] LiDAR scan stale (856 ms > 600 ms) — skipping obstacles
[mpc_node-16] [WARN] [1777389766.408168547] [mpc_node]: [MPC-OBS] NO obstacles fed to MPC this cycle (stale=856ms, lidar_pts=4708)
[setpoint_to_cmd_vel_node-17] [INFO] [1777389766.449787161] [setpoint_to_cmd_vel_node]: [CMD_VEL] robot=(-8.48,-8.27)  setpt=(-8.24,-8.29)  dist=0.24m  vx=+0.02  vy=-0.00  wz=+0.01
[mpc_node-16] [WARN] [1777389766.707207141] [mpc_node]: [MPC-OBS] 4360 pts in range | nearest 5: world=(-8.49,-9.90) body=(+0.18,-1.62) d=1.63m bear=-84° | world=(-8.48,-9.90) body=(+0.19,-1.62) d=1.64m bear=-83° | world=(-8.44,-9.90) body=(+0.23,-1.62) d=1.64m bear=-82° | world=(-8.51,-9.90) body=(+0.16,-1.63) d=1.64m bear=-84° | world=(-8.43,-9.90) body=(+0.24,-1.62) d=1.64m bear=-81°
[mpc_node-16] [INFO] [1777389766.984514107] [mpc_node]: [MPC] #0023 ok=True cost=   264.2 solve= 33.0 ms avg= 76.8 ms  fails=0  security=False  vx_eff=1.00  scan_age=144 ms  path_wpts=65(raw=39)  robot=[-8.46,-8.26] setpt=[-8.16,-8.28]
[mpc_node-16] [INFO] [1777389766.985285632] [mpc_node]: [MPC-DEBUG] /go2/pose received: pos=(-8.4898, -8.2631)  yaw=0.0 deg  vel_body=(0.04, -0.00, 0.06)
[mpc_node-16] [WARN] [1777389767.439703682] [mpc_node]: [MPC-OBS] 4360 pts in range | nearest 5: world=(-8.49,-9.90) body=(-0.01,-1.63) d=1.63m bear=-90° | world=(-8.51,-9.90) body=(-0.02,-1.63) d=1.63m bear=-91° | world=(-8.48,-9.90) body=(+0.01,-1.63) d=1.63m bear=-90° | world=(-8.44,-9.90) body=(+0.05,-1.63) d=1.64m bear=-88° | world=(-8.43,-9.90) body=(+0.06,-1.64) d=1.64m bear=-88°
[setpoint_to_cmd_vel_node-17] [INFO] [1777389767.472115444] [setpoint_to_cmd_vel_node]: [CMD_VEL] robot=(-8.48,-8.27)  setpt=(-8.16,-8.28)  dist=0.32m  vx=+0.36  vy=+0.01  wz=+0.05
[odom_to_pose_node-13] [INFO] [1777389767.575239365] [odom_to_pose_node]: [ODOM_BRIDGE] #00233  pos=(-8.4444, -8.2642)  vel=(0.2411, 0.0361)
[a_star_node-15] [INFO] [1777389767.638999226] [a_star_node]: [A*] NAVIGATING  dist_to_goal=20.49 m  robot=(-8.49,-8.27)  goal=(12.00,-8.00)  path=38 wpts  local_goal=(0.76,-8.27)
[mpc_node-16] [INFO] [1777389767.728023607] [mpc_node]: [MPC] #0024 ok=True cost=   254.1 solve= 35.1 ms avg= 75.1 ms  fails=0  security=False  vx_eff=1.00  scan_age=424 ms  path_wpts=65(raw=39)  robot=[-8.49,-8.26] setpt=[-8.12,-8.28]
[mpc_node-16] [WARN] [1777389768.182135387] [mpc_node]: [MPC-OBS] 4336 pts in range | nearest 5: world=(-8.57,-9.82) body=(+0.10,-1.55) d=1.56m bear=-86° | world=(-8.45,-9.83) body=(+0.23,-1.55) d=1.57m bear=-82° | world=(-8.59,-9.84) body=(+0.08,-1.58) d=1.58m bear=-87° | world=(-8.58,-9.85) body=(+0.10,-1.58) d=1.59m bear=-86° | world=(-8.50,-9.86) body=(+0.17,-1.58) d=1.59m bear=-84°
[a_star_node-15] [INFO] [1777389768.405762408] [a_star_node]: [A*-DEBUG] Planning from pose=(-8.2902, -8.2721)  goal=(12.00, -8.00)
[mpc_node-16] [INFO] [1777389768.471025128] [mpc_node]: [MPC] #0025 ok=True cost=   352.2 solve= 42.5 ms avg= 73.8 ms  fails=0  security=False  vx_eff=1.00  scan_age=151 ms  path_wpts=65(raw=39)  robot=[-8.50,-8.26] setpt=[-8.08,-8.28]
[mpc_node-16] [INFO] [1777389768.474156202] [mpc_node]: [MPC] Received NEW A* path: 38 raw → 63 resampled | reset_filter=False
[mpc_node-16] [WARN] [1777389768.474901639] [mpc_node]: [MPC] LiDAR scan stale (864 ms > 600 ms) — skipping obstacles
[mpc_node-16] [WARN] [1777389768.475302912] [mpc_node]: [MPC-OBS] NO obstacles fed to MPC this cycle (stale=864ms, lidar_pts=4336)
[setpoint_to_cmd_vel_node-17] [INFO] [1777389768.508863577] [setpoint_to_cmd_vel_node]: [CMD_VEL] robot=(-8.27,-8.28)  setpt=(-8.08,-8.28)  dist=0.19m  STOPPED  vx=+0.18  vy=-0.00  wz=+0.00
[a_star_node-15] [INFO] [1777389768.653229047] [a_star_node]: [A*] NAVIGATING  dist_to_goal=20.29 m  robot=(-8.29,-8.27)  goal=(12.00,-8.00)  path=38 wpts  local_goal=(0.96,-8.27)
[mpc_node-16] [WARN] [1777389768.769097903] [mpc_node]: [MPC-OBS] 4317 pts in range | nearest 5: world=(-8.29,-9.89) body=(+0.13,-1.61) d=1.62m bear=-85° | world=(-8.31,-9.89) body=(+0.12,-1.62) d=1.62m bear=-86° | world=(-8.33,-9.89) body=(+0.10,-1.62) d=1.62m bear=-87° | world=(-8.38,-9.89) body=(+0.04,-1.62) d=1.63m bear=-88° | world=(-8.26,-9.89) body=(+0.17,-1.62) d=1.63m bear=-84°
[mpc_node-16] [INFO] [1777389769.046403943] [mpc_node]: [MPC] #0027 ok=True cost=   280.7 solve= 37.3 ms avg= 71.1 ms  fails=0  security=False  vx_eff=1.00  scan_age=147 ms  path_wpts=63(raw=38)  robot=[-8.31,-8.27] setpt=[-8.00,-8.28]
[mpc_node-16] [INFO] [1777389769.047336343] [mpc_node]: [MPC-DEBUG] /go2/pose received: pos=(-8.2575, -8.2746)  yaw=1.7 deg  vel_body=(0.12, -0.00, 0.08)
[setpoint_to_cmd_vel_node-17] [INFO] [1777389769.514834986] [setpoint_to_cmd_vel_node]: [CMD_VEL] robot=(-8.24,-8.28)  setpt=(-8.00,-8.28)  dist=0.24m  vx=+0.26  vy=+0.02  wz=+0.05
[mpc_node-16] [WARN] [1777389769.532862213] [mpc_node]: [MPC-OBS] 4317 pts in range | nearest 5: world=(-8.29,-9.89) body=(-0.08,-1.61) d=1.61m bear=-93° | world=(-8.31,-9.89) body=(-0.10,-1.61) d=1.62m bear=-94° | world=(-8.26,-9.89) body=(-0.05,-1.62) d=1.62m bear=-92° | world=(-8.26,-9.89) body=(-0.05,-1.62) d=1.62m bear=-92° | world=(-8.10,-9.89) body=(+0.11,-1.61) d=1.62m bear=-86°
[odom_to_pose_node-13] [INFO] [1777389769.617557453] [odom_to_pose_node]: [ODOM_BRIDGE] #00272  pos=(-8.2322, -8.2742)  vel=(0.0876, 0.0551)
[a_star_node-15] [INFO] [1777389769.696150565] [a_star_node]: [A*] NAVIGATING  dist_to_goal=20.24 m  robot=(-8.24,-8.28)  goal=(12.00,-8.00)  path=38 wpts  local_goal=(1.01,-8.28)
[mpc_node-16] [INFO] [1777389769.842303418] [mpc_node]: [MPC] #0028 ok=True cost=   298.1 solve= 43.3 ms avg= 70.1 ms  fails=0  security=False  vx_eff=1.00  scan_age=424 ms  path_wpts=63(raw=38)  robot=[-8.26,-8.27] setpt=[-7.96,-8.28]
[mpc_node-16] [WARN] [1777389770.293641983] [mpc_node]: [MPC-OBS] 4317 pts in range | nearest 5: world=(-8.28,-9.84) body=(+0.12,-1.56) d=1.57m bear=-86° | world=(-8.40,-9.83) body=(-0.01,-1.57) d=1.57m bear=-90° | world=(-8.00,-9.84) body=(+0.39,-1.54) d=1.59m bear=-76° | world=(-8.25,-9.87) body=(+0.15,-1.59) d=1.60m bear=-85° | world=(-7.94,-9.84) body=(+0.46,-1.53) d=1.60m bear=-73°
[a_star_node-15] [INFO] [1777389770.488362211] [a_star_node]: [A*-DEBUG] Planning from pose=(-8.1056, -8.2757)  goal=(12.00, -8.00)
[setpoint_to_cmd_vel_node-17] [INFO] [1777389770.540479451] [setpoint_to_cmd_vel_node]: [CMD_VEL] robot=(-8.10,-8.28)  setpt=(-7.96,-8.28)  dist=0.14m  STOPPED  vx=+0.10  vy=+0.00  wz=+0.00
[mpc_node-16] [INFO] [1777389770.570676792] [mpc_node]: [MPC] #0029 ok=True cost=   329.2 solve= 31.3 ms avg= 68.7 ms  fails=0  security=False  vx_eff=1.00  scan_age=171 ms  path_wpts=63(raw=38)  robot=[-8.24,-8.27] setpt=[-7.92,-8.27]
[mpc_node-16] [INFO] [1777389770.573744751] [mpc_node]: [MPC] Received NEW A* path: 38 raw → 63 resampled | reset_filter=False
[mpc_node-16] [WARN] [1777389770.574456728] [mpc_node]: [MPC] LiDAR scan stale (880 ms > 600 ms) — skipping obstacles
[mpc_node-16] [WARN] [1777389770.574868363] [mpc_node]: [MPC-OBS] NO obstacles fed to MPC this cycle (stale=880ms, lidar_pts=4317)
[a_star_node-15] [INFO] [1777389770.750571093] [a_star_node]: [A*] NAVIGATING  dist_to_goal=20.11 m  robot=(-8.11,-8.28)  goal=(12.00,-8.00)  path=39 wpts  local_goal=(1.14,-8.53)
[mpc_node-16] [WARN] [1777389770.862479922] [mpc_node]: [MPC-OBS] 4277 pts in range | nearest 5: world=(-7.94,-9.88) body=(+0.31,-1.58) d=1.61m bear=-79° | world=(-8.20,-9.88) body=(+0.04,-1.61) d=1.61m bear=-88° | world=(-8.04,-9.89) body=(+0.20,-1.60) d=1.61m bear=-83° | world=(-8.02,-9.89) body=(+0.22,-1.60) d=1.62m bear=-82° | world=(-8.09,-9.89) body=(+0.15,-1.61) d=1.62m bear=-85°
[mpc_node-16] [INFO] [1777389771.154542682] [mpc_node]: [MPC] #0031 ok=True cost=   288.2 solve= 33.7 ms avg= 66.5 ms  fails=0  security=False  vx_eff=1.00  scan_age=156 ms  path_wpts=63(raw=38)  robot=[-8.11,-8.27] setpt=[-7.84,-8.27]
[mpc_node-16] [INFO] [1777389771.155353022] [mpc_node]: [MPC-DEBUG] /go2/pose received: pos=(-8.0935, -8.2765)  yaw=2.5 deg  vel_body=(0.11, 0.00, 0.10)
[setpoint_to_cmd_vel_node-17] [INFO] [1777389771.564829073] [setpoint_to_cmd_vel_node]: [CMD_VEL] robot=(-8.13,-8.28)  setpt=(-7.84,-8.27)  dist=0.29m  vx=+0.26  vy=+0.02  wz=+0.05
[mpc_node-16] [WARN] [1777389771.603724689] [mpc_node]: [MPC-OBS] 4277 pts in range | nearest 5: world=(-7.94,-9.88) body=(+0.09,-1.61) d=1.61m bear=-87° | world=(-8.04,-9.89) body=(-0.02,-1.61) d=1.61m bear=-91° | world=(-8.20,-9.88) body=(-0.18,-1.60) d=1.61m bear=-96° | world=(-8.02,-9.89) body=(+0.00,-1.61) d=1.61m bear=-90° | world=(-8.09,-9.89) body=(-0.07,-1.61) d=1.61m bear=-92°
[odom_to_pose_node-13] [INFO] [1777389771.668464381] [odom_to_pose_node]: [ODOM_BRIDGE] #00312  pos=(-8.1177, -8.2739)  vel=(0.0817, 0.0623)
[a_star_node-15] [INFO] [1777389771.765870123] [a_star_node]: [A*] NAVIGATING  dist_to_goal=20.13 m  robot=(-8.13,-8.28)  goal=(12.00,-8.00)  path=38 wpts  local_goal=(1.12,-8.28)
[mpc_node-16] [INFO] [1777389771.905362783] [mpc_node]: [MPC] #0032 ok=True cost=   561.7 solve= 41.9 ms avg= 65.8 ms  fails=0  security=False  vx_eff=1.00  scan_age=450 ms  path_wpts=65(raw=39)  robot=[-8.09,-8.28] setpt=[-7.80,-8.28]
[mpc_node-16] [WARN] [1777389772.390123919] [mpc_node]: [MPC-OBS] 4659 pts in range | nearest 5: world=(-7.97,-9.87) body=(+0.30,-1.58) d=1.61m bear=-79° | world=(-7.99,-9.87) body=(+0.29,-1.58) d=1.61m bear=-80° | world=(-8.15,-9.88) body=(+0.13,-1.61) d=1.61m bear=-85° | world=(-7.98,-9.88) body=(+0.30,-1.59) d=1.61m bear=-79° | world=(-7.82,-9.86) body=(+0.45,-1.55) d=1.62m bear=-74°
[a_star_node-15] [INFO] [1777389772.536107869] [a_star_node]: [A*-DEBUG] Planning from pose=(-7.9640, -8.2719)  goal=(12.00, -8.00)
[setpoint_to_cmd_vel_node-17] [INFO] [1777389772.588017757] [setpoint_to_cmd_vel_node]: [CMD_VEL] robot=(-7.95,-8.27)  setpt=(-7.80,-8.28)  dist=0.15m  STOPPED  vx=+0.17  vy=-0.00  wz=-0.00
[mpc_node-16] [INFO] [1777389772.697504431] [mpc_node]: [MPC] #0033 ok=True cost=   694.1 solve= 42.7 ms avg= 65.1 ms  fails=0  security=False  vx_eff=1.00  scan_age=83 ms  path_wpts=65(raw=39)  robot=[-8.13,-8.27] setpt=[-7.76,-8.29]
[mpc_node-16] [INFO] [1777389772.701092272] [mpc_node]: [MPC] Received NEW A* path: 38 raw → 63 resampled | reset_filter=False
[mpc_node-16] [WARN] [1777389772.701886591] [mpc_node]: [MPC] LiDAR scan stale (858 ms > 600 ms) — skipping obstacles
[mpc_node-16] [WARN] [1777389772.702307577] [mpc_node]: [MPC-OBS] NO obstacles fed to MPC this cycle (stale=858ms, lidar_pts=4659)
[a_star_node-15] [INFO] [1777389772.781222507] [a_star_node]: [A*] NAVIGATING  dist_to_goal=19.97 m  robot=(-7.96,-8.27)  goal=(12.00,-8.00)  path=38 wpts  local_goal=(1.29,-8.27)
[mpc_node-16] [WARN] [1777389773.030319089] [mpc_node]: [MPC-OBS] 3871 pts in range | nearest 5: world=(-7.92,-9.89) body=(+0.12,-1.61) d=1.61m bear=-86° | world=(-7.90,-9.89) body=(+0.13,-1.61) d=1.62m bear=-85° | world=(-7.84,-9.89) body=(+0.20,-1.60) d=1.62m bear=-83° | world=(-7.85,-9.89) body=(+0.18,-1.61) d=1.62m bear=-83° | world=(-8.03,-9.89) body=(+0.01,-1.62) d=1.62m bear=-90°
[mpc_node-16] [INFO] [1777389773.293344387] [mpc_node]: [MPC] #0035 ok=True cost=   282.5 solve= 37.9 ms avg= 63.8 ms  fails=0  security=False  vx_eff=1.00  scan_age=73 ms  path_wpts=63(raw=38)  robot=[-7.95,-8.27] setpt=[-7.68,-8.29]
[mpc_node-16] [INFO] [1777389773.294467357] [mpc_node]: [MPC-DEBUG] /go2/pose received: pos=(-7.9263, -8.2709)  yaw=2.3 deg  vel_body=(0.12, 0.00, 0.09)
[setpoint_to_cmd_vel_node-17] [INFO] [1777389773.612431039] [setpoint_to_cmd_vel_node]: [CMD_VEL] robot=(-7.95,-8.28)  setpt=(-7.68,-8.29)  dist=0.27m  vx=+0.24  vy=-0.00  wz=+0.03
[mpc_node-16] [WARN] [1777389773.662099438] [mpc_node]: [MPC-OBS] 3871 pts in range | nearest 5: world=(-7.90,-9.89) body=(-0.04,-1.62) d=1.62m bear=-92° | world=(-7.92,-9.89) body=(-0.06,-1.62) d=1.62m bear=-92° | world=(-7.84,-9.89) body=(+0.02,-1.62) d=1.62m bear=-89° | world=(-7.85,-9.89) body=(+0.01,-1.62) d=1.62m bear=-90° | world=(-8.03,-9.89) body=(-0.17,-1.62) d=1.62m bear=-96°
[odom_to_pose_node-13] [INFO] [1777389773.717049673] [odom_to_pose_node]: [ODOM_BRIDGE] #00352  pos=(-7.9415, -8.2760)  vel=(0.0754, 0.0483)
[a_star_node-15] [INFO] [1777389773.797438893] [a_star_node]: [A*] NAVIGATING  dist_to_goal=19.95 m  robot=(-7.95,-8.27)  goal=(12.00,-8.00)  path=38 wpts  local_goal=(1.30,-8.52)
[mpc_node-16] [INFO] [1777389773.929377301] [mpc_node]: [MPC] #0036 ok=True cost=   287.0 solve= 37.5 ms avg= 63.0 ms  fails=0  security=False  vx_eff=1.00  scan_age=340 ms  path_wpts=63(raw=38)  robot=[-7.93,-8.27] setpt=[-7.64,-8.29]
[mpc_node-16] [WARN] [1777389774.315708492] [mpc_node]: [MPC-OBS] 3865 pts in range | nearest 5: world=(-7.88,-9.80) body=(+0.19,-1.52) d=1.53m bear=-83° | world=(-8.01,-9.84) body=(+0.05,-1.57) d=1.58m bear=-88° | world=(-8.03,-9.85) body=(+0.04,-1.58) d=1.58m bear=-89° | world=(-7.74,-9.83) body=(+0.33,-1.54) d=1.58m bear=-78° | world=(-8.00,-9.85) body=(+0.07,-1.58) d=1.58m bear=-87°
[mpc_node-16] [INFO] [1777389774.572195117] [mpc_node]: [MPC] #0037 ok=True cost=   342.1 solve= 28.7 ms avg= 62.1 ms  fails=0  security=False  vx_eff=1.00  scan_age=158 ms  path_wpts=63(raw=38)  robot=[-7.95,-8.27] setpt=[-7.60,-8.28]
[mpc_node-16] [INFO] [1777389774.575058596] [mpc_node]: [MPC] Received NEW A* path: 38 raw → 63 resampled | reset_filter=False
[mpc_node-16] [WARN] [1777389774.575967486] [mpc_node]: [MPC] LiDAR scan stale (777 ms > 600 ms) — skipping obstacles
[mpc_node-16] [WARN] [1777389774.576243122] [mpc_node]: [MPC-OBS] NO obstacles fed to MPC this cycle (stale=777ms, lidar_pts=3865)
[a_star_node-15] [INFO] [1777389774.596239792] [a_star_node]: [A*-DEBUG] Planning from pose=(-7.7959, -8.2797)  goal=(12.00, -8.00)
[setpoint_to_cmd_vel_node-17] [INFO] [1777389774.648021729] [setpoint_to_cmd_vel_node]: [CMD_VEL] robot=(-7.79,-8.28)  setpt=(-7.60,-8.28)  dist=0.19m  STOPPED  vx=+0.15  vy=-0.00  wz=+0.00
[a_star_node-15] [INFO] [1777389774.824259548] [a_star_node]: [A*] NAVIGATING  dist_to_goal=19.80 m  robot=(-7.80,-8.28)  goal=(12.00,-8.00)  path=38 wpts  local_goal=(1.45,-8.28)
[mpc_node-16] [WARN] [1777389775.264533129] [mpc_node]: [MPC-OBS] 4558 pts in range | nearest 5: world=(-7.97,-9.81) body=(-0.20,-1.52) d=1.54m bear=-97° | world=(-7.76,-9.83) body=(+0.01,-1.55) d=1.55m bear=-89° | world=(-7.78,-9.83) body=(-0.00,-1.55) d=1.55m bear=-90° | world=(-7.76,-9.83) body=(+0.01,-1.55) d=1.55m bear=-90° | world=(-8.06,-9.82) body=(-0.29,-1.53) d=1.56m bear=-101°
[mpc_node-16] [INFO] [1777389775.563426565] [mpc_node]: [MPC] #0039 ok=True cost=   638.9 solve= 42.9 ms avg= 60.9 ms  fails=0  security=False  vx_eff=1.00  scan_age=142 ms  path_wpts=63(raw=38)  robot=[-7.83,-8.28] setpt=[-7.52,-8.30]
[mpc_node-16] [INFO] [1777389775.564143335] [mpc_node]: [MPC-DEBUG] /go2/pose received: pos=(-7.7727, -8.2796)  yaw=-4.2 deg  vel_body=(0.14, 0.00, 0.17)
[mpc_node-16] [WARN] [1777389775.567231309] [mpc_node]: [MPC-OBS] NO obstacles fed to MPC this cycle (stale=846ms, lidar_pts=4558)
[setpoint_to_cmd_vel_node-17] [INFO] [1777389775.670999781] [setpoint_to_cmd_vel_node]: [CMD_VEL] robot=(-7.73,-8.29)  setpt=(-7.52,-8.30)  dist=0.21m  vx=+0.24  vy=-0.00  wz=+0.04
[odom_to_pose_node-13] [INFO] [1777389775.722896841] [odom_to_pose_node]: [ODOM_BRIDGE] #00391  pos=(-7.7182, -8.2902)  vel=(0.1240, 0.0034)
[mpc_node-16] [WARN] [1777389775.888312252] [mpc_node]: [MPC-OBS] 4560 pts in range | nearest 5: world=(-7.71,-9.87) body=(+0.02,-1.59) d=1.59m bear=-89° | world=(-7.76,-9.87) body=(-0.03,-1.59) d=1.59m bear=-91° | world=(-7.72,-9.87) body=(+0.00,-1.59) d=1.59m bear=-90° | world=(-7.76,-9.87) body=(-0.03,-1.59) d=1.59m bear=-91° | world=(-7.79,-9.88) body=(-0.07,-1.59) d=1.60m bear=-92°
[a_star_node-15] [INFO] [1777389775.895953090] [a_star_node]: [A*] NAVIGATING  dist_to_goal=19.74 m  robot=(-7.74,-8.28)  goal=(12.00,-8.00)  path=38 wpts  local_goal=(1.51,-8.28)
[mpc_node-16] [INFO] [1777389776.188179679] [mpc_node]: [MPC] #0041 ok=True cost=   314.8 solve= 34.0 ms avg= 59.6 ms  fails=0  security=False  vx_eff=1.00  scan_age=150 ms  path_wpts=63(raw=38)  robot=[-7.77,-8.28] setpt=[-7.44,-8.30]
[a_star_node-15] [INFO] [1777389776.647020631] [a_star_node]: [A*-DEBUG] Planning from pose=(-7.6181, -8.2895)  goal=(12.00, -8.00)
[mpc_node-16] [WARN] [1777389776.682648685] [mpc_node]: [MPC-OBS] 4560 pts in range | nearest 5: world=(-7.71,-9.87) body=(+0.03,-1.58) d=1.58m bear=-89° | world=(-7.76,-9.87) body=(-0.03,-1.58) d=1.58m bear=-91° | world=(-7.72,-9.87) body=(+0.01,-1.58) d=1.58m bear=-90° | world=(-7.76,-9.87) body=(-0.03,-1.58) d=1.58m bear=-91° | world=(-7.69,-9.88) body=(+0.04,-1.59) d=1.59m bear=-88°
[setpoint_to_cmd_vel_node-17] [INFO] [1777389776.698156397] [setpoint_to_cmd_vel_node]: [CMD_VEL] robot=(-7.61,-8.29)  setpt=(-7.44,-8.30)  dist=0.17m  STOPPED  vx=+0.17  vy=-0.00  wz=-0.00
[mpc_node-16] [INFO] [1777389776.979958906] [mpc_node]: [MPC] #0042 ok=True cost=   286.8 solve= 40.9 ms avg= 59.2 ms  fails=0  security=False  vx_eff=1.00  scan_age=452 ms  path_wpts=63(raw=38)  robot=[-7.72,-8.29] setpt=[-7.41,-8.30]
[mpc_node-16] [INFO] [1777389777.005652150] [mpc_node]: [MPC] Received NEW A* path: 38 raw → 63 resampled | reset_filter=False
[mpc_node-16] [WARN] [1777389777.472547198] [mpc_node]: [MPC-OBS] 4182 pts in range | nearest 5: world=(-7.66,-9.87) body=(+0.03,-1.59) d=1.59m bear=-89° | world=(-7.68,-9.88) body=(+0.01,-1.59) d=1.59m bear=-90° | world=(-7.68,-9.88) body=(+0.00,-1.59) d=1.59m bear=-90° | world=(-7.61,-9.88) body=(+0.08,-1.59) d=1.60m bear=-87° | world=(-7.72,-9.88) body=(-0.03,-1.60) d=1.60m bear=-91°
[setpoint_to_cmd_vel_node-17] [INFO] [1777389777.721370776] [setpoint_to_cmd_vel_node]: [CMD_VEL] robot=(-7.62,-8.29)  setpt=(-7.41,-8.30)  dist=0.22m  vx=+0.09  vy=+0.01  wz=+0.05
[mpc_node-16] [INFO] [1777389777.752057440] [mpc_node]: [MPC] #0043 ok=True cost=   283.5 solve= 40.4 ms avg= 58.8 ms  fails=0  security=False  vx_eff=1.00  scan_age=126 ms  path_wpts=63(raw=38)  robot=[-7.64,-8.28] setpt=[-7.37,-8.29]
[mpc_node-16] [INFO] [1777389777.753190758] [mpc_node]: [MPC-DEBUG] /go2/pose received: pos=(-7.5893, -8.2968)  yaw=-0.4 deg  vel_body=(0.12, -0.01, 0.12)
[mpc_node-16] [WARN] [1777389777.757215440] [mpc_node]: [MPC] LiDAR scan stale (881 ms > 600 ms) — skipping obstacles
[mpc_node-16] [WARN] [1777389777.757780913] [mpc_node]: [MPC-OBS] NO obstacles fed to MPC this cycle (stale=881ms, lidar_pts=4182)
[odom_to_pose_node-13] [INFO] [1777389777.772923653] [odom_to_pose_node]: [ODOM_BRIDGE] #00431  pos=(-7.6290, -8.2964)  vel=(-0.0427, -0.0083)
[a_star_node-15] [INFO] [1777389777.900949356] [a_star_node]: [A*] NAVIGATING  dist_to_goal=19.62 m  robot=(-7.62,-8.29)  goal=(12.00,-8.00)  path=38 wpts  local_goal=(1.63,-8.29)
[mpc_node-16] [WARN] [1777389778.091043226] [mpc_node]: [MPC-OBS] 4217 pts in range | nearest 5: world=(-7.70,-9.89) body=(+0.06,-1.60) d=1.61m bear=-88° | world=(-7.63,-9.90) body=(+0.13,-1.60) d=1.61m bear=-86° | world=(-7.65,-9.90) body=(+0.11,-1.61) d=1.61m bear=-86° | world=(-7.56,-9.90) body=(+0.20,-1.60) d=1.61m bear=-83° | world=(-7.58,-9.90) body=(+0.18,-1.60) d=1.61m bear=-84°
[mpc_node-16] [INFO] [1777389778.367838278] [mpc_node]: [MPC] #0045 ok=True cost=   287.9 solve= 32.2 ms avg= 57.6 ms  fails=0  security=False  vx_eff=1.00  scan_age=103 ms  path_wpts=63(raw=38)  robot=[-7.62,-8.29] setpt=[-7.29,-8.29]
[mpc_node-16] [INFO] [1777389778.371055984] [mpc_node]: [MPC] Received NEW A* path: 38 raw → 63 resampled | reset_filter=False
[a_star_node-15] [INFO] [1777389778.695395777] [a_star_node]: [A*-DEBUG] Planning from pose=(-7.5675, -8.2894)  goal=(12.00, -8.00)
[setpoint_to_cmd_vel_node-17] [INFO] [1777389778.747069439] [setpoint_to_cmd_vel_node]: [CMD_VEL] robot=(-7.56,-8.29)  setpt=(-7.29,-8.29)  dist=0.27m  vx=+0.34  vy=+0.01  wz=+0.04
[mpc_node-16] [WARN] [1777389778.810702733] [mpc_node]: [MPC-OBS] 4217 pts in range | nearest 5: world=(-7.70,-9.89) body=(-0.15,-1.60) d=1.61m bear=-95° | world=(-7.63,-9.90) body=(-0.08,-1.61) d=1.61m bear=-93° | world=(-7.65,-9.90) body=(-0.10,-1.61) d=1.61m bear=-93° | world=(-7.56,-9.90) body=(-0.01,-1.62) d=1.62m bear=-90° | world=(-7.58,-9.90) body=(-0.03,-1.61) d=1.62m bear=-91°
[a_star_node-15] [INFO] [1777389778.937991687] [a_star_node]: [A*] NAVIGATING  dist_to_goal=19.57 m  robot=(-7.57,-8.29)  goal=(12.00,-8.00)  path=38 wpts  local_goal=(1.68,-8.29)
[mpc_node-16] [INFO] [1777389779.095383235] [mpc_node]: [MPC] #0046 ok=True cost=   286.6 solve= 34.0 ms avg= 57.1 ms  fails=0  security=False  vx_eff=1.00  scan_age=381 ms  path_wpts=63(raw=38)  robot=[-7.63,-8.29] setpt=[-7.25,-8.29]
[mpc_node-16] [WARN] [1777389779.519527641] [mpc_node]: [MPC-OBS] 4182 pts in range | nearest 5: world=(-7.55,-9.85) body=(+0.12,-1.55) d=1.56m bear=-86° | world=(-7.61,-9.85) body=(+0.06,-1.56) d=1.56m bear=-88° | world=(-7.42,-9.85) body=(+0.25,-1.55) d=1.57m bear=-81° | world=(-7.42,-9.85) body=(+0.25,-1.55) d=1.57m bear=-81° | world=(-7.37,-9.85) body=(+0.30,-1.55) d=1.58m bear=-79°
[setpoint_to_cmd_vel_node-17] [INFO] [1777389779.770214116] [setpoint_to_cmd_vel_node]: [CMD_VEL] robot=(-7.38,-8.29)  setpt=(-7.25,-8.29)  dist=0.14m  STOPPED  vx=+0.09  vy=+0.00  wz=+0.00
[mpc_node-16] [INFO] [1777389779.799003954] [mpc_node]: [MPC] #0047 ok=True cost=   372.5 solve= 35.5 ms avg= 56.6 ms  fails=0  security=False  vx_eff=1.00  scan_age=90 ms  path_wpts=63(raw=38)  robot=[-7.58,-8.29] setpt=[-7.21,-8.29]
[mpc_node-16] [INFO] [1777389779.800220200] [mpc_node]: [MPC-DEBUG] /go2/pose received: pos=(-7.4360, -8.2939)  yaw=-0.6 deg  vel_body=(0.03, 0.00, 0.15)
[mpc_node-16] [INFO] [1777389779.802526992] [mpc_node]: [MPC] Received NEW A* path: 38 raw → 63 resampled | reset_filter=False
[mpc_node-16] [WARN] [1777389779.803780328] [mpc_node]: [MPC] LiDAR scan stale (779 ms > 600 ms) — skipping obstacles
[mpc_node-16] [WARN] [1777389779.804360841] [mpc_node]: [MPC-OBS] NO obstacles fed to MPC this cycle (stale=779ms, lidar_pts=4182)
[odom_to_pose_node-13] [INFO] [1777389779.822030360] [odom_to_pose_node]: [ODOM_BRIDGE] #00471  pos=(-7.3799, -8.2960)  vel=(-0.0023, -0.0420)
[a_star_node-15] [INFO] [1777389779.981744451] [a_star_node]: [A*] NAVIGATING  dist_to_goal=19.39 m  robot=(-7.39,-8.29)  goal=(12.00,-8.00)  path=38 wpts  local_goal=(1.86,-8.29)
[mpc_node-16] [WARN] [1777389780.475178130] [mpc_node]: [MPC-OBS] 3782 pts in range | nearest 5: world=(-7.52,-9.81) body=(-0.06,-1.53) d=1.53m bear=-92° | world=(-7.20,-9.81) body=(+0.25,-1.51) d=1.53m bear=-80° | world=(-7.25,-9.81) body=(+0.20,-1.52) d=1.53m bear=-82° | world=(-7.65,-9.80) body=(-0.19,-1.52) d=1.53m bear=-97° | world=(-7.17,-9.81) body=(+0.29,-1.51) d=1.53m bear=-79°
[mpc_node-16] [INFO] [1777389780.724247206] [mpc_node]: [MPC] #0049 ok=True cost=   384.6 solve= 37.6 ms avg= 55.8 ms  fails=0  security=False  vx_eff=1.00  scan_age=157 ms  path_wpts=63(raw=38)  robot=[-7.39,-8.29] setpt=[-7.13,-8.29]
[mpc_node-16] [WARN] [1777389780.728313506] [mpc_node]: [MPC-OBS] NO obstacles fed to MPC this cycle (stale=783ms, lidar_pts=3782)
[a_star_node-15] [INFO] [1777389780.741511012] [a_star_node]: [A*-DEBUG] Planning from pose=(-7.4172, -8.2906)  goal=(12.00, -8.00)
[setpoint_to_cmd_vel_node-17] [INFO] [1777389780.793219110] [setpoint_to_cmd_vel_node]: [CMD_VEL] robot=(-7.42,-8.29)  setpt=(-7.13,-8.29)  dist=0.29m  vx=+0.25  vy=+0.02  wz=+0.04
[a_star_node-15] [INFO] [1777389780.984580080] [a_star_node]: [A*] NAVIGATING  dist_to_goal=19.42 m  robot=(-7.42,-8.29)  goal=(12.00,-8.00)  path=38 wpts  local_goal=(1.83,-8.29)
[mpc_node-16] [WARN] [1777389781.404671606] [mpc_node]: [MPC-OBS] 4531 pts in range | nearest 5: world=(-7.35,-9.79) body=(-0.02,-1.50) d=1.50m bear=-91° | world=(-7.45,-9.80) body=(-0.12,-1.51) d=1.52m bear=-94° | world=(-7.58,-9.80) body=(-0.24,-1.50) d=1.52m bear=-99° | world=(-7.50,-9.81) body=(-0.16,-1.51) d=1.52m bear=-96° | world=(-7.50,-9.81) body=(-0.17,-1.52) d=1.53m bear=-96°
[mpc_node-16] [INFO] [1777389781.678888052] [mpc_node]: [MPC] #0051 ok=True cost=   326.7 solve= 32.0 ms avg= 55.1 ms  fails=0  security=False  vx_eff=1.00  scan_age=140 ms  path_wpts=63(raw=38)  robot=[-7.41,-8.29] setpt=[-7.05,-8.29]
[mpc_node-16] [INFO] [1777389781.683035323] [mpc_node]: [MPC] Received NEW A* path: 38 raw → 63 resampled | reset_filter=False
[mpc_node-16] [WARN] [1777389781.683753941] [mpc_node]: [MPC] LiDAR scan stale (817 ms > 600 ms) — skipping obstacles
[mpc_node-16] [WARN] [1777389781.684012841] [mpc_node]: [MPC-OBS] NO obstacles fed to MPC this cycle (stale=817ms, lidar_pts=4531)
[setpoint_to_cmd_vel_node-17] [INFO] [1777389781.815549182] [setpoint_to_cmd_vel_node]: [CMD_VEL] robot=(-7.24,-8.29)  setpt=(-7.05,-8.29)  dist=0.20m  STOPPED  vx=+0.23  vy=+0.00  wz=+0.01
[odom_to_pose_node-13] [INFO] [1777389781.866786341] [odom_to_pose_node]: [ODOM_BRIDGE] #00511  pos=(-7.2268, -8.2923)  vel=(0.1129, -0.0383)
[mpc_node-16] [INFO] [1777389781.982977682] [mpc_node]: [MPC-DEBUG] /go2/pose received: pos=(-7.2890, -8.2895)  yaw=3.1 deg  vel_body=(0.08, 0.01, 0.25)
[a_star_node-15] [INFO] [1777389781.988422894] [a_star_node]: [A*] NAVIGATING  dist_to_goal=19.25 m  robot=(-7.25,-8.29)  goal=(12.00,-8.00)  path=38 wpts  local_goal=(2.00,-8.29)
[mpc_node-16] [WARN] [1777389782.486202967] [mpc_node]: [MPC-OBS] 4505 pts in range | nearest 5: world=(-7.14,-9.85) body=(+0.06,-1.57) d=1.57m bear=-88° | world=(-7.16,-9.86) body=(+0.04,-1.57) d=1.57m bear=-88° | world=(-7.34,-9.86) body=(-0.14,-1.57) d=1.57m bear=-95° | world=(-7.18,-9.86) body=(+0.03,-1.57) d=1.57m bear=-89° | world=(-7.42,-9.86) body=(-0.22,-1.56) d=1.58m bear=-98°
[mpc_node-16] [INFO] [1777389782.776343752] [mpc_node]: [MPC] #0053 ok=True cost=   318.3 solve= 41.8 ms avg= 54.4 ms  fails=0  security=False  vx_eff=1.00  scan_age=113 ms  path_wpts=63(raw=38)  robot=[-7.29,-8.29] setpt=[-6.97,-8.29]
[mpc_node-16] [INFO] [1777389782.779183477] [mpc_node]: [MPC] Received NEW A* path: 38 raw → 63 resampled | reset_filter=False
[mpc_node-16] [WARN] [1777389782.779924288] [mpc_node]: [MPC] LiDAR scan stale (892 ms > 600 ms) — skipping obstacles
[mpc_node-16] [WARN] [1777389782.780495765] [mpc_node]: [MPC-OBS] NO obstacles fed to MPC this cycle (stale=892ms, lidar_pts=4505)
[a_star_node-15] [INFO] [1777389782.785244461] [a_star_node]: [A*-DEBUG] Planning from pose=(-7.1864, -8.2876)  goal=(12.00, -8.00)
[setpoint_to_cmd_vel_node-17] [INFO] [1777389782.836825496] [setpoint_to_cmd_vel_node]: [CMD_VEL] robot=(-7.19,-8.29)  setpt=(-6.97,-8.29)  dist=0.22m  vx=+0.04  vy=+0.01  wz=+0.03
[a_star_node-15] [INFO] [1777389783.038230193] [a_star_node]: [A*] NAVIGATING  dist_to_goal=19.19 m  robot=(-7.19,-8.29)  goal=(12.00,-8.00)  path=38 wpts  local_goal=(2.06,-8.54)
[mpc_node-16] [WARN] [1777389783.077243147] [mpc_node]: [MPC-OBS] 3782 pts in range | nearest 5: world=(-7.05,-9.87) body=(+0.06,-1.59) d=1.59m bear=-88° | world=(-7.15,-9.88) body=(-0.05,-1.59) d=1.59m bear=-92° | world=(-7.26,-9.88) body=(-0.15,-1.59) d=1.59m bear=-95° | world=(-7.22,-9.88) body=(-0.12,-1.59) d=1.59m bear=-94° | world=(-7.20,-9.88) body=(-0.10,-1.59) d=1.60m bear=-94°
[mpc_node-16] [INFO] [1777389783.325674999] [mpc_node]: [MPC] #0055 ok=True cost=   323.7 solve= 34.2 ms avg= 53.6 ms  fails=0  security=False  vx_eff=1.00  scan_age=78 ms  path_wpts=63(raw=38)  robot=[-7.18,-8.29] setpt=[-6.89,-8.29]
[mpc_node-16] [WARN] [1777389783.680735574] [mpc_node]: [MPC-OBS] 3782 pts in range | nearest 5: world=(-7.05,-9.87) body=(+0.22,-1.57) d=1.59m bear=-82° | world=(-7.26,-9.88) body=(+0.02,-1.59) d=1.59m bear=-89° | world=(-7.15,-9.88) body=(+0.12,-1.58) d=1.59m bear=-86° | world=(-7.22,-9.88) body=(+0.05,-1.59) d=1.59m bear=-88° | world=(-7.20,-9.88) body=(+0.07,-1.59) d=1.59m bear=-88°
[setpoint_to_cmd_vel_node-17] [INFO] [1777389783.858535106] [setpoint_to_cmd_vel_node]: [CMD_VEL] robot=(-7.17,-8.29)  setpt=(-6.89,-8.29)  dist=0.29m  vx=+0.35  vy=+0.01  wz=+0.02
[odom_to_pose_node-13] [INFO] [1777389783.910439164] [odom_to_pose_node]: [ODOM_BRIDGE] #00551  pos=(-7.1529, -8.2916)  vel=(0.2011, -0.0158)
[mpc_node-16] [INFO] [1777389783.941224744] [mpc_node]: [MPC] #0056 ok=True cost=   591.0 solve= 32.1 ms avg= 53.2 ms  fails=0  security=False  vx_eff=1.00  scan_age=329 ms  path_wpts=63(raw=38)  robot=[-7.19,-8.29] setpt=[-6.85,-8.29]
[a_star_node-15] [INFO] [1777389784.052987864] [a_star_node]: [A*] NAVIGATING  dist_to_goal=19.19 m  robot=(-7.18,-8.29)  goal=(12.00,-8.00)  path=38 wpts  local_goal=(2.07,-8.29)
[mpc_node-16] [WARN] [1777389784.291300488] [mpc_node]: [MPC-OBS] 3786 pts in range | nearest 5: world=(-7.34,-9.73) body=(-0.19,-1.43) d=1.44m bear=-97° | world=(-7.10,-9.78) body=(+0.06,-1.49) d=1.49m bear=-88° | world=(-7.48,-9.78) body=(-0.32,-1.47) d=1.51m bear=-102° | world=(-7.49,-9.78) body=(-0.34,-1.47) d=1.51m bear=-103° | world=(-7.15,-9.81) body=(+0.00,-1.52) d=1.52m bear=-90°
[mpc_node-16] [INFO] [1777389784.548307591] [mpc_node]: [MPC] #0057 ok=True cost=   707.6 solve= 34.5 ms avg= 52.9 ms  fails=0  security=False  vx_eff=1.00  scan_age=131 ms  path_wpts=63(raw=38)  robot=[-7.22,-8.29] setpt=[-6.81,-8.30]
[mpc_node-16] [INFO] [1777389784.549097393] [mpc_node]: [MPC-DEBUG] /go2/pose received: pos=(-7.1201, -8.2873)  yaw=4.0 deg  vel_body=(0.04, -0.00, 0.08)
[mpc_node-16] [WARN] [1777389784.549796168] [mpc_node]: [MPC] LiDAR scan stale (724 ms > 600 ms) — skipping obstacles
[mpc_node-16] [WARN] [1777389784.550306981] [mpc_node]: [MPC-OBS] NO obstacles fed to MPC this cycle (stale=724ms, lidar_pts=3786)
[mpc_node-16] [INFO] [1777389784.812401766] [mpc_node]: [MPC] Received NEW A* path: 38 raw → 63 resampled | reset_filter=False
[a_star_node-15] [INFO] [1777389784.831192632] [a_star_node]: [A*-DEBUG] Planning from pose=(-6.9841, -8.2872)  goal=(12.00, -8.00)
[setpoint_to_cmd_vel_node-17] [INFO] [1777389784.882460658] [setpoint_to_cmd_vel_node]: [CMD_VEL] robot=(-6.98,-8.29)  setpt=(-6.77,-8.31)  dist=0.21m  vx=+0.24  vy=-0.01  wz=+0.02
[a_star_node-15] [INFO] [1777389785.097337266] [a_star_node]: [A*] NAVIGATING  dist_to_goal=18.99 m  robot=(-6.98,-8.29)  goal=(12.00,-8.00)  path=38 wpts  local_goal=(2.27,-8.29)
[mpc_node-16] [WARN] [1777389785.220319183] [mpc_node]: [MPC-OBS] 4537 pts in range | nearest 5: world=(-6.99,-9.88) body=(+0.15,-1.59) d=1.60m bear=-85° | world=(-7.04,-9.89) body=(+0.10,-1.60) d=1.60m bear=-86° | world=(-7.03,-9.89) body=(+0.12,-1.60) d=1.60m bear=-86° | world=(-7.11,-9.89) body=(+0.03,-1.60) d=1.60m bear=-89° | world=(-7.09,-9.89) body=(+0.06,-1.60) d=1.60m bear=-88°
[mpc_node-16] [INFO] [1777389785.517578379] [mpc_node]: [MPC] #0059 ok=True cost=   287.2 solve= 44.3 ms avg= 52.6 ms  fails=0  security=False  vx_eff=1.00  scan_age=73 ms  path_wpts=63(raw=38)  robot=[-7.07,-8.29] setpt=[-6.73,-8.31]
[mpc_node-16] [WARN] [1777389785.519850153] [mpc_node]: [MPC-OBS] NO obstacles fed to MPC this cycle (stale=771ms, lidar_pts=4537)
[mpc_node-16] [INFO] [1777389785.830075064] [mpc_node]: [MPC] Received NEW A* path: 38 raw → 63 resampled | reset_filter=False
[mpc_node-16] [WARN] [1777389785.831236624] [mpc_node]: [MPC-OBS] 3801 pts in range | nearest 5: world=(-6.92,-9.89) body=(+0.12,-1.59) d=1.59m bear=-86° | world=(-6.92,-9.89) body=(+0.12,-1.59) d=1.60m bear=-86° | world=(-6.97,-9.89) body=(+0.06,-1.60) d=1.60m bear=-88° | world=(-6.88,-9.89) body=(+0.15,-1.59) d=1.60m bear=-85° | world=(-6.95,-9.89) body=(+0.08,-1.60) d=1.60m bear=-87°
[setpoint_to_cmd_vel_node-17] [INFO] [1777389785.905652786] [setpoint_to_cmd_vel_node]: [CMD_VEL] robot=(-6.93,-8.29)  setpt=(-6.69,-8.31)  dist=0.24m  vx=+0.04  vy=-0.00  wz=+0.03
[odom_to_pose_node-13] [INFO] [1777389785.957473672] [odom_to_pose_node]: [ODOM_BRIDGE] #00591  pos=(-6.9400, -8.2969)  vel=(-0.0984, -0.0538)
[mpc_node-16] [INFO] [1777389786.085294432] [mpc_node]: [MPC] #0061 ok=True cost=   304.6 solve= 31.9 ms avg= 52.0 ms  fails=0  security=False  vx_eff=1.00  scan_age=168 ms  path_wpts=63(raw=38)  robot=[-6.92,-8.29] setpt=[-6.65,-8.31]
[a_star_node-15] [INFO] [1777389786.119454161] [a_star_node]: [A*] NAVIGATING  dist_to_goal=18.93 m  robot=(-6.93,-8.29)  goal=(12.00,-8.00)  path=38 wpts  local_goal=(2.32,-8.29)
[mpc_node-16] [WARN] [1777389786.484779681] [mpc_node]: [MPC-OBS] 4174 pts in range | nearest 5: world=(-7.52,-9.28) body=(-0.66,-0.95) d=1.15m bear=-125° | world=(-7.28,-9.39) body=(-0.43,-1.07) d=1.16m bear=-112° | world=(-7.38,-9.36) body=(-0.53,-1.04) d=1.17m bear=-117° | world=(-7.28,-9.41) body=(-0.43,-1.10) d=1.18m bear=-112° | world=(-7.42,-9.38) body=(-0.57,-1.05) d=1.20m bear=-119°
[mpc_node-16] [INFO] [1777389786.748290204] [mpc_node]: [MPC] #0062 ok=True cost=   723.8 solve= 36.0 ms avg= 51.7 ms  fails=0  security=False  vx_eff=1.00  scan_age=127 ms  path_wpts=63(raw=38)  robot=[-6.91,-8.29] setpt=[-6.61,-8.31]
[mpc_node-16] [INFO] [1777389786.749173541] [mpc_node]: [MPC-DEBUG] /go2/pose received: pos=(-6.9593, -8.2861)  yaw=-2.6 deg  vel_body=(0.08, 0.00, 0.02)
[mpc_node-16] [WARN] [1777389786.750192265] [mpc_node]: [MPC] LiDAR scan stale (775 ms > 600 ms) — skipping obstacles
[mpc_node-16] [WARN] [1777389786.750817160] [mpc_node]: [MPC-OBS] NO obstacles fed to MPC this cycle (stale=775ms, lidar_pts=4174)
[a_star_node-15] [INFO] [1777389786.876541273] [a_star_node]: [A*-DEBUG] Planning from pose=(-6.9194, -8.2973)  goal=(12.00, -8.00)
[setpoint_to_cmd_vel_node-17] [INFO] [1777389786.927963533] [setpoint_to_cmd_vel_node]: [CMD_VEL] robot=(-6.91,-8.30)  setpt=(-6.61,-8.31)  dist=0.30m  vx=+0.36  vy=+0.00  wz=+0.03
[mpc_node-16] [INFO] [1777389787.033398088] [mpc_node]: [MPC] Received NEW A* path: 38 raw → 64 resampled | reset_filter=False
[a_star_node-15] [INFO] [1777389787.159907378] [a_star_node]: [A*] NAVIGATING  dist_to_goal=18.92 m  robot=(-6.92,-8.30)  goal=(12.00,-8.00)  path=39 wpts  local_goal=(2.33,-8.30)
[mpc_node-16] [WARN] [1777389787.443252668] [mpc_node]: [MPC-OBS] 3830 pts in range | nearest 5: world=(-7.01,-9.86) body=(-0.06,-1.56) d=1.56m bear=-92° | world=(-6.97,-9.87) body=(-0.03,-1.57) d=1.57m bear=-91° | world=(-6.96,-9.87) body=(-0.01,-1.57) d=1.57m bear=-90° | world=(-6.96,-9.88) body=(-0.01,-1.57) d=1.57m bear=-90° | world=(-6.84,-9.87) body=(+0.10,-1.57) d=1.57m bear=-86°
[mpc_node-16] [INFO] [1777389787.691287898] [mpc_node]: [MPC] #0064 ok=True cost=   601.0 solve= 37.4 ms avg= 51.1 ms  fails=0  security=False  vx_eff=1.00  scan_age=144 ms  path_wpts=64(raw=38)  robot=[-6.96,-8.30] setpt=[-6.53,-8.31]
[mpc_node-16] [WARN] [1777389787.692896511] [mpc_node]: [MPC-OBS] NO obstacles fed to MPC this cycle (stale=797ms, lidar_pts=3830)
[setpoint_to_cmd_vel_node-17] [INFO] [1777389787.951354872] [setpoint_to_cmd_vel_node]: [CMD_VEL] robot=(-6.71,-8.30)  setpt=(-6.53,-8.31)  dist=0.18m  STOPPED  vx=+0.20  vy=-0.00  wz=-0.00
[odom_to_pose_node-13] [INFO] [1777389788.002997575] [odom_to_pose_node]: [ODOM_BRIDGE] #00631  pos=(-6.6977, -8.3048)  vel=(0.1132, -0.0383)
[a_star_node-15] [INFO] [1777389788.168895805] [a_star_node]: [A*] NAVIGATING  dist_to_goal=18.72 m  robot=(-6.72,-8.30)  goal=(12.00,-8.00)  path=38 wpts  local_goal=(2.53,-8.30)
[mpc_node-16] [WARN] [1777389788.401213739] [mpc_node]: [MPC-OBS] 4543 pts in range | nearest 5: world=(-6.79,-9.89) body=(+0.06,-1.58) d=1.58m bear=-88° | world=(-6.88,-9.89) body=(-0.02,-1.59) d=1.59m bear=-91° | world=(-6.92,-9.88) body=(-0.06,-1.59) d=1.59m bear=-92° | world=(-6.66,-9.89) body=(+0.19,-1.58) d=1.59m bear=-83° | world=(-6.78,-9.89) body=(+0.08,-1.59) d=1.59m bear=-87°
[mpc_node-16] [INFO] [1777389788.702076623] [mpc_node]: [MPC] #0066 ok=True cost=   548.9 solve= 40.4 ms avg= 50.9 ms  fails=0  security=False  vx_eff=1.00  scan_age=163 ms  path_wpts=66(raw=39)  robot=[-6.79,-8.30] setpt=[-6.45,-8.33]
[a_star_node-15] [INFO] [1777389788.923557824] [a_star_node]: [A*-DEBUG] Planning from pose=(-6.6527, -8.3007)  goal=(12.00, -8.00)
[setpoint_to_cmd_vel_node-17] [INFO] [1777389788.975927539] [setpoint_to_cmd_vel_node]: [CMD_VEL] robot=(-6.66,-8.30)  setpt=(-6.45,-8.33)  dist=0.21m  vx=+0.06  vy=-0.01  wz=+0.04
[mpc_node-16] [WARN] [1777389789.184093355] [mpc_node]: [MPC-OBS] 4156 pts in range | nearest 5: world=(-6.67,-9.79) body=(-0.06,-1.49) d=1.49m bear=-92° | world=(-6.77,-9.80) body=(-0.16,-1.50) d=1.50m bear=-96° | world=(-6.79,-9.81) body=(-0.17,-1.50) d=1.51m bear=-97° | world=(-6.67,-9.82) body=(-0.05,-1.52) d=1.52m bear=-92° | world=(-6.83,-9.81) body=(-0.21,-1.50) d=1.52m bear=-98°
[a_star_node-15] [INFO] [1777389789.200400359] [a_star_node]: [A*] NAVIGATING  dist_to_goal=18.66 m  robot=(-6.65,-8.30)  goal=(12.00,-8.00)  path=38 wpts  local_goal=(2.60,-8.30)
[mpc_node-16] [INFO] [1777389789.457297819] [mpc_node]: [MPC] #0067 ok=True cost=   743.9 solve= 33.2 ms avg= 50.6 ms  fails=0  security=False  vx_eff=1.00  scan_age=84 ms  path_wpts=66(raw=39)  robot=[-6.68,-8.30] setpt=[-6.41,-8.34]
[mpc_node-16] [INFO] [1777389789.458540326] [mpc_node]: [MPC-DEBUG] /go2/pose received: pos=(-6.6601, -8.3062)  yaw=-4.5 deg  vel_body=(0.11, -0.01, -0.05)
[mpc_node-16] [INFO] [1777389789.462091734] [mpc_node]: [MPC] Received NEW A* path: 38 raw → 64 resampled | reset_filter=False
[mpc_node-16] [WARN] [1777389789.462862502] [mpc_node]: [MPC] LiDAR scan stale (818 ms > 600 ms) — skipping obstacles
[mpc_node-16] [WARN] [1777389789.463191574] [mpc_node]: [MPC-OBS] NO obstacles fed to MPC this cycle (stale=818ms, lidar_pts=4156)
[mpc_node-16] [WARN] [1777389789.792298645] [mpc_node]: [MPC-OBS] 4161 pts in range | nearest 5: world=(-6.70,-9.87) body=(-0.02,-1.57) d=1.57m bear=-91° | world=(-6.67,-9.88) body=(+0.01,-1.58) d=1.58m bear=-90° | world=(-6.72,-9.88) body=(-0.04,-1.58) d=1.58m bear=-91° | world=(-6.74,-9.88) body=(-0.06,-1.58) d=1.58m bear=-92° | world=(-6.76,-9.88) body=(-0.08,-1.58) d=1.58m bear=-93°
[setpoint_to_cmd_vel_node-17] [INFO] [1777389790.002024934] [setpoint_to_cmd_vel_node]: [CMD_VEL] robot=(-6.62,-8.32)  setpt=(-6.37,-8.35)  dist=0.25m  vx=+0.31  vy=-0.02  wz=+0.04
[odom_to_pose_node-13] [INFO] [1777389790.053689648] [odom_to_pose_node]: [ODOM_BRIDGE] #00671  pos=(-6.5935, -8.3215)  vel=(0.2435, -0.0379)
[mpc_node-16] [INFO] [1777389790.082634733] [mpc_node]: [MPC] #0069 ok=True cost=   305.7 solve= 45.6 ms avg= 50.4 ms  fails=0  security=False  vx_eff=1.00  scan_age=135 ms  path_wpts=63(raw=38)  robot=[-6.68,-8.30] setpt=[-6.33,-8.34]
[a_star_node-15] [INFO] [1777389790.227653989] [a_star_node]: [A*] NAVIGATING  dist_to_goal=18.63 m  robot=(-6.63,-8.31)  goal=(12.00,-8.00)  path=38 wpts  local_goal=(2.62,-8.31)
[mpc_node-16] [WARN] [1777389790.504850555] [mpc_node]: [MPC-OBS] 4161 pts in range | nearest 5: world=(-6.70,-9.87) body=(+0.00,-1.56) d=1.56m bear=-90° | world=(-6.67,-9.88) body=(+0.04,-1.56) d=1.56m bear=-89° | world=(-6.72,-9.88) body=(-0.01,-1.56) d=1.56m bear=-90° | world=(-6.65,-9.88) body=(+0.05,-1.56) d=1.56m bear=-88° | world=(-6.74,-9.88) body=(-0.03,-1.56) d=1.56m bear=-91°
[mpc_node-16] [INFO] [1777389790.783939960] [mpc_node]: [MPC] #0070 ok=True cost=   308.7 solve= 33.8 ms avg= 50.1 ms  fails=0  security=False  vx_eff=1.00  scan_age=430 ms  path_wpts=63(raw=38)  robot=[-6.67,-8.31] setpt=[-6.29,-8.34]
[mpc_node-16] [INFO] [1777389790.794746525] [mpc_node]: [MPC] Received NEW A* path: 38 raw → 64 resampled | reset_filter=False
[a_star_node-15] [INFO] [1777389790.972733474] [a_star_node]: [A*-DEBUG] Planning from pose=(-6.4570, -8.3255)  goal=(12.00, -8.00)
[setpoint_to_cmd_vel_node-17] [INFO] [1777389791.024288381] [setpoint_to_cmd_vel_node]: [CMD_VEL] robot=(-6.45,-8.33)  setpt=(-6.29,-8.34)  dist=0.16m  STOPPED  vx=+0.05  vy=-0.00  wz=+0.00
[a_star_node-15] [INFO] [1777389791.233623142] [a_star_node]: [A*] NAVIGATING  dist_to_goal=18.46 m  robot=(-6.46,-8.33)  goal=(12.00,-8.00)  path=39 wpts  local_goal=(2.79,-8.33)
[mpc_node-16] [WARN] [1777389791.249294046] [mpc_node]: [MPC-OBS] 4505 pts in range | nearest 5: world=(-6.69,-9.84) body=(-0.11,-1.53) d=1.53m bear=-94° | world=(-6.61,-9.86) body=(-0.03,-1.54) d=1.54m bear=-91° | world=(-6.43,-9.87) body=(+0.15,-1.55) d=1.56m bear=-85° | world=(-6.46,-9.88) body=(+0.11,-1.56) d=1.56m bear=-86° | world=(-6.62,-9.88) body=(-0.04,-1.56) d=1.56m bear=-91°
[mpc_node-16] [INFO] [1777389791.545741955] [mpc_node]: [MPC] #0071 ok=True cost=   653.0 solve= 40.6 ms avg= 50.0 ms  fails=0  security=False  vx_eff=1.00  scan_age=123 ms  path_wpts=64(raw=38)  robot=[-6.54,-8.32] setpt=[-6.25,-8.35]
[mpc_node-16] [INFO] [1777389791.546506545] [mpc_node]: [MPC-DEBUG] /go2/pose received: pos=(-6.4556, -8.3322)  yaw=-4.3 deg  vel_body=(0.05, -0.02, 0.01)
[mpc_node-16] [WARN] [1777389791.547044235] [mpc_node]: [MPC] LiDAR scan stale (861 ms > 600 ms) — skipping obstacles
[mpc_node-16] [WARN] [1777389791.547374016] [mpc_node]: [MPC-OBS] NO obstacles fed to MPC this cycle (stale=861ms, lidar_pts=4505)
[mpc_node-16] [INFO] [1777389791.870660671] [mpc_node]: [MPC] Received NEW A* path: 39 raw → 65 resampled | reset_filter=False
[mpc_node-16] [WARN] [1777389791.872020672] [mpc_node]: [MPC-OBS] 4511 pts in range | nearest 5: world=(-6.36,-9.87) body=(+0.14,-1.55) d=1.55m bear=-85° | world=(-6.38,-9.87) body=(+0.12,-1.55) d=1.55m bear=-85° | world=(-6.46,-9.88) body=(+0.04,-1.55) d=1.55m bear=-89° | world=(-6.46,-9.88) body=(+0.04,-1.55) d=1.56m bear=-89° | world=(-6.39,-9.88) body=(+0.11,-1.55) d=1.56m bear=-86°
[setpoint_to_cmd_vel_node-17] [INFO] [1777389792.049220904] [setpoint_to_cmd_vel_node]: [CMD_VEL] robot=(-6.52,-8.33)  setpt=(-6.21,-8.35)  dist=0.31m  vx=+0.18  vy=-0.02  wz=+0.04
[odom_to_pose_node-13] [INFO] [1777389792.100422004] [odom_to_pose_node]: [ODOM_BRIDGE] #00711  pos=(-6.5224, -8.3330)  vel=(-0.0169, -0.0571)
[mpc_node-16] [INFO] [1777389792.213348112] [mpc_node]: [MPC] #0073 ok=True cost=   329.1 solve= 48.0 ms avg= 49.9 ms  fails=0  security=False  vx_eff=1.00  scan_age=168 ms  path_wpts=65(raw=39)  robot=[-6.48,-8.32] setpt=[-6.17,-8.35]
[a_star_node-15] [INFO] [1777389792.244653872] [a_star_node]: [A*] NAVIGATING  dist_to_goal=18.52 m  robot=(-6.52,-8.32)  goal=(12.00,-8.00)  path=38 wpts  local_goal=(2.73,-8.32)
[mpc_node-16] [WARN] [1777389792.688117400] [mpc_node]: [MPC-OBS] 4511 pts in range | nearest 5: world=(-6.36,-9.87) body=(+0.08,-1.55) d=1.55m bear=-87° | world=(-6.38,-9.87) body=(+0.07,-1.55) d=1.55m bear=-88° | world=(-6.46,-9.88) body=(-0.02,-1.55) d=1.55m bear=-91° | world=(-6.46,-9.88) body=(-0.02,-1.55) d=1.55m bear=-91° | world=(-6.46,-9.88) body=(-0.02,-1.55) d=1.55m bear=-91°
[mpc_node-16] [INFO] [1777389792.978306387] [mpc_node]: [MPC] #0074 ok=True cost=   371.1 solve= 31.0 ms avg= 49.6 ms  fails=0  security=False  vx_eff=1.00  scan_age=511 ms  path_wpts=65(raw=39)  robot=[-6.50,-8.33] setpt=[-6.13,-8.35]
[a_star_node-15] [INFO] [1777389793.020716062] [a_star_node]: [A*-DEBUG] Planning from pose=(-6.4015, -8.3355)  goal=(12.00, -8.00)
[setpoint_to_cmd_vel_node-17] [INFO] [1777389793.072343935] [setpoint_to_cmd_vel_node]: [CMD_VEL] robot=(-6.39,-8.34)  setpt=(-6.13,-8.35)  dist=0.26m  vx=+0.31  vy=-0.01  wz=+0.03
[a_star_node-15] [INFO] [1777389793.299645288] [a_star_node]: [A*] NAVIGATING  dist_to_goal=18.40 m  robot=(-6.40,-8.34)  goal=(12.00,-8.00)  path=38 wpts  local_goal=(2.85,-8.34)
[mpc_node-16] [WARN] [1777389793.421232520] [mpc_node]: [MPC-OBS] 4143 pts in range | nearest 5: world=(-6.46,-9.89) body=(+0.19,-1.55) d=1.56m bear=-83° | world=(-6.49,-9.90) body=(+0.15,-1.56) d=1.56m bear=-84° | world=(-6.57,-9.89) body=(+0.08,-1.56) d=1.56m bear=-87° | world=(-6.51,-9.90) body=(+0.13,-1.56) d=1.56m bear=-85° | world=(-6.42,-9.90) body=(+0.22,-1.55) d=1.56m bear=-82°
[mpc_node-16] [INFO] [1777389793.691187556] [mpc_node]: [MPC] #0075 ok=True cost=   353.0 solve= 32.8 ms avg= 49.4 ms  fails=0  security=False  vx_eff=1.00  scan_age=158 ms  path_wpts=65(raw=39)  robot=[-6.49,-8.33] setpt=[-6.09,-8.35]
[mpc_node-16] [INFO] [1777389793.692040618] [mpc_node]: [MPC-DEBUG] /go2/pose received: pos=(-6.3530, -8.3440)  yaw=-0.4 deg  vel_body=(-0.01, -0.01, 0.09)
[mpc_node-16] [INFO] [1777389793.694127785] [mpc_node]: [MPC] Received NEW A* path: 38 raw → 63 resampled | reset_filter=False
[mpc_node-16] [WARN] [1777389793.694711479] [mpc_node]: [MPC] LiDAR scan stale (855 ms > 600 ms) — skipping obstacles
[mpc_node-16] [WARN] [1777389793.695010394] [mpc_node]: [MPC-OBS] NO obstacles fed to MPC this cycle (stale=855ms, lidar_pts=4143)
[setpoint_to_cmd_vel_node-17] [INFO] [1777389794.097600703] [setpoint_to_cmd_vel_node]: [CMD_VEL] robot=(-6.26,-8.34)  setpt=(-6.05,-8.35)  dist=0.20m  vx=+0.11  vy=+0.00  wz=+0.03
[odom_to_pose_node-13] [INFO] [1777389794.149523404] [odom_to_pose_node]: [ODOM_BRIDGE] #00751  pos=(-6.2630, -8.3443)  vel=(-0.0479, -0.0456)
[a_star_node-15] [INFO] [1777389794.329034830] [a_star_node]: [A*] NAVIGATING  dist_to_goal=18.26 m  robot=(-6.26,-8.34)  goal=(12.00,-8.00)  path=39 wpts  local_goal=(2.99,-8.34)
[mpc_node-16] [WARN] [1777389794.364915786] [mpc_node]: [MPC-OBS] 4082 pts in range | nearest 5: world=(-6.35,-9.84) body=(+0.01,-1.50) d=1.50m bear=-90° | world=(-6.17,-9.84) body=(+0.20,-1.50) d=1.51m bear=-82° | world=(-6.31,-9.85) body=(+0.06,-1.51) d=1.51m bear=-88° | world=(-6.42,-9.85) body=(-0.05,-1.51) d=1.52m bear=-92° | world=(-6.14,-9.85) body=(+0.23,-1.50) d=1.52m bear=-81°
[mpc_node-16] [INFO] [1777389794.678133570] [mpc_node]: [MPC] #0077 ok=True cost=   377.2 solve= 42.1 ms avg= 49.1 ms  fails=0  security=False  vx_eff=1.00  scan_age=109 ms  path_wpts=63(raw=38)  robot=[-6.30,-8.34] setpt=[-6.01,-8.34]
[mpc_node-16] [WARN] [1777389794.680372302] [mpc_node]: [MPC-OBS] NO obstacles fed to MPC this cycle (stale=790ms, lidar_pts=4082)
[mpc_node-16] [INFO] [1777389794.972394433] [mpc_node]: [MPC] Received NEW A* path: 39 raw → 65 resampled | reset_filter=False
[mpc_node-16] [WARN] [1777389794.974394581] [mpc_node]: [MPC-OBS] 4430 pts in range | nearest 5: world=(-6.29,-9.87) body=(-0.01,-1.54) d=1.54m bear=-90° | world=(-6.22,-9.88) body=(+0.06,-1.54) d=1.54m bear=-88° | world=(-6.24,-9.88) body=(+0.04,-1.54) d=1.54m bear=-88° | world=(-6.31,-9.88) body=(-0.02,-1.54) d=1.54m bear=-91° | world=(-6.24,-9.88) body=(+0.04,-1.54) d=1.54m bear=-88°
[a_star_node-15] [INFO] [1777389795.099743695] [a_star_node]: [A*-DEBUG] Planning from pose=(-6.2021, -8.3373)  goal=(12.00, -8.00)
[setpoint_to_cmd_vel_node-17] [INFO] [1777389795.099919214] [setpoint_to_cmd_vel_node]: [CMD_VEL] robot=(-6.20,-8.34)  setpt=(-5.97,-8.34)  dist=0.23m  vx=+0.28  vy=-0.01  wz=-0.01
[mpc_node-16] [INFO] [1777389795.276892474] [mpc_node]: [MPC] #0079 ok=True cost=   335.9 solve= 38.5 ms avg= 48.7 ms  fails=0  security=False  vx_eff=1.00  scan_age=164 ms  path_wpts=65(raw=39)  robot=[-6.27,-8.34] setpt=[-5.93,-8.34]
[a_star_node-15] [INFO] [1777389795.352231890] [a_star_node]: [A*] NAVIGATING  dist_to_goal=18.21 m  robot=(-6.20,-8.34)  goal=(12.00,-8.00)  path=38 wpts  local_goal=(3.05,-8.34)
[mpc_node-16] [WARN] [1777389795.678427872] [mpc_node]: [MPC-OBS] 3680 pts in range | nearest 5: world=(-6.29,-9.77) body=(-0.06,-1.42) d=1.42m bear=-92° | world=(-6.40,-9.77) body=(-0.17,-1.42) d=1.43m bear=-97° | world=(-6.07,-9.76) body=(+0.16,-1.42) d=1.43m bear=-84° | world=(-6.13,-9.79) body=(+0.10,-1.44) d=1.45m bear=-86° | world=(-6.42,-9.78) body=(-0.19,-1.43) d=1.45m bear=-98°
[mpc_node-16] [INFO] [1777389795.919575544] [mpc_node]: [MPC] #0080 ok=True cost=   428.4 solve= 38.7 ms avg= 48.6 ms  fails=0  security=False  vx_eff=1.00  scan_age=72 ms  path_wpts=65(raw=39)  robot=[-6.24,-8.35] setpt=[-5.89,-8.34]
[mpc_node-16] [INFO] [1777389795.920712590] [mpc_node]: [MPC-DEBUG] /go2/pose received: pos=(-6.1418, -8.3425)  yaw=3.1 deg  vel_body=(0.04, -0.00, 0.08)
[mpc_node-16] [WARN] [1777389795.921531742] [mpc_node]: [MPC] LiDAR scan stale (699 ms > 600 ms) — skipping obstacles
[mpc_node-16] [WARN] [1777389795.921949177] [mpc_node]: [MPC-OBS] NO obstacles fed to MPC this cycle (stale=699ms, lidar_pts=3680)
[setpoint_to_cmd_vel_node-17] [INFO] [1777389796.126881804] [setpoint_to_cmd_vel_node]: [CMD_VEL] robot=(-6.07,-8.34)  setpt=(-5.89,-8.34)  dist=0.18m  STOPPED  vx=+0.03  vy=-0.00  wz=-0.00
[mpc_node-16] [INFO] [1777389796.168953578] [mpc_node]: [MPC] Received NEW A* path: 38 raw → 63 resampled | reset_filter=False
[odom_to_pose_node-13] [INFO] [1777389796.178388680] [odom_to_pose_node]: [ODOM_BRIDGE] #00790  pos=(-6.0706, -8.3410)  vel=(-0.0334, -0.0555)
[a_star_node-15] [INFO] [1777389796.361861378] [a_star_node]: [A*] NAVIGATING  dist_to_goal=18.07 m  robot=(-6.07,-8.34)  goal=(12.00,-8.00)  path=38 wpts  local_goal=(3.18,-8.34)
[mpc_node-16] [WARN] [1777389796.537039698] [mpc_node]: [MPC-OBS] 4031 pts in range | nearest 5: world=(-6.18,-9.89) body=(+0.02,-1.55) d=1.55m bear=-89° | world=(-6.03,-9.89) body=(+0.17,-1.54) d=1.55m bear=-84° | world=(-6.05,-9.89) body=(+0.15,-1.55) d=1.55m bear=-84° | world=(-6.13,-9.90) body=(+0.08,-1.55) d=1.55m bear=-87° | world=(-6.07,-9.90) body=(+0.13,-1.55) d=1.56m bear=-85°
[mpc_node-16] [INFO] [1777389796.807436391] [mpc_node]: [MPC] #0082 ok=True cost=   329.1 solve= 36.1 ms avg= 48.2 ms  fails=0  security=False  vx_eff=1.00  scan_age=132 ms  path_wpts=63(raw=38)  robot=[-6.10,-8.34] setpt=[-5.81,-8.34]
[mpc_node-16] [WARN] [1777389796.809545910] [mpc_node]: [MPC-OBS] NO obstacles fed to MPC this cycle (stale=766ms, lidar_pts=4031)
[a_star_node-15] [INFO] [1777389797.152667247] [a_star_node]: [A*-DEBUG] Planning from pose=(-6.0519, -8.3335)  goal=(12.00, -8.00)
[setpoint_to_cmd_vel_node-17] [INFO] [1777389797.152662624] [setpoint_to_cmd_vel_node]: [CMD_VEL] robot=(-6.05,-8.33)  setpt=(-5.77,-8.34)  dist=0.28m  vx=+0.32  vy=-0.01  wz=-0.02
[a_star_node-15] [INFO] [1777389797.401450827] [a_star_node]: [A*] NAVIGATING  dist_to_goal=18.05 m  robot=(-6.05,-8.33)  goal=(12.00,-8.00)  path=38 wpts  local_goal=(3.20,-8.33)
[mpc_node-16] [WARN] [1777389797.460821641] [mpc_node]: [MPC-OBS] 3642 pts in range | nearest 5: world=(-5.96,-9.84) body=(+0.20,-1.50) d=1.52m bear=-82° | world=(-6.20,-9.85) body=(-0.03,-1.52) d=1.52m bear=-91° | world=(-5.98,-9.85) body=(+0.19,-1.51) d=1.52m bear=-83° | world=(-6.15,-9.86) body=(+0.02,-1.53) d=1.53m bear=-89° | world=(-6.08,-9.87) body=(+0.08,-1.53) d=1.53m bear=-87°
[mpc_node-16] [INFO] [1777389797.713027431] [mpc_node]: [MPC] #0084 ok=True cost=   369.1 solve= 34.9 ms avg= 47.9 ms  fails=0  security=False  vx_eff=1.00  scan_age=147 ms  path_wpts=63(raw=38)  robot=[-6.10,-8.33] setpt=[-5.73,-8.34]
[mpc_node-16] [WARN] [1777389797.714946111] [mpc_node]: [MPC] LiDAR scan stale (748 ms > 600 ms) — skipping obstacles
[mpc_node-16] [WARN] [1777389797.715329441] [mpc_node]: [MPC-OBS] NO obstacles fed to MPC this cycle (stale=748ms, lidar_pts=3642)
[mpc_node-16] [INFO] [1777389797.948750451] [mpc_node]: [MPC-DEBUG] /go2/pose received: pos=(-5.9785, -8.3392)  yaw=3.7 deg  vel_body=(0.09, 0.00, 0.06)
[mpc_node-16] [INFO] [1777389797.958765239] [mpc_node]: [MPC] Received NEW A* path: 38 raw → 63 resampled | reset_filter=False
[setpoint_to_cmd_vel_node-17] [INFO] [1777389798.177576659] [setpoint_to_cmd_vel_node]: [CMD_VEL] robot=(-5.89,-8.33)  setpt=(-5.69,-8.34)  dist=0.20m  STOPPED  vx=+0.17  vy=-0.00  wz=-0.02
[odom_to_pose_node-13] [INFO] [1777389798.178999414] [odom_to_pose_node]: [ODOM_BRIDGE] #00829  pos=(-5.8884, -8.3342)  vel=(0.0488, -0.0286)
[mpc_node-16] [WARN] [1777389798.326226715] [mpc_node]: [MPC-OBS] 3942 pts in range | nearest 5: world=(-6.02,-9.82) body=(-0.14,-1.48) d=1.48m bear=-95° | world=(-6.13,-9.83) body=(-0.25,-1.48) d=1.50m bear=-100° | world=(-6.03,-9.84) body=(-0.14,-1.49) d=1.50m bear=-95° | world=(-6.13,-9.84) body=(-0.25,-1.48) d=1.50m bear=-100° | world=(-5.83,-9.84) body=(+0.05,-1.51) d=1.51m bear=-88°
[a_star_node-15] [INFO] [1777389798.435871259] [a_star_node]: [A*] NAVIGATING  dist_to_goal=17.89 m  robot=(-5.89,-8.33)  goal=(12.00,-8.00)  path=38 wpts  local_goal=(3.36,-8.33)
[mpc_node-16] [INFO] [1777389798.598257949] [mpc_node]: [MPC] #0086 ok=True cost=   409.8 solve= 36.9 ms avg= 47.5 ms  fails=0  security=False  vx_eff=1.00  scan_age=177 ms  path_wpts=63(raw=38)  robot=[-5.98,-8.34] setpt=[-5.65,-8.34]
[mpc_node-16] [WARN] [1777389798.960371637] [mpc_node]: [MPC-OBS] 3559 pts in range | nearest 5: world=(-5.90,-9.83) body=(-0.00,-1.49) d=1.49m bear=-90° | world=(-6.07,-9.83) body=(-0.18,-1.49) d=1.51m bear=-97° | world=(-5.90,-9.84) body=(-0.01,-1.51) d=1.51m bear=-90° | world=(-5.94,-9.85) body=(-0.04,-1.51) d=1.51m bear=-92° | world=(-6.07,-9.84) body=(-0.18,-1.51) d=1.52m bear=-97°
[a_star_node-15] [INFO] [1777389799.202998572] [a_star_node]: [A*-DEBUG] Planning from pose=(-5.9047, -8.3346)  goal=(12.00, -8.00)
[setpoint_to_cmd_vel_node-17] [INFO] [1777389799.203300727] [setpoint_to_cmd_vel_node]: [CMD_VEL] robot=(-5.90,-8.33)  setpt=(-5.65,-8.34)  dist=0.25m  vx=+0.24  vy=-0.01  wz=-0.02
[mpc_node-16] [INFO] [1777389799.213473872] [mpc_node]: [MPC] #0087 ok=True cost=   382.9 solve= 37.0 ms avg= 47.4 ms  fails=0  security=False  vx_eff=1.00  scan_age=112 ms  path_wpts=63(raw=38)  robot=[-5.89,-8.33] setpt=[-5.61,-8.33]
[mpc_node-16] [INFO] [1777389799.216983329] [mpc_node]: [MPC] Received NEW A* path: 38 raw → 64 resampled | reset_filter=False
[mpc_node-16] [WARN] [1777389799.218065987] [mpc_node]: [MPC] LiDAR scan stale (711 ms > 600 ms) — skipping obstacles
[mpc_node-16] [WARN] [1777389799.218526830] [mpc_node]: [MPC-OBS] NO obstacles fed to MPC this cycle (stale=711ms, lidar_pts=3559)
[a_star_node-15] [INFO] [1777389799.443873126] [a_star_node]: [A*] NAVIGATING  dist_to_goal=17.91 m  robot=(-5.90,-8.33)  goal=(12.00,-8.00)  path=38 wpts  local_goal=(3.35,-8.33)
[nav_graph_node-18] [INFO] [1777389799.564493787] [nav_graph_node]: [NavGraph] New goal (12.00, -8.00) — graph path reset
[a_star_node-15] [INFO] [1777389799.564481125] [a_star_node]: [A*] New global goal: (12.00, -8.00, 0.00)
[nav_graph_node-18] [INFO] [1777389799.717487493] [nav_graph_node]: [NavGraph] Node 0 @ (-5.84,-8.33)  total=1  neighbours=0
[mpc_node-16] [WARN] [1777389799.884533944] [mpc_node]: [MPC-OBS] 4287 pts in range | nearest 5: world=(-5.81,-9.82) body=(-0.03,-1.48) d=1.48m bear=-91° | world=(-6.28,-9.79) body=(-0.49,-1.42) d=1.50m bear=-109° | world=(-5.70,-9.83) body=(+0.09,-1.50) d=1.50m bear=-87° | world=(-6.25,-9.80) body=(-0.46,-1.43) d=1.50m bear=-108° | world=(-5.74,-9.84) body=(+0.04,-1.50) d=1.50m bear=-88°
[mpc_node-16] [INFO] [1777389800.173453147] [mpc_node]: [MPC] #0089 ok=True cost=   725.2 solve= 35.2 ms avg= 47.3 ms  fails=0  security=False  vx_eff=1.00  scan_age=92 ms  path_wpts=64(raw=38)  robot=[-5.90,-8.34] setpt=[-5.54,-8.35]
[mpc_node-16] [INFO] [1777389800.174839871] [mpc_node]: [MPC-DEBUG] /go2/pose received: pos=(-5.8363, -8.3338)  yaw=1.1 deg  vel_body=(0.04, 0.00, 0.19)
[mpc_node-16] [WARN] [1777389800.179437466] [mpc_node]: [MPC-OBS] NO obstacles fed to MPC this cycle (stale=746ms, lidar_pts=4287)
[odom_to_pose_node-13] [INFO] [1777389800.179879664] [odom_to_pose_node]: [ODOM_BRIDGE] #00868  pos=(-5.7363, -8.3361)  vel=(0.1550, 0.0146)
[setpoint_to_cmd_vel_node-17] [INFO] [1777389800.230005082] [setpoint_to_cmd_vel_node]: [CMD_VEL] robot=(-5.74,-8.34)  setpt=(-5.54,-8.35)  dist=0.20m  STOPPED  vx=+0.21  vy=-0.01  wz=-0.01
[mpc_node-16] [WARN] [1777389800.894884135] [mpc_node]: [MPC-OBS] 3860 pts in range | nearest 5: world=(-5.74,-9.88) body=(-0.04,-1.53) d=1.53m bear=-91° | world=(-5.71,-9.88) body=(-0.01,-1.53) d=1.53m bear=-90° | world=(-5.65,-9.88) body=(+0.05,-1.54) d=1.54m bear=-88° | world=(-5.76,-9.88) body=(-0.06,-1.54) d=1.54m bear=-92° | world=(-5.73,-9.88) body=(-0.03,-1.54) d=1.54m bear=-91°
[mpc_node-16] [INFO] [1777389801.153072715] [mpc_node]: [MPC] #0091 ok=True cost=   352.0 solve= 40.9 ms avg= 47.1 ms  fails=0  security=False  vx_eff=1.00  scan_age=135 ms  path_wpts=63(raw=38)  robot=[-5.77,-8.34] setpt=[-5.46,-8.35]
[mpc_node-16] [INFO] [1777389801.157403257] [mpc_node]: [MPC] Received NEW A* path: 38 raw → 63 resampled | reset_filter=False
[mpc_node-16] [WARN] [1777389801.158315983] [mpc_node]: [MPC] LiDAR scan stale (802 ms > 600 ms) — skipping obstacles
[mpc_node-16] [WARN] [1777389801.158638081] [mpc_node]: [MPC-OBS] NO obstacles fed to MPC this cycle (stale=802ms, lidar_pts=3860)
[a_star_node-15] [INFO] [1777389801.254308965] [a_star_node]: [A*-DEBUG] Planning from pose=(-5.6958, -8.3350)  goal=(12.00, -8.00)
[setpoint_to_cmd_vel_node-17] [INFO] [1777389801.254506685] [setpoint_to_cmd_vel_node]: [CMD_VEL] robot=(-5.70,-8.33)  setpt=(-5.46,-8.35)  dist=0.24m  vx=+0.04  vy=-0.01  wz=-0.01
[a_star_node-15] [INFO] [1777389801.469294821] [a_star_node]: [A*] NAVIGATING  dist_to_goal=17.70 m  robot=(-5.70,-8.33)  goal=(12.00,-8.00)  path=38 wpts  local_goal=(3.55,-8.33)
[mpc_node-16] [WARN] [1777389801.801373452] [mpc_node]: [MPC-OBS] 3854 pts in range | nearest 5: world=(-5.90,-9.85) body=(-0.23,-1.51) d=1.52m bear=-99° | world=(-5.80,-9.87) body=(-0.13,-1.53) d=1.53m bear=-95° | world=(-5.68,-9.88) body=(-0.01,-1.54) d=1.54m bear=-91° | world=(-5.75,-9.88) body=(-0.08,-1.54) d=1.54m bear=-93° | world=(-5.72,-9.89) body=(-0.05,-1.54) d=1.54m bear=-92°
[mpc_node-16] [INFO] [1777389802.049081222] [mpc_node]: [MPC] #0093 ok=True cost=   348.9 solve= 32.5 ms avg= 46.8 ms  fails=0  security=False  vx_eff=1.00  scan_age=171 ms  path_wpts=63(raw=38)  robot=[-5.68,-8.35] setpt=[-5.38,-8.35]
[odom_to_pose_node-13] [INFO] [1777389802.226058323] [odom_to_pose_node]: [ODOM_BRIDGE] #00908  pos=(-5.6775, -8.3430)  vel=(0.1660, -0.0003)
[setpoint_to_cmd_vel_node-17] [INFO] [1777389802.276706631] [setpoint_to_cmd_vel_node]: [CMD_VEL] robot=(-5.68,-8.34)  setpt=(-5.38,-8.35)  dist=0.30m  vx=+0.36  vy=-0.01  wz=-0.02
[mpc_node-16] [WARN] [1777389802.451751804] [mpc_node]: [MPC-OBS] 4227 pts in range | nearest 5: world=(-5.69,-9.70) body=(-0.07,-1.36) d=1.36m bear=-93° | world=(-5.79,-9.73) body=(-0.18,-1.38) d=1.39m bear=-98° | world=(-6.01,-9.71) body=(-0.39,-1.34) d=1.40m bear=-106° | world=(-6.04,-9.70) body=(-0.43,-1.33) d=1.40m bear=-108° | world=(-5.85,-9.74) body=(-0.24,-1.39) d=1.41m bear=-100°
[a_star_node-15] [INFO] [1777389802.505187853] [a_star_node]: [A*] NAVIGATING  dist_to_goal=17.68 m  robot=(-5.68,-8.34)  goal=(12.00,-8.00)  path=38 wpts  local_goal=(3.57,-8.34)
[mpc_node-16] [INFO] [1777389802.723309951] [mpc_node]: [MPC] #0094 ok=True cost=   491.3 solve= 36.1 ms avg= 46.7 ms  fails=0  security=False  vx_eff=1.00  scan_age=79 ms  path_wpts=63(raw=38)  robot=[-5.72,-8.34] setpt=[-5.34,-8.35]
[mpc_node-16] [INFO] [1777389802.724227318] [mpc_node]: [MPC-DEBUG] /go2/pose received: pos=(-5.6775, -8.3430)  yaw=0.8 deg  vel_body=(0.08, -0.02, 0.12)
[mpc_node-16] [INFO] [1777389802.726520850] [mpc_node]: [MPC] Received NEW A* path: 38 raw → 63 resampled | reset_filter=False
[mpc_node-16] [WARN] [1777389802.727326419] [mpc_node]: [MPC] LiDAR scan stale (737 ms > 600 ms) — skipping obstacles
[mpc_node-16] [WARN] [1777389802.727730596] [mpc_node]: [MPC-OBS] NO obstacles fed to MPC this cycle (stale=737ms, lidar_pts=4227)
[setpoint_to_cmd_vel_node-17] [INFO] [1777389803.300063056] [setpoint_to_cmd_vel_node]: [CMD_VEL] robot=(-5.48,-8.34)  setpt=(-5.30,-8.34)  dist=0.18m  STOPPED  vx=+0.21  vy=+0.00  wz=-0.00
[a_star_node-15] [INFO] [1777389803.300123263] [a_star_node]: [A*-DEBUG] Planning from pose=(-5.4808, -8.3433)  goal=(12.00, -8.00)
[mpc_node-16] [WARN] [1777389803.344900701] [mpc_node]: [MPC-OBS] 3435 pts in range | nearest 5: world=(-5.72,-9.88) body=(-0.06,-1.53) d=1.53m bear=-92° | world=(-5.55,-9.88) body=(+0.11,-1.52) d=1.53m bear=-86° | world=(-5.64,-9.88) body=(+0.02,-1.53) d=1.53m bear=-89° | world=(-5.72,-9.88) body=(-0.06,-1.53) d=1.53m bear=-92° | world=(-5.78,-9.88) body=(-0.12,-1.53) d=1.53m bear=-94°
[a_star_node-15] [INFO] [1777389803.525392896] [a_star_node]: [A*] NAVIGATING  dist_to_goal=17.48 m  robot=(-5.48,-8.34)  goal=(12.00,-8.00)  path=38 wpts  local_goal=(3.77,-8.34)
[mpc_node-16] [INFO] [1777389803.592330741] [mpc_node]: [MPC] #0096 ok=True cost=   366.5 solve= 33.9 ms avg= 46.4 ms  fails=0  security=False  vx_eff=1.00  scan_age=99 ms  path_wpts=63(raw=38)  robot=[-5.62,-8.35] setpt=[-5.26,-8.34]
[mpc_node-16] [WARN] [1777389803.594640787] [mpc_node]: [MPC-OBS] NO obstacles fed to MPC this cycle (stale=686ms, lidar_pts=3435)
[mpc_node-16] [INFO] [1777389803.823610336] [mpc_node]: [MPC] Received NEW A* path: 38 raw → 64 resampled | reset_filter=False
[mpc_node-16] [WARN] [1777389804.120144785] [mpc_node]: [MPC-OBS] 3426 pts in range | nearest 5: world=(-5.56,-9.89) body=(-0.01,-1.55) d=1.55m bear=-91° | world=(-5.46,-9.89) body=(+0.08,-1.55) d=1.55m bear=-87° | world=(-5.54,-9.89) body=(+0.01,-1.55) d=1.55m bear=-90° | world=(-5.60,-9.89) body=(-0.05,-1.55) d=1.55m bear=-92° | world=(-5.50,-9.90) body=(+0.04,-1.55) d=1.55m bear=-88°
[odom_to_pose_node-13] [INFO] [1777389804.273599694] [odom_to_pose_node]: [ODOM_BRIDGE] #00948  pos=(-5.4604, -8.3394)  vel=(-0.0613, 0.0314)
[setpoint_to_cmd_vel_node-17] [INFO] [1777389804.324305933] [setpoint_to_cmd_vel_node]: [CMD_VEL] robot=(-5.46,-8.34)  setpt=(-5.22,-8.34)  dist=0.24m  vx=+0.21  vy=-0.01  wz=-0.03
[mpc_node-16] [INFO] [1777389804.341346073] [mpc_node]: [MPC] #0098 ok=True cost=   676.6 solve= 26.4 ms avg= 46.0 ms  fails=0  security=False  vx_eff=1.00  scan_age=102 ms  path_wpts=64(raw=38)  robot=[-5.46,-8.34] setpt=[-5.18,-8.35]
[mpc_node-16] [WARN] [1777389804.342990268] [mpc_node]: [MPC] LiDAR scan stale (618 ms > 600 ms) — skipping obstacles
[mpc_node-16] [WARN] [1777389804.343351254] [mpc_node]: [MPC-OBS] NO obstacles fed to MPC this cycle (stale=618ms, lidar_pts=3426)
[a_star_node-15] [INFO] [1777389804.528002447] [a_star_node]: [A*] NAVIGATING  dist_to_goal=17.46 m  robot=(-5.46,-8.34)  goal=(12.00,-8.00)  path=38 wpts  local_goal=(3.79,-8.34)
[a_star_node-15] [INFO] [1777389804.574759613] [a_star_node]: [A*] New global goal: (12.00, -8.00, 0.00)
[mpc_node-16] [WARN] [1777389804.867257162] [mpc_node]: [MPC-OBS] 3418 pts in range | nearest 5: world=(-5.90,-9.76) body=(-0.56,-1.37) d=1.48m bear=-112° | world=(-5.38,-9.83) body=(-0.05,-1.49) d=1.49m bear=-92° | world=(-5.47,-9.84) body=(-0.14,-1.48) d=1.49m bear=-95° | world=(-5.83,-9.79) body=(-0.50,-1.40) d=1.49m bear=-110° | world=(-5.79,-9.80) body=(-0.46,-1.42) d=1.49m bear=-108°
[mpc_node-16] [INFO] [1777389805.105589058] [mpc_node]: [MPC] #0100 ok=True cost=   383.2 solve= 41.9 ms avg= 45.8 ms  fails=0  security=False  vx_eff=1.00  scan_age=151 ms  path_wpts=63(raw=38)  robot=[-5.45,-8.35] setpt=[-5.10,-8.36]
[mpc_node-16] [INFO] [1777389805.107016142] [mpc_node]: [MPC-DEBUG] /go2/pose received: pos=(-5.4368, -8.3474)  yaw=4.6 deg  vel_body=(0.09, 0.00, -0.05)
[mpc_node-16] [WARN] [1777389805.108665346] [mpc_node]: [MPC-OBS] NO obstacles fed to MPC this cycle (stale=664ms, lidar_pts=3418)
[a_star_node-15] [INFO] [1777389805.348593810] [a_star_node]: [A*-DEBUG] Planning from pose=(-5.3098, -8.3488)  goal=(12.00, -8.00)
[setpoint_to_cmd_vel_node-17] [INFO] [1777389805.348732329] [setpoint_to_cmd_vel_node]: [CMD_VEL] robot=(-5.31,-8.35)  setpt=(-5.06,-8.36)  dist=0.25m  vx=+0.28  vy=-0.02  wz=-0.03
[a_star_node-15] [INFO] [1777389805.537896936] [a_star_node]: [A*] NAVIGATING  dist_to_goal=17.31 m  robot=(-5.31,-8.35)  goal=(12.00,-8.00)  path=38 wpts  local_goal=(3.94,-8.35)
[mpc_node-16] [WARN] [1777389805.632379285] [mpc_node]: [MPC-OBS] 3369 pts in range | nearest 5: world=(-5.41,-9.86) body=(-0.01,-1.52) d=1.52m bear=-90° | world=(-5.43,-9.87) body=(-0.03,-1.52) d=1.52m bear=-91° | world=(-5.44,-9.88) body=(-0.05,-1.54) d=1.54m bear=-92° | world=(-5.36,-9.89) body=(+0.04,-1.54) d=1.54m bear=-89° | world=(-5.38,-9.89) body=(+0.02,-1.55) d=1.55m bear=-89°
[mpc_node-16] [INFO] [1777389805.858899998] [mpc_node]: [MPC] #0102 ok=True cost=   377.7 solve= 36.2 ms avg= 45.5 ms  fails=0  security=False  vx_eff=1.00  scan_age=84 ms  path_wpts=63(raw=38)  robot=[-5.40,-8.34] setpt=[-5.02,-8.36]
[mpc_node-16] [WARN] [1777389805.860980263] [mpc_node]: [MPC] LiDAR scan stale (600 ms > 600 ms) — skipping obstacles
[mpc_node-16] [WARN] [1777389805.861448658] [mpc_node]: [MPC-OBS] NO obstacles fed to MPC this cycle (stale=600ms, lidar_pts=3369)
[mpc_node-16] [INFO] [1777389806.099224951] [mpc_node]: [MPC] Received NEW A* path: 38 raw → 63 resampled | reset_filter=False
[odom_to_pose_node-13] [INFO] [1777389806.321191906] [odom_to_pose_node]: [ODOM_BRIDGE] #00988  pos=(-5.1886, -8.3518)  vel=(-0.0286, 0.0538)
[mpc_node-16] [WARN] [1777389806.363538868] [mpc_node]: [MPC-OBS] 3348 pts in range | nearest 5: world=(-5.46,-9.84) body=(-0.22,-1.48) d=1.50m bear=-99° | world=(-5.03,-9.84) body=(+0.20,-1.49) d=1.50m bear=-82° | world=(-5.34,-9.86) body=(-0.10,-1.50) d=1.50m bear=-94° | world=(-5.20,-9.86) body=(+0.03,-1.50) d=1.51m bear=-89° | world=(-5.40,-9.86) body=(-0.17,-1.50) d=1.51m bear=-97°
[setpoint_to_cmd_vel_node-17] [INFO] [1777389806.372609344] [setpoint_to_cmd_vel_node]: [CMD_VEL] robot=(-5.19,-8.35)  setpt=(-4.98,-8.35)  dist=0.21m  vx=+0.21  vy=-0.01  wz=-0.03
[a_star_node-15] [INFO] [1777389806.582521461] [a_star_node]: [A*] NAVIGATING  dist_to_goal=17.19 m  robot=(-5.19,-8.35)  goal=(12.00,-8.00)  path=38 wpts  local_goal=(4.06,-8.35)
[mpc_node-16] [INFO] [1777389806.597505556] [mpc_node]: [MPC] #0104 ok=True cost=   412.2 solve= 37.5 ms avg= 45.3 ms  fails=0  security=False  vx_eff=1.00  scan_age=126 ms  path_wpts=63(raw=38)  robot=[-5.25,-8.36] setpt=[-4.94,-8.35]
[mpc_node-16] [WARN] [1777389806.599796654] [mpc_node]: [MPC-OBS] NO obstacles fed to MPC this cycle (stale=620ms, lidar_pts=3348)
[mpc_node-16] [WARN] [1777389807.116649718] [mpc_node]: [MPC-OBS] 3324 pts in range | nearest 5: world=(-5.28,-9.79) body=(-0.13,-1.43) d=1.44m bear=-95° | world=(-5.06,-9.79) body=(+0.10,-1.44) d=1.44m bear=-86° | world=(-5.06,-9.79) body=(+0.10,-1.44) d=1.44m bear=-86° | world=(-5.24,-9.79) body=(-0.09,-1.44) d=1.44m bear=-94° | world=(-5.26,-9.80) body=(-0.11,-1.45) d=1.45m bear=-95°
[mpc_node-16] [INFO] [1777389807.351404388] [mpc_node]: [MPC] #0106 ok=True cost=   466.0 solve= 44.7 ms avg= 45.2 ms  fails=0  security=False  vx_eff=1.00  scan_age=143 ms  path_wpts=63(raw=38)  robot=[-5.19,-8.35] setpt=[-4.86,-8.35]
[mpc_node-16] [INFO] [1777389807.352302949] [mpc_node]: [MPC-DEBUG] /go2/pose received: pos=(-5.1414, -8.3500)  yaw=-0.5 deg  vel_body=(0.10, 0.01, -0.02)
[mpc_node-16] [WARN] [1777389807.352912047] [mpc_node]: [MPC] LiDAR scan stale (658 ms > 600 ms) — skipping obstacles
[mpc_node-16] [WARN] [1777389807.353167897] [mpc_node]: [MPC-OBS] NO obstacles fed to MPC this cycle (stale=658ms, lidar_pts=3324)
[a_star_node-15] [INFO] [1777389807.395244010] [a_star_node]: [A*-DEBUG] Planning from pose=(-5.0595, -8.3521)  goal=(12.00, -8.00)
[setpoint_to_cmd_vel_node-17] [INFO] [1777389807.395759549] [setpoint_to_cmd_vel_node]: [CMD_VEL] robot=(-5.06,-8.35)  setpt=(-4.86,-8.35)  dist=0.20m  STOPPED  vx=+0.17  vy=+0.00  wz=+0.00
[a_star_node-15] [INFO] [1777389807.601420417] [a_star_node]: [A*] NAVIGATING  dist_to_goal=17.06 m  robot=(-5.06,-8.35)  goal=(12.00,-8.00)  path=38 wpts  local_goal=(4.19,-8.35)
[mpc_node-16] [WARN] [1777389807.856092799] [mpc_node]: [MPC-OBS] 3317 pts in range | nearest 5: world=(-5.02,-9.88) body=(+0.14,-1.52) d=1.52m bear=-85° | world=(-5.06,-9.88) body=(+0.11,-1.52) d=1.53m bear=-86° | world=(-5.08,-9.89) body=(+0.09,-1.52) d=1.53m bear=-87° | world=(-5.39,-9.86) body=(-0.23,-1.51) d=1.53m bear=-99° | world=(-5.09,-9.89) body=(+0.07,-1.53) d=1.53m bear=-87°
[mpc_node-16] [INFO] [1777389808.098312321] [mpc_node]: [MPC] #0108 ok=True cost=   343.1 solve= 38.8 ms avg= 45.1 ms  fails=0  security=False  vx_eff=1.00  scan_age=81 ms  path_wpts=63(raw=38)  robot=[-5.10,-8.36] setpt=[-4.78,-8.35]
[odom_to_pose_node-13] [INFO] [1777389808.368072981] [odom_to_pose_node]: [ODOM_BRIDGE] #01028  pos=(-4.9742, -8.3480)  vel=(0.1676, 0.0323)
[mpc_node-16] [WARN] [1777389808.371086477] [mpc_node]: [MPC-OBS] 3317 pts in range | nearest 5: world=(-5.00,-9.88) body=(+0.09,-1.52) d=1.53m bear=-87° | world=(-4.94,-9.89) body=(+0.15,-1.52) d=1.53m bear=-84° | world=(-5.03,-9.89) body=(+0.05,-1.53) d=1.53m bear=-88° | world=(-5.05,-9.89) body=(+0.04,-1.53) d=1.53m bear=-89° | world=(-5.05,-9.89) body=(+0.04,-1.54) d=1.54m bear=-89°
[setpoint_to_cmd_vel_node-17] [INFO] [1777389808.419407969] [setpoint_to_cmd_vel_node]: [CMD_VEL] robot=(-4.97,-8.35)  setpt=(-4.78,-8.35)  dist=0.19m  STOPPED  vx=+0.24  vy=-0.00  wz=-0.02
[mpc_node-16] [INFO] [1777389808.602951503] [mpc_node]: [MPC] #0109 ok=True cost=   356.0 solve= 30.8 ms avg= 44.9 ms  fails=0  security=False  vx_eff=1.00  scan_age=588 ms  path_wpts=63(raw=38)  robot=[-5.03,-8.36] setpt=[-4.74,-8.35]
[mpc_node-16] [INFO] [1777389808.611613727] [mpc_node]: [MPC] Received NEW A* path: 38 raw → 63 resampled | reset_filter=False
[a_star_node-15] [INFO] [1777389808.628043017] [a_star_node]: [A*] NAVIGATING  dist_to_goal=16.98 m  robot=(-4.97,-8.35)  goal=(12.00,-8.00)  path=38 wpts  local_goal=(4.28,-8.35)
[mpc_node-16] [WARN] [1777389808.892936865] [mpc_node]: [MPC-OBS] 3311 pts in range | nearest 5: world=(-5.17,-9.81) body=(-0.18,-1.45) d=1.46m bear=-97° | world=(-4.77,-9.80) body=(+0.22,-1.45) d=1.46m bear=-81° | world=(-4.86,-9.82) body=(+0.13,-1.46) d=1.47m bear=-85° | world=(-5.04,-9.83) body=(-0.05,-1.47) d=1.47m bear=-92° | world=(-5.04,-9.83) body=(-0.05,-1.47) d=1.47m bear=-92°
[mpc_node-16] [INFO] [1777389809.114538332] [mpc_node]: [MPC] #0110 ok=True cost=   454.0 solve= 36.5 ms avg= 44.9 ms  fails=0  security=False  vx_eff=1.00  scan_age=90 ms  path_wpts=63(raw=38)  robot=[-5.01,-8.36] setpt=[-4.70,-8.35]
[a_star_node-15] [INFO] [1777389809.440364866] [a_star_node]: [A*-DEBUG] Planning from pose=(-4.9239, -8.3457)  goal=(12.00, -8.00)
[setpoint_to_cmd_vel_node-17] [INFO] [1777389809.440674922] [setpoint_to_cmd_vel_node]: [CMD_VEL] robot=(-4.92,-8.35)  setpt=(-4.70,-8.35)  dist=0.22m  vx=+0.17  vy=-0.01  wz=-0.04
[mpc_node-16] [INFO] [1777389809.622782407] [mpc_node]: [MPC] #0111 ok=True cost=   415.4 solve= 33.9 ms avg= 44.8 ms  fails=0  security=False  vx_eff=1.00  scan_age=82 ms  path_wpts=63(raw=38)  robot=[-4.93,-8.36] setpt=[-4.66,-8.35]
[mpc_node-16] [INFO] [1777389809.623722461] [mpc_node]: [MPC-DEBUG] /go2/pose received: pos=(-4.9097, -8.3531)  yaw=-1.6 deg  vel_body=(0.07, -0.00, -0.03)
[a_star_node-15] [INFO] [1777389809.650198596] [a_star_node]: [A*] NAVIGATING  dist_to_goal=16.93 m  robot=(-4.92,-8.35)  goal=(12.00,-8.00)  path=38 wpts  local_goal=(4.33,-8.35)
[a_star_node-15] [INFO] [1777389809.653354984] [a_star_node]: [A*] New global goal: (12.00, -8.00, 0.00)
[mpc_node-16] [WARN] [1777389809.909698545] [mpc_node]: [MPC-OBS] 3301 pts in range | nearest 5: world=(-4.91,-9.88) body=(+0.04,-1.53) d=1.53m bear=-88° | world=(-4.88,-9.89) body=(+0.07,-1.53) d=1.54m bear=-87° | world=(-4.85,-9.89) body=(+0.11,-1.53) d=1.54m bear=-86° | world=(-4.88,-9.89) body=(+0.07,-1.54) d=1.54m bear=-87° | world=(-4.95,-9.89) body=(+0.01,-1.54) d=1.54m bear=-90°
[mpc_node-16] [INFO] [1777389810.134173925] [mpc_node]: [MPC] #0112 ok=True cost=   382.2 solve= 30.9 ms avg= 44.6 ms  fails=0  security=False  vx_eff=1.00  scan_age=579 ms  path_wpts=63(raw=38)  robot=[-4.91,-8.35] setpt=[-4.62,-8.34]
[odom_to_pose_node-13] [INFO] [1777389810.412608850] [odom_to_pose_node]: [ODOM_BRIDGE] #01068  pos=(-4.8085, -8.3458)  vel=(0.1801, 0.0252)
[mpc_node-16] [WARN] [1777389810.456038361] [mpc_node]: [MPC-OBS] 3661 pts in range | nearest 5: world=(-5.07,-9.80) body=(-0.11,-1.45) d=1.46m bear=-95° | world=(-5.07,-9.81) body=(-0.12,-1.46) d=1.46m bear=-95° | world=(-4.72,-9.80) body=(+0.24,-1.45) d=1.47m bear=-81° | world=(-4.63,-9.79) body=(+0.33,-1.43) d=1.47m bear=-77° | world=(-5.04,-9.83) body=(-0.08,-1.48) d=1.48m bear=-93°
[setpoint_to_cmd_vel_node-17] [INFO] [1777389810.463295961] [setpoint_to_cmd_vel_node]: [CMD_VEL] robot=(-4.81,-8.35)  setpt=(-4.62,-8.34)  dist=0.19m  STOPPED  vx=+0.23  vy=+0.00  wz=-0.01
[a_star_node-15] [INFO] [1777389810.670921835] [a_star_node]: [A*] NAVIGATING  dist_to_goal=16.81 m  robot=(-4.81,-8.35)  goal=(12.00,-8.00)  path=38 wpts  local_goal=(4.44,-8.35)
[mpc_node-16] [INFO] [1777389810.709500715] [mpc_node]: [MPC] #0113 ok=True cost=   468.9 solve= 39.1 ms avg= 44.6 ms  fails=0  security=False  vx_eff=1.00  scan_age=79 ms  path_wpts=63(raw=38)  robot=[-4.93,-8.35] setpt=[-4.58,-8.34]
[mpc_node-16] [INFO] [1777389810.712693526] [mpc_node]: [MPC] Received NEW A* path: 38 raw → 63 resampled | reset_filter=False
[mpc_node-16] [WARN] [1777389810.713484769] [mpc_node]: [MPC] LiDAR scan stale (640 ms > 600 ms) — skipping obstacles
[mpc_node-16] [WARN] [1777389810.713832693] [mpc_node]: [MPC-OBS] NO obstacles fed to MPC this cycle (stale=640ms, lidar_pts=3661)
[mpc_node-16] [WARN] [1777389811.266458580] [mpc_node]: [MPC-OBS] 3275 pts in range | nearest 5: world=(-4.74,-9.87) body=(+0.02,-1.53) d=1.53m bear=-89° | world=(-4.95,-9.87) body=(-0.19,-1.52) d=1.53m bear=-97° | world=(-4.71,-9.87) body=(+0.05,-1.53) d=1.53m bear=-88° | world=(-4.74,-9.88) body=(+0.01,-1.53) d=1.53m bear=-89° | world=(-4.87,-9.88) body=(-0.11,-1.53) d=1.54m bear=-94°
[a_star_node-15] [INFO] [1777389811.487511421] [a_star_node]: [A*-DEBUG] Planning from pose=(-4.7604, -8.3438)  goal=(12.00, -8.00)
[mpc_node-16] [INFO] [1777389811.488019729] [mpc_node]: [MPC] #0115 ok=True cost=   386.3 solve= 37.1 ms avg= 44.5 ms  fails=0  security=False  vx_eff=1.00  scan_age=86 ms  path_wpts=63(raw=38)  robot=[-4.80,-8.34] setpt=[-4.50,-8.34]
[setpoint_to_cmd_vel_node-17] [INFO] [1777389811.488230258] [setpoint_to_cmd_vel_node]: [CMD_VEL] robot=(-4.76,-8.34)  setpt=(-4.54,-8.34)  dist=0.22m  vx=+0.25  vy=-0.01  wz=-0.04
[mpc_node-16] [WARN] [1777389811.490555244] [mpc_node]: [MPC-OBS] NO obstacles fed to MPC this cycle (stale=601ms, lidar_pts=3275)
[a_star_node-15] [INFO] [1777389811.695215996] [a_star_node]: [A*] NAVIGATING  dist_to_goal=16.76 m  robot=(-4.76,-8.34)  goal=(12.00,-8.00)  path=38 wpts  local_goal=(4.49,-8.34)
[mpc_node-16] [INFO] [1777389811.711950974] [mpc_node]: [MPC-DEBUG] /go2/pose received: pos=(-4.7589, -8.3525)  yaw=0.5 deg  vel_body=(0.06, -0.01, -0.01)
[mpc_node-16] [WARN] [1777389812.042756729] [mpc_node]: [MPC-OBS] 4026 pts in range | nearest 5: world=(-5.02,-9.85) body=(-0.27,-1.50) d=1.52m bear=-100° | world=(-4.81,-9.88) body=(-0.06,-1.53) d=1.53m bear=-92° | world=(-4.87,-9.88) body=(-0.13,-1.53) d=1.53m bear=-95° | world=(-4.91,-9.88) body=(-0.16,-1.53) d=1.54m bear=-96° | world=(-4.79,-9.89) body=(-0.04,-1.54) d=1.54m bear=-92°
[mpc_node-16] [INFO] [1777389812.306888396] [mpc_node]: [MPC] #0117 ok=True cost=   348.8 solve= 35.3 ms avg= 44.3 ms  fails=0  security=False  vx_eff=1.00  scan_age=218 ms  path_wpts=63(raw=38)  robot=[-4.76,-8.35] setpt=[-4.42,-8.34]
[mpc_node-16] [INFO] [1777389812.310745309] [mpc_node]: [MPC] Received NEW A* path: 38 raw → 63 resampled | reset_filter=False
[mpc_node-16] [WARN] [1777389812.311592983] [mpc_node]: [MPC] LiDAR scan stale (801 ms > 600 ms) — skipping obstacles
[mpc_node-16] [WARN] [1777389812.311916422] [mpc_node]: [MPC-OBS] NO obstacles fed to MPC this cycle (stale=801ms, lidar_pts=4026)
[odom_to_pose_node-13] [INFO] [1777389812.462063662] [odom_to_pose_node]: [ODOM_BRIDGE] #01108  pos=(-4.5974, -8.3441)  vel=(0.1180, 0.0253)
[setpoint_to_cmd_vel_node-17] [INFO] [1777389812.512980058] [setpoint_to_cmd_vel_node]: [CMD_VEL] robot=(-4.60,-8.34)  setpt=(-4.42,-8.34)  dist=0.18m  STOPPED  vx=+0.13  vy=-0.00  wz=-0.00
[a_star_node-15] [INFO] [1777389812.722671648] [a_star_node]: [A*] NAVIGATING  dist_to_goal=16.60 m  robot=(-4.60,-8.34)  goal=(12.00,-8.00)  path=38 wpts  local_goal=(4.65,-8.34)
[mpc_node-16] [WARN] [1777389813.005726560] [mpc_node]: [MPC-OBS] 3660 pts in range | nearest 5: world=(-4.51,-9.87) body=(+0.19,-1.52) d=1.53m bear=-83° | world=(-4.63,-9.88) body=(+0.07,-1.54) d=1.54m bear=-87° | world=(-4.63,-9.88) body=(+0.07,-1.54) d=1.54m bear=-87° | world=(-4.50,-9.88) body=(+0.21,-1.53) d=1.54m bear=-82° | world=(-4.59,-9.89) body=(+0.11,-1.54) d=1.54m bear=-86°
[mpc_node-16] [INFO] [1777389813.253747528] [mpc_node]: [MPC] #0119 ok=True cost=   363.5 solve= 35.2 ms avg= 44.2 ms  fails=0  security=False  vx_eff=1.00  scan_age=98 ms  path_wpts=63(raw=38)  robot=[-4.65,-8.34] setpt=[-4.34,-8.34]
[mpc_node-16] [WARN] [1777389813.255411359] [mpc_node]: [MPC-OBS] NO obstacles fed to MPC this cycle (stale=721ms, lidar_pts=3660)
[mpc_node-16] [INFO] [1777389813.504165818] [mpc_node]: [MPC] Received NEW A* path: 38 raw → 64 resampled | reset_filter=False
[a_star_node-15] [INFO] [1777389813.539840774] [a_star_node]: [A*-DEBUG] Planning from pose=(-4.5244, -8.3418)  goal=(12.00, -8.00)
[setpoint_to_cmd_vel_node-17] [INFO] [1777389813.540096979] [setpoint_to_cmd_vel_node]: [CMD_VEL] robot=(-4.52,-8.34)  setpt=(-4.30,-8.34)  dist=0.22m  vx=+0.22  vy=-0.00  wz=-0.02
[a_star_node-15] [INFO] [1777389813.742355979] [a_star_node]: [A*] NAVIGATING  dist_to_goal=16.53 m  robot=(-4.52,-8.34)  goal=(12.00,-8.00)  path=38 wpts  local_goal=(4.73,-8.34)
[mpc_node-16] [WARN] [1777389813.817011863] [mpc_node]: [MPC-OBS] 3263 pts in range | nearest 5: world=(-4.56,-9.78) body=(+0.04,-1.44) d=1.44m bear=-89° | world=(-4.82,-9.77) body=(-0.22,-1.43) d=1.45m bear=-99° | world=(-4.62,-9.80) body=(-0.02,-1.46) d=1.46m bear=-91° | world=(-4.72,-9.80) body=(-0.12,-1.46) d=1.46m bear=-95° | world=(-4.98,-9.75) body=(-0.38,-1.41) d=1.46m bear=-105°
[mpc_node-16] [INFO] [1777389814.027798967] [mpc_node]: [MPC] #0121 ok=True cost=   752.1 solve= 25.2 ms avg= 43.9 ms  fails=0  security=False  vx_eff=1.00  scan_age=166 ms  path_wpts=64(raw=38)  robot=[-4.58,-8.34] setpt=[-4.26,-8.35]
[mpc_node-16] [INFO] [1777389814.028928371] [mpc_node]: [MPC-DEBUG] /go2/pose received: pos=(-4.5191, -8.3394)  yaw=2.9 deg  vel_body=(0.08, 0.00, -0.11)
[odom_to_pose_node-13] [INFO] [1777389814.511273476] [odom_to_pose_node]: [ODOM_BRIDGE] #01148  pos=(-4.4454, -8.3421)  vel=(-0.0271, 0.0436)
[mpc_node-16] [INFO] [1777389814.540266835] [mpc_node]: [MPC] #0122 ok=True cost=   365.0 solve= 36.5 ms avg= 43.8 ms  fails=0  security=False  vx_eff=1.00  scan_age=79 ms  path_wpts=63(raw=38)  robot=[-4.51,-8.34] setpt=[-4.22,-8.35]
[setpoint_to_cmd_vel_node-17] [INFO] [1777389814.562039859] [setpoint_to_cmd_vel_node]: [CMD_VEL] robot=(-4.45,-8.34)  setpt=(-4.22,-8.35)  dist=0.22m  vx=+0.04  vy=-0.01  wz=-0.02
[a_star_node-15] [INFO] [1777389814.749189974] [a_star_node]: [A*] NAVIGATING  dist_to_goal=16.45 m  robot=(-4.45,-8.34)  goal=(12.00,-8.00)  path=38 wpts  local_goal=(4.80,-8.34)
[a_star_node-15] [INFO] [1777389814.752600494] [a_star_node]: [A*] New global goal: (12.00, -8.00, 0.00)
[mpc_node-16] [WARN] [1777389814.816403179] [mpc_node]: [MPC-OBS] 3248 pts in range | nearest 5: world=(-4.45,-9.88) body=(-0.07,-1.54) d=1.54m bear=-93° | world=(-4.37,-9.89) body=(+0.01,-1.55) d=1.55m bear=-89° | world=(-4.40,-9.89) body=(-0.02,-1.55) d=1.55m bear=-91° | world=(-4.52,-9.89) body=(-0.14,-1.54) d=1.55m bear=-95° | world=(-4.35,-9.89) body=(+0.03,-1.55) d=1.55m bear=-89°
[mpc_node-16] [INFO] [1777389815.544088361] [mpc_node]: [MPC] #0124 ok=True cost=   466.3 solve= 38.7 ms avg= 43.7 ms  fails=0  security=False  vx_eff=1.00  scan_age=165 ms  path_wpts=63(raw=38)  robot=[-4.45,-8.34] setpt=[-4.14,-8.34]
[mpc_node-16] [INFO] [1777389815.554323268] [mpc_node]: [MPC] Received NEW A* path: 38 raw → 63 resampled | reset_filter=False
[a_star_node-15] [INFO] [1777389815.584289215] [a_star_node]: [A*-DEBUG] Planning from pose=(-4.4266, -8.3461)  goal=(12.00, -8.00)
[setpoint_to_cmd_vel_node-17] [INFO] [1777389815.584462459] [setpoint_to_cmd_vel_node]: [CMD_VEL] robot=(-4.43,-8.35)  setpt=(-4.14,-8.34)  dist=0.29m  vx=+0.32  vy=-0.01  wz=-0.04
[a_star_node-15] [INFO] [1777389815.793986901] [a_star_node]: [A*] NAVIGATING  dist_to_goal=16.43 m  robot=(-4.43,-8.35)  goal=(12.00,-8.00)  path=38 wpts  local_goal=(4.82,-8.35)
[mpc_node-16] [WARN] [1777389815.877945248] [mpc_node]: [MPC-OBS] 3626 pts in range | nearest 5: world=(-4.50,-9.85) body=(-0.06,-1.51) d=1.51m bear=-92° | world=(-4.50,-9.86) body=(-0.06,-1.52) d=1.52m bear=-92° | world=(-4.50,-9.86) body=(-0.06,-1.52) d=1.52m bear=-92° | world=(-4.42,-9.86) body=(+0.02,-1.52) d=1.52m bear=-89° | world=(-4.49,-9.86) body=(-0.04,-1.52) d=1.52m bear=-92°
[nav_graph_node-18] [INFO] [1777389816.096133601] [nav_graph_node]: [NavGraph] Node 1 @ (-4.32,-8.35)  total=2  neighbours=1
[mpc_node-16] [INFO] [1777389816.125104834] [mpc_node]: [MPC] #0125 ok=True cost=   378.6 solve= 35.1 ms avg= 43.6 ms  fails=0  security=False  vx_eff=1.00  scan_age=162 ms  path_wpts=63(raw=38)  robot=[-4.48,-8.34] setpt=[-4.10,-8.34]
[mpc_node-16] [INFO] [1777389816.126172500] [mpc_node]: [MPC-DEBUG] /go2/pose received: pos=(-4.4070, -8.3446)  yaw=0.4 deg  vel_body=(0.02, -0.00, -0.07)
[mpc_node-16] [WARN] [1777389816.426196291] [mpc_node]: [MPC-OBS] 3254 pts in range | nearest 5: world=(-4.45,-9.88) body=(-0.06,-1.53) d=1.53m bear=-92° | world=(-4.58,-9.87) body=(-0.18,-1.52) d=1.53m bear=-97° | world=(-4.45,-9.88) body=(-0.06,-1.53) d=1.53m bear=-92° | world=(-4.54,-9.88) body=(-0.14,-1.53) d=1.54m bear=-95° | world=(-4.53,-9.88) body=(-0.14,-1.54) d=1.54m bear=-95°
[odom_to_pose_node-13] [INFO] [1777389816.556997842] [odom_to_pose_node]: [ODOM_BRIDGE] #01188  pos=(-4.2526, -8.3460)  vel=(0.0878, 0.0312)
[setpoint_to_cmd_vel_node-17] [INFO] [1777389816.608235745] [setpoint_to_cmd_vel_node]: [CMD_VEL] robot=(-4.25,-8.35)  setpt=(-4.10,-8.34)  dist=0.15m  STOPPED  vx=+0.10  vy=-0.00  wz=-0.00
[mpc_node-16] [INFO] [1777389816.647024271] [mpc_node]: [MPC] #0126 ok=True cost=   352.7 solve= 31.2 ms avg= 43.5 ms  fails=0  security=False  vx_eff=1.00  scan_age=130 ms  path_wpts=63(raw=38)  robot=[-4.41,-8.34] setpt=[-4.06,-8.34]
[mpc_node-16] [INFO] [1777389816.650426437] [mpc_node]: [MPC] Received NEW A* path: 38 raw → 63 resampled | reset_filter=False
[mpc_node-16] [WARN] [1777389816.651190410] [mpc_node]: [MPC] LiDAR scan stale (639 ms > 600 ms) — skipping obstacles
[mpc_node-16] [WARN] [1777389816.651572608] [mpc_node]: [MPC-OBS] NO obstacles fed to MPC this cycle (stale=639ms, lidar_pts=3254)
[a_star_node-15] [INFO] [1777389816.806599536] [a_star_node]: [A*] NAVIGATING  dist_to_goal=16.26 m  robot=(-4.25,-8.35)  goal=(12.00,-8.00)  path=2 wpts  local_goal=(-4.50,-8.60)
[mpc_node-16] [WARN] [1777389817.206717403] [mpc_node]: [MPC-OBS] 3632 pts in range | nearest 5: world=(-4.13,-9.80) body=(+0.12,-1.45) d=1.45m bear=-85° | world=(-4.39,-9.81) body=(-0.14,-1.46) d=1.47m bear=-96° | world=(-4.45,-9.81) body=(-0.20,-1.46) d=1.47m bear=-98° | world=(-4.18,-9.82) body=(+0.07,-1.47) d=1.47m bear=-87° | world=(-4.40,-9.83) body=(-0.15,-1.48) d=1.48m bear=-96°
[mpc_node-16] [INFO] [1777389817.450378958] [mpc_node]: [MPC] #0128 ok=True cost=   417.2 solve= 38.6 ms avg= 43.4 ms  fails=0  security=False  vx_eff=1.00  scan_age=79 ms  path_wpts=63(raw=38)  robot=[-4.27,-8.35] setpt=[-3.98,-8.34]
[mpc_node-16] [WARN] [1777389817.453066589] [mpc_node]: [MPC-OBS] NO obstacles fed to MPC this cycle (stale=625ms, lidar_pts=3632)
[a_star_node-15] [INFO] [1777389817.629962412] [a_star_node]: [A*-DEBUG] Planning from pose=(-4.2686, -8.3429)  goal=(12.00, -8.00)
[setpoint_to_cmd_vel_node-17] [INFO] [1777389817.630112953] [setpoint_to_cmd_vel_node]: [CMD_VEL] robot=(-4.27,-8.34)  setpt=(-3.98,-8.34)  dist=0.29m  vx=+0.28  vy=-0.01  wz=-0.05
[a_star_node-15] [INFO] [1777389817.842360234] [a_star_node]: [A*] NAVIGATING  dist_to_goal=16.27 m  robot=(-4.27,-8.34)  goal=(12.00,-8.00)  path=2 wpts  local_goal=(-4.52,-8.59)
[mpc_node-16] [WARN] [1777389818.056794965] [mpc_node]: [MPC-OBS] 3293 pts in range | nearest 5: world=(-4.32,-9.88) body=(+0.05,-1.54) d=1.54m bear=-88° | world=(-4.32,-9.88) body=(+0.04,-1.54) d=1.54m bear=-88° | world=(-4.19,-9.89) body=(+0.17,-1.53) d=1.54m bear=-84° | world=(-4.41,-9.89) body=(-0.05,-1.54) d=1.55m bear=-92° | world=(-4.34,-9.89) body=(+0.03,-1.55) d=1.55m bear=-89°
[mpc_node-16] [INFO] [1777389818.306002105] [mpc_node]: [MPC] #0130 ok=True cost=  1929.7 solve= 60.5 ms avg= 43.9 ms  fails=0  security=False  vx_eff=1.00  scan_age=105 ms  path_wpts=4(raw=2)  robot=[-4.27,-8.35] setpt=[-4.05,-8.38]
[mpc_node-16] [INFO] [1777389818.307175238] [mpc_node]: [MPC-DEBUG] /go2/pose received: pos=(-4.2367, -8.3475)  yaw=-2.4 deg  vel_body=(0.02, -0.00, -0.16)
[mpc_node-16] [WARN] [1777389818.307936862] [mpc_node]: [MPC] LiDAR scan stale (660 ms > 600 ms) — skipping obstacles
[mpc_node-16] [WARN] [1777389818.308192818] [mpc_node]: [MPC-OBS] NO obstacles fed to MPC this cycle (stale=660ms, lidar_pts=3293)
[mpc_node-16] [INFO] [1777389818.561554943] [mpc_node]: [MPC] Received NEW A* path: 2 raw → 4 resampled | reset_filter=False
[odom_to_pose_node-13] [INFO] [1777389818.604542981] [odom_to_pose_node]: [ODOM_BRIDGE] #01228  pos=(-4.1343, -8.3486)  vel=(-0.0158, 0.0544)
[setpoint_to_cmd_vel_node-17] [INFO] [1777389818.654906288] [setpoint_to_cmd_vel_node]: [CMD_VEL] robot=(-4.13,-8.35)  setpt=(-4.09,-8.40)  dist=0.07m  STOPPED  vx=+0.04  vy=-0.00  wz=-0.00
[mpc_node-16] [WARN] [1777389818.868398861] [mpc_node]: [MPC-OBS] 3636 pts in range | nearest 5: world=(-4.12,-9.72) body=(-0.02,-1.38) d=1.38m bear=-91° | world=(-4.67,-9.63) body=(-0.57,-1.25) d=1.38m bear=-114° | world=(-4.22,-9.73) body=(-0.12,-1.38) d=1.38m bear=-95° | world=(-4.28,-9.73) body=(-0.19,-1.37) d=1.39m bear=-98° | world=(-4.71,-9.63) body=(-0.61,-1.25) d=1.39m bear=-116°
[a_star_node-15] [INFO] [1777389818.873459157] [a_star_node]: [A*] NAVIGATING  dist_to_goal=16.14 m  robot=(-4.13,-8.35)  goal=(12.00,-8.00)  path=2 wpts  local_goal=(-4.38,-8.35)
[mpc_node-16] [INFO] [1777389819.154093258] [mpc_node]: [MPC] #0132 ok=True cost=  3290.9 solve= 65.4 ms avg= 44.1 ms  fails=0  security=False  vx_eff=1.00  scan_age=110 ms  path_wpts=4(raw=2)  robot=[-4.19,-8.34] setpt=[-4.13,-8.39]
[mpc_node-16] [WARN] [1777389819.487573496] [mpc_node]: [MPC-OBS] 3315 pts in range | nearest 5: world=(-4.22,-9.86) body=(-0.03,-1.52) d=1.52m bear=-91° | world=(-4.11,-9.87) body=(+0.07,-1.52) d=1.52m bear=-87° | world=(-4.22,-9.87) body=(-0.04,-1.53) d=1.53m bear=-91° | world=(-4.22,-9.87) body=(-0.04,-1.53) d=1.53m bear=-91° | world=(-4.02,-9.87) body=(+0.17,-1.52) d=1.53m bear=-84°
[a_star_node-15] [INFO] [1777389819.627782737] [a_star_node]: [A*] New global goal: (12.00, -8.00, 0.00)
[a_star_node-15] [INFO] [1777389819.678908711] [a_star_node]: [A*-DEBUG] Planning from pose=(-4.2012, -8.3471)  goal=(12.00, -8.00)
[setpoint_to_cmd_vel_node-17] [INFO] [1777389819.679372331] [setpoint_to_cmd_vel_node]: [CMD_VEL] robot=(-4.20,-8.35)  setpt=(-4.13,-8.39)  dist=0.09m  STOPPED  vx=+0.00  vy=-0.00  wz=-0.00
[mpc_node-16] [INFO] [1777389819.769673972] [mpc_node]: [MPC] #0133 ok=True cost=  1249.5 solve= 94.7 ms avg= 44.5 ms  fails=0  security=False  vx_eff=1.00  scan_age=290 ms  path_wpts=4(raw=2)  robot=[-4.14,-8.34] setpt=[-4.17,-8.38]
[mpc_node-16] [WARN] [1777389819.771689946] [mpc_node]: [MPC] LiDAR scan stale (889 ms > 600 ms) — skipping obstacles
[mpc_node-16] [WARN] [1777389819.772030106] [mpc_node]: [MPC-OBS] NO obstacles fed to MPC this cycle (stale=889ms, lidar_pts=3315)
[a_star_node-15] [INFO] [1777389819.903350019] [a_star_node]: [A*] NAVIGATING  dist_to_goal=16.20 m  robot=(-4.20,-8.35)  goal=(12.00,-8.00)  path=2 wpts  local_goal=(-4.45,-8.35)
[mpc_node-16] [INFO] [1777389820.049970210] [mpc_node]: [MPC] Received NEW A* path: 2 raw → 4 resampled | reset_filter=False
[mpc_node-16] [WARN] [1777389820.324440603] [mpc_node]: [MPC-OBS] 3285 pts in range | nearest 5: world=(-4.02,-9.84) body=(+0.13,-1.50) d=1.50m bear=-85° | world=(-4.11,-9.85) body=(+0.03,-1.50) d=1.50m bear=-89° | world=(-4.07,-9.85) body=(+0.08,-1.51) d=1.51m bear=-87° | world=(-4.36,-9.85) body=(-0.21,-1.50) d=1.51m bear=-98° | world=(-4.02,-9.85) body=(+0.13,-1.51) d=1.51m bear=-85°
[mpc_node-16] [INFO] [1777389820.571106098] [mpc_node]: [MPC] #0135 ok=True cost=  1247.4 solve= 58.6 ms avg= 44.7 ms  fails=0  security=False  vx_eff=1.00  scan_age=160 ms  path_wpts=4(raw=2)  robot=[-4.20,-8.35] setpt=[-4.24,-8.37]
[mpc_node-16] [INFO] [1777389820.572136216] [mpc_node]: [MPC-DEBUG] /go2/pose received: pos=(-4.2364, -8.3511)  yaw=2.3 deg  vel_body=(0.02, 0.00, -0.09)
[mpc_node-16] [WARN] [1777389820.573083522] [mpc_node]: [MPC-OBS] NO obstacles fed to MPC this cycle (stale=670ms, lidar_pts=3285)
[odom_to_pose_node-13] [INFO] [1777389820.605345612] [odom_to_pose_node]: [ODOM_BRIDGE] #01267  pos=(-4.2556, -8.3464)  vel=(0.0249, 0.0576)
[setpoint_to_cmd_vel_node-17] [INFO] [1777389820.707151915] [setpoint_to_cmd_vel_node]: [CMD_VEL] robot=(-4.25,-8.35)  setpt=(-4.24,-8.37)  dist=0.03m  STOPPED  vx=+0.00  vy=-0.00  wz=-0.00
[a_star_node-15] [INFO] [1777389820.967144298] [a_star_node]: [A*] NAVIGATING  dist_to_goal=16.26 m  robot=(-4.25,-8.35)  goal=(12.00,-8.00)  path=2 wpts  local_goal=(-4.50,-8.60)
[mpc_node-16] [WARN] [1777389821.172045494] [mpc_node]: [MPC-OBS] 4002 pts in range | nearest 5: world=(-4.15,-9.88) body=(+0.21,-1.52) d=1.53m bear=-82° | world=(-4.35,-9.88) body=(+0.01,-1.54) d=1.54m bear=-90° | world=(-4.07,-9.87) body=(+0.29,-1.51) d=1.54m bear=-79° | world=(-4.25,-9.89) body=(+0.11,-1.54) d=1.54m bear=-86° | world=(-4.58,-9.86) body=(-0.22,-1.53) d=1.54m bear=-98°
[mpc_node-16] [INFO] [1777389821.490123890] [mpc_node]: [MPC] #0137 ok=True cost=  1125.9 solve= 81.5 ms avg= 45.1 ms  fails=0  security=False  vx_eff=1.00  scan_age=122 ms  path_wpts=4(raw=2)  robot=[-4.26,-8.35] setpt=[-4.32,-8.36]
[mpc_node-16] [WARN] [1777389821.491880200] [mpc_node]: [MPC] LiDAR scan stale (764 ms > 600 ms) — skipping obstacles
[mpc_node-16] [WARN] [1777389821.492221830] [mpc_node]: [MPC-OBS] NO obstacles fed to MPC this cycle (stale=764ms, lidar_pts=4002)
[setpoint_to_cmd_vel_node-17] [INFO] [1777389821.733174649] [setpoint_to_cmd_vel_node]: [CMD_VEL] robot=(-4.26,-8.35)  setpt=(-4.32,-8.36)  dist=0.06m  STOPPED  vx=+0.00  vy=-0.00  wz=-0.00
[a_star_node-15] [INFO] [1777389821.733208058] [a_star_node]: [A*-DEBUG] Planning from pose=(-4.2556, -8.3482)  goal=(12.00, -8.00)
[mpc_node-16] [INFO] [1777389821.799213342] [mpc_node]: [MPC] Received NEW A* path: 2 raw → 4 resampled | reset_filter=False
[a_star_node-15] [INFO] [1777389821.997971176] [a_star_node]: [A*] NAVIGATING  dist_to_goal=16.26 m  robot=(-4.26,-8.35)  goal=(12.00,-8.00)  path=2 wpts  local_goal=(-4.51,-8.35)
[mpc_node-16] [WARN] [1777389822.201662021] [mpc_node]: [MPC-OBS] 3998 pts in range | nearest 5: world=(-4.26,-9.85) body=(+0.04,-1.50) d=1.51m bear=-89° | world=(-4.28,-9.86) body=(+0.02,-1.51) d=1.51m bear=-89° | world=(-4.06,-9.84) body=(+0.24,-1.49) d=1.51m bear=-81° | world=(-4.21,-9.86) body=(+0.09,-1.51) d=1.51m bear=-87° | world=(-4.21,-9.86) body=(+0.08,-1.51) d=1.51m bear=-87°
[mpc_node-16] [INFO] [1777389822.594008188] [mpc_node]: [MPC] #0139 ok=True cost=  2028.3 solve=166.6 ms avg= 46.2 ms  fails=0  security=False  vx_eff=1.00  scan_age=158 ms  path_wpts=4(raw=2)  robot=[-4.26,-8.35] setpt=[-4.37,-8.39]
[mpc_node-16] [INFO] [1777389822.595076406] [mpc_node]: [MPC-DEBUG] /go2/pose received: pos=(-4.2556, -8.3482)  yaw=-1.5 deg  vel_body=(-0.01, 0.00, -0.13)
[mpc_node-16] [WARN] [1777389822.595752780] [mpc_node]: [MPC] LiDAR scan stale (940 ms > 600 ms) — skipping obstacles
[mpc_node-16] [WARN] [1777389822.596134834] [mpc_node]: [MPC-OBS] NO obstacles fed to MPC this cycle (stale=940ms, lidar_pts=3998)
[odom_to_pose_node-13] [INFO] [1777389822.605560579] [odom_to_pose_node]: [ODOM_BRIDGE] #01306  pos=(-4.2556, -8.3482)  vel=(0.0001, 0.0000)
[setpoint_to_cmd_vel_node-17] [INFO] [1777389822.759464481] [setpoint_to_cmd_vel_node]: [CMD_VEL] robot=(-4.26,-8.35)  setpt=(-4.37,-8.39)  dist=0.12m  STOPPED  vx=+0.00  vy=-0.00  wz=-0.00
[mpc_node-16] [INFO] [1777389822.920984474] [mpc_node]: [MPC] Received NEW A* path: 2 raw → 3 resampled | reset_filter=False
[mpc_node-16] [WARN] [1777389822.922522168] [mpc_node]: [MPC-OBS] 3997 pts in range | nearest 5: world=(-4.25,-9.88) body=(+0.05,-1.54) d=1.54m bear=-88° | world=(-4.21,-9.89) body=(+0.08,-1.54) d=1.54m bear=-87° | world=(-4.21,-9.89) body=(+0.08,-1.54) d=1.54m bear=-87° | world=(-4.28,-9.89) body=(+0.02,-1.54) d=1.54m bear=-89° | world=(-4.26,-9.89) body=(+0.03,-1.54) d=1.54m bear=-89°
[a_star_node-15] [INFO] [1777389823.019126399] [a_star_node]: [A*] NAVIGATING  dist_to_goal=16.26 m  robot=(-4.26,-8.35)  goal=(12.00,-8.00)  path=2 wpts  local_goal=(-4.51,-8.35)
[mpc_node-16] [INFO] [1777389823.341546016] [mpc_node]: [MPC] #0141 ok=True cost=  1176.9 solve=152.2 ms avg= 47.2 ms  fails=0  security=False  vx_eff=1.00  scan_age=147 ms  path_wpts=3(raw=2)  robot=[-4.26,-8.35] setpt=[-4.40,-8.39]
[mpc_node-16] [WARN] [1777389823.757516201] [mpc_node]: [MPC-OBS] 3997 pts in range | nearest 5: world=(-4.25,-9.88) body=(+0.05,-1.54) d=1.54m bear=-88° | world=(-4.21,-9.89) body=(+0.08,-1.54) d=1.54m bear=-87° | world=(-4.21,-9.89) body=(+0.08,-1.54) d=1.54m bear=-87° | world=(-4.28,-9.89) body=(+0.02,-1.54) d=1.54m bear=-89° | world=(-4.26,-9.89) body=(+0.03,-1.54) d=1.54m bear=-89°
[a_star_node-15] [INFO] [1777389823.789911032] [a_star_node]: [A*-DEBUG] Planning from pose=(-4.2557, -8.3481)  goal=(12.00, -8.00)
[setpoint_to_cmd_vel_node-17] [INFO] [1777389823.790427672] [setpoint_to_cmd_vel_node]: [CMD_VEL] robot=(-4.26,-8.35)  setpt=(-4.40,-8.39)  dist=0.15m  STOPPED  vx=+0.00  vy=-0.00  wz=-0.00
[mpc_node-16] [INFO] [1777389824.038650397] [mpc_node]: [MPC] #0142 ok=True cost=  1176.5 solve= 46.6 ms avg= 47.2 ms  fails=0  security=False  vx_eff=1.00  scan_age=566 ms  path_wpts=3(raw=2)  robot=[-4.26,-8.35] setpt=[-4.41,-8.35]
[mpc_node-16] [INFO] [1777389824.047140024] [mpc_node]: [MPC] Received NEW A* path: 2 raw → 3 resampled | reset_filter=False
[a_star_node-15] [INFO] [1777389824.063249322] [a_star_node]: [A*] NAVIGATING  dist_to_goal=16.26 m  robot=(-4.26,-8.35)  goal=(12.00,-8.00)  path=2 wpts  local_goal=(-4.51,-8.35)
[mpc_node-16] [WARN] [1777389824.445106592] [mpc_node]: [MPC-OBS] 3999 pts in range | nearest 5: world=(-4.26,-9.85) body=(+0.04,-1.50) d=1.50m bear=-89° | world=(-4.36,-9.85) body=(-0.06,-1.50) d=1.50m bear=-92° | world=(-4.29,-9.85) body=(+0.01,-1.51) d=1.51m bear=-90° | world=(-4.10,-9.85) body=(+0.20,-1.50) d=1.51m bear=-82° | world=(-3.91,-9.82) body=(+0.39,-1.46) d=1.51m bear=-75°
[odom_to_pose_node-13] [INFO] [1777389824.610318892] [odom_to_pose_node]: [ODOM_BRIDGE] #01345  pos=(-4.2556, -8.3481)  vel=(0.0003, 0.0000)
[a_star_node-15] [INFO] [1777389824.660896134] [a_star_node]: [A*] New global goal: (12.00, -8.00, 0.00)
[mpc_node-16] [INFO] [1777389824.735089321] [mpc_node]: [MPC] #0143 ok=True cost=  1224.5 solve= 54.1 ms avg= 47.2 ms  fails=0  security=False  vx_eff=1.00  scan_age=143 ms  path_wpts=3(raw=2)  robot=[-4.26,-8.35] setpt=[-4.43,-8.32]
[mpc_node-16] [INFO] [1777389824.736636518] [mpc_node]: [MPC-DEBUG] /go2/pose received: pos=(-4.2556, -8.3481)  yaw=-1.5 deg  vel_body=(-0.01, 0.00, -0.06)
[mpc_node-16] [WARN] [1777389824.737727508] [mpc_node]: [MPC] LiDAR scan stale (824 ms > 600 ms) — skipping obstacles
[mpc_node-16] [WARN] [1777389824.738300257] [mpc_node]: [MPC-OBS] NO obstacles fed to MPC this cycle (stale=824ms, lidar_pts=3999)
[setpoint_to_cmd_vel_node-17] [INFO] [1777389824.814421970] [setpoint_to_cmd_vel_node]: [CMD_VEL] robot=(-4.26,-8.35)  setpt=(-4.43,-8.32)  dist=0.18m  STOPPED  vx=+0.00  vy=-0.00  wz=-0.00
[a_star_node-15] [INFO] [1777389825.084248341] [a_star_node]: [A*] NAVIGATING  dist_to_goal=16.26 m  robot=(-4.26,-8.35)  goal=(12.00,-8.00)  path=2 wpts  local_goal=(-4.51,-8.35)
[mpc_node-16] [WARN] [1777389825.465067974] [mpc_node]: [MPC-OBS] 3996 pts in range | nearest 5: world=(-3.99,-9.85) body=(+0.31,-1.50) d=1.53m bear=-78° | world=(-4.31,-9.88) body=(-0.02,-1.53) d=1.53m bear=-91° | world=(-4.28,-9.88) body=(+0.02,-1.53) d=1.53m bear=-89° | world=(-4.20,-9.88) body=(+0.10,-1.53) d=1.53m bear=-86° | world=(-4.43,-9.87) body=(-0.13,-1.53) d=1.53m bear=-95°
[mpc_node-16] [INFO] [1777389825.763052207] [mpc_node]: [MPC] #0145 ok=True cost=  1189.5 solve= 48.6 ms avg= 47.3 ms  fails=0  security=False  vx_eff=1.00  scan_age=113 ms  path_wpts=3(raw=2)  robot=[-4.26,-8.35] setpt=[-4.45,-8.29]
[mpc_node-16] [WARN] [1777389825.765144744] [mpc_node]: [MPC] LiDAR scan stale (823 ms > 600 ms) — skipping obstacles
[mpc_node-16] [WARN] [1777389825.765532817] [mpc_node]: [MPC-OBS] NO obstacles fed to MPC this cycle (stale=823ms, lidar_pts=3996)
[a_star_node-15] [INFO] [1777389825.843624592] [a_star_node]: [A*-DEBUG] Planning from pose=(-4.2556, -8.3481)  goal=(12.00, -8.00)
[setpoint_to_cmd_vel_node-17] [INFO] [1777389825.843673155] [setpoint_to_cmd_vel_node]: [CMD_VEL] robot=(-4.26,-8.35)  setpt=(-4.45,-8.29)  dist=0.21m  vx=-0.04  vy=+0.03  wz=+0.05
[mpc_node-16] [INFO] [1777389826.072679703] [mpc_node]: [MPC] Received NEW A* path: 2 raw → 3 resampled | reset_filter=False
[mpc_node-16] [WARN] [1777389826.074371035] [mpc_node]: [MPC-OBS] 3998 pts in range | nearest 5: world=(-4.35,-9.88) body=(-0.05,-1.54) d=1.54m bear=-92° | world=(-4.28,-9.89) body=(+0.02,-1.54) d=1.54m bear=-89° | world=(-4.16,-9.89) body=(+0.13,-1.54) d=1.54m bear=-85° | world=(-4.23,-9.89) body=(+0.07,-1.54) d=1.54m bear=-88° | world=(-4.10,-9.88) body=(+0.20,-1.53) d=1.54m bear=-83°
[a_star_node-15] [INFO] [1777389826.107069517] [a_star_node]: [A*] NAVIGATING  dist_to_goal=16.26 m  robot=(-4.26,-8.35)  goal=(12.00,-8.00)  path=2 wpts  local_goal=(-4.51,-8.35)
[mpc_node-16] [INFO] [1777389826.353507916] [mpc_node]: [MPC] #0147 ok=True cost=  1168.0 solve= 47.2 ms avg= 47.4 ms  fails=0  security=False  vx_eff=1.00  scan_age=116 ms  path_wpts=3(raw=2)  robot=[-4.26,-8.35] setpt=[-4.47,-8.28]
[odom_to_pose_node-13] [INFO] [1777389826.613703097] [odom_to_pose_node]: [ODOM_BRIDGE] #01384  pos=(-4.3586, -8.3355)  vel=(-0.1348, -0.0134)
[mpc_node-16] [WARN] [1777389826.732621312] [mpc_node]: [MPC-OBS] 3998 pts in range | nearest 5: world=(-4.35,-9.88) body=(-0.05,-1.54) d=1.54m bear=-92° | world=(-4.28,-9.89) body=(+0.02,-1.54) d=1.54m bear=-89° | world=(-4.16,-9.89) body=(+0.13,-1.54) d=1.54m bear=-85° | world=(-4.23,-9.89) body=(+0.07,-1.54) d=1.54m bear=-88° | world=(-4.10,-9.88) body=(+0.20,-1.53) d=1.54m bear=-83°
[setpoint_to_cmd_vel_node-17] [INFO] [1777389826.869961575] [setpoint_to_cmd_vel_node]: [CMD_VEL] robot=(-4.37,-8.33)  setpt=(-4.47,-8.28)  dist=0.12m  STOPPED  vx=-0.00  vy=+0.00  wz=+0.00
[mpc_node-16] [INFO] [1777389827.038902411] [mpc_node]: [MPC] #0148 ok=True cost=  1167.9 solve= 51.4 ms avg= 47.4 ms  fails=0  security=False  vx_eff=1.00  scan_age=399 ms  path_wpts=3(raw=2)  robot=[-4.26,-8.35] setpt=[-4.47,-8.25]
[mpc_node-16] [INFO] [1777389827.040176840] [mpc_node]: [MPC-DEBUG] /go2/pose received: pos=(-4.3512, -8.3351)  yaw=3.0 deg  vel_body=(-0.00, 0.00, -0.02)
[mpc_node-16] [WARN] [1777389827.394253177] [mpc_node]: [MPC-OBS] 3271 pts in range | nearest 5: world=(-4.29,-9.85) body=(-0.05,-1.51) d=1.51m bear=-92° | world=(-4.36,-9.85) body=(-0.12,-1.51) d=1.52m bear=-94° | world=(-4.36,-9.86) body=(-0.12,-1.52) d=1.52m bear=-94° | world=(-4.38,-9.86) body=(-0.14,-1.52) d=1.53m bear=-95° | world=(-4.29,-9.86) body=(-0.05,-1.53) d=1.53m bear=-92°
[mpc_node-16] [INFO] [1777389827.702316095] [mpc_node]: [MPC] #0149 ok=True cost=  1972.6 solve=110.2 ms avg= 47.8 ms  fails=0  security=False  vx_eff=1.00  scan_age=74 ms  path_wpts=3(raw=2)  robot=[-4.36,-8.34] setpt=[-4.46,-8.29]
[mpc_node-16] [WARN] [1777389827.704951550] [mpc_node]: [MPC] LiDAR scan stale (709 ms > 600 ms) — skipping obstacles
[mpc_node-16] [WARN] [1777389827.705492393] [mpc_node]: [MPC-OBS] NO obstacles fed to MPC this cycle (stale=709ms, lidar_pts=3271)
[a_star_node-15] [INFO] [1777389827.899565104] [a_star_node]: [A*-DEBUG] Planning from pose=(-4.4389, -8.3390)  goal=(12.00, -8.00)
[setpoint_to_cmd_vel_node-17] [INFO] [1777389827.899596886] [setpoint_to_cmd_vel_node]: [CMD_VEL] robot=(-4.44,-8.34)  setpt=(-4.46,-8.29)  dist=0.05m  STOPPED  vx=-0.00  vy=+0.00  wz=+0.00
[a_star_node-15] [INFO] [1777389827.993612887] [a_star_node]: [A*] NAVIGATING  dist_to_goal=16.44 m  robot=(-4.44,-8.34)  goal=(12.00,-8.00)  path=2 wpts  local_goal=(-4.44,-8.59)
[mpc_node-16] [WARN] [1777389828.088529979] [mpc_node]: [MPC-OBS] 1380 pts in range | nearest 5: world=(-4.46,-9.72) body=(-0.13,-1.38) d=1.39m bear=-96° | world=(-4.39,-9.72) body=(-0.07,-1.39) d=1.39m bear=-93° | world=(-4.52,-9.72) body=(-0.20,-1.38) d=1.39m bear=-98° | world=(-4.29,-9.72) body=(+0.03,-1.39) d=1.39m bear=-89° | world=(-4.39,-9.73) body=(-0.07,-1.39) d=1.40m bear=-93°
[mpc_node-16] [INFO] [1777389828.236142571] [mpc_node]: [MPC] #0151 ok=True cost=  2788.9 solve= 72.8 ms avg= 48.1 ms  fails=0  security=False  vx_eff=1.00  scan_age=162 ms  path_wpts=3(raw=2)  robot=[-4.41,-8.33] setpt=[-4.44,-8.37]
[mpc_node-16] [INFO] [1777389828.439975737] [mpc_node]: [MPC] Received NEW A* path: 2 raw → 3 resampled | reset_filter=False
[odom_to_pose_node-13] [INFO] [1777389828.617538648] [odom_to_pose_node]: [ODOM_BRIDGE] #01423  pos=(-4.4553, -8.3415)  vel=(-0.0202, -0.0249)
[mpc_node-16] [INFO] [1777389828.895135169] [mpc_node]: [MPC] #0153 ok=True cost=  2037.3 solve=119.0 ms avg= 48.6 ms  fails=0  security=False  vx_eff=1.00  scan_age=128 ms  path_wpts=3(raw=2)  robot=[-4.45,-8.33] setpt=[-4.41,-8.44]
[setpoint_to_cmd_vel_node-17] [INFO] [1777389828.925301661] [setpoint_to_cmd_vel_node]: [CMD_VEL] robot=(-4.46,-8.34)  setpt=(-4.41,-8.44)  dist=0.11m  STOPPED  vx=-0.00  vy=+0.00  wz=+0.00
[a_star_node-15] [INFO] [1777389829.132544045] [a_star_node]: [A*] NAVIGATING  dist_to_goal=16.46 m  robot=(-4.46,-8.34)  goal=(12.00,-8.00)  path=2 wpts  local_goal=(-4.46,-8.59)
[mpc_node-16] [WARN] [1777389829.178301609] [mpc_node]: [MPC-OBS] 3237 pts in range | nearest 5: world=(-4.35,-9.87) body=(-0.05,-1.54) d=1.54m bear=-92° | world=(-4.53,-9.88) body=(-0.24,-1.53) d=1.54m bear=-99° | world=(-4.38,-9.88) body=(-0.08,-1.54) d=1.54m bear=-93° | world=(-4.48,-9.88) body=(-0.19,-1.53) d=1.55m bear=-97° | world=(-4.40,-9.88) body=(-0.10,-1.54) d=1.55m bear=-94°
[mpc_node-16] [INFO] [1777389829.445888210] [mpc_node]: [MPC] #0154 ok=True cost=  1926.4 solve= 67.1 ms avg= 48.7 ms  fails=0  security=False  vx_eff=1.00  scan_age=572 ms  path_wpts=3(raw=2)  robot=[-4.46,-8.33] setpt=[-4.42,-8.47]
[mpc_node-16] [INFO] [1777389829.446919073] [mpc_node]: [MPC-DEBUG] /go2/pose received: pos=(-4.4604, -8.3402)  yaw=6.1 deg  vel_body=(-0.02, -0.00, -0.01)
[a_star_node-15] [INFO] [1777389829.694701199] [a_star_node]: [A*] New global goal: (12.00, -8.00, 0.00)
[mpc_node-16] [WARN] [1777389829.744950836] [mpc_node]: [MPC-OBS] 3254 pts in range | nearest 5: world=(-4.51,-9.83) body=(-0.20,-1.47) d=1.49m bear=-98° | world=(-4.49,-9.84) body=(-0.19,-1.48) d=1.50m bear=-97° | world=(-4.42,-9.84) body=(-0.12,-1.49) d=1.50m bear=-95° | world=(-4.36,-9.84) body=(-0.06,-1.50) d=1.50m bear=-92° | world=(-4.71,-9.82) body=(-0.41,-1.44) d=1.50m bear=-106°
[a_star_node-15] [INFO] [1777389829.948302746] [a_star_node]: [A*-DEBUG] Planning from pose=(-4.4595, -8.3403)  goal=(12.00, -8.00)
[setpoint_to_cmd_vel_node-17] [INFO] [1777389829.949320461] [setpoint_to_cmd_vel_node]: [CMD_VEL] robot=(-4.46,-8.34)  setpt=(-4.42,-8.47)  dist=0.14m  STOPPED  vx=-0.00  vy=+0.00  wz=+0.00
[mpc_node-16] [INFO] [1777389829.978002312] [mpc_node]: [MPC] #0155 ok=True cost=  2081.2 solve= 48.5 ms avg= 48.7 ms  fails=0  security=False  vx_eff=1.00  scan_age=109 ms  path_wpts=3(raw=2)  robot=[-4.46,-8.34] setpt=[-4.42,-8.50]
[mpc_node-16] [INFO] [1777389829.979844667] [mpc_node]: [MPC] Received NEW A* path: 2 raw → 3 resampled | reset_filter=False
[mpc_node-16] [WARN] [1777389829.980513448] [mpc_node]: [MPC] LiDAR scan stale (630 ms > 600 ms) — skipping obstacles
[mpc_node-16] [WARN] [1777389829.980858051] [mpc_node]: [MPC-OBS] NO obstacles fed to MPC this cycle (stale=630ms, lidar_pts=3254)
[a_star_node-15] [INFO] [1777389830.201879874] [a_star_node]: [A*] NAVIGATING  dist_to_goal=16.46 m  robot=(-4.46,-8.34)  goal=(12.00,-8.00)  path=1 wpts  local_goal=(-4.46,-8.59)
[mpc_node-16] [WARN] [1777389830.500167810] [mpc_node]: [MPC-OBS] 3253 pts in range | nearest 5: world=(-4.52,-9.85) body=(-0.22,-1.49) d=1.51m bear=-99° | world=(-4.56,-9.86) body=(-0.26,-1.50) d=1.52m bear=-100° | world=(-4.55,-9.86) body=(-0.25,-1.50) d=1.53m bear=-99° | world=(-4.44,-9.87) body=(-0.15,-1.52) d=1.53m bear=-96° | world=(-4.34,-9.87) body=(-0.05,-1.53) d=1.53m bear=-92°
[odom_to_pose_node-13] [INFO] [1777389830.618125444] [odom_to_pose_node]: [ODOM_BRIDGE] #01462  pos=(-4.4595, -8.3403)  vel=(-0.0000, -0.0000)
[mpc_node-16] [INFO] [1777389830.751173114] [mpc_node]: [MPC] #0157 ok=True cost=  1983.0 solve= 56.8 ms avg= 48.9 ms  fails=0  security=False  vx_eff=1.00  scan_age=174 ms  path_wpts=3(raw=2)  robot=[-4.46,-8.34] setpt=[-4.44,-8.53]
[mpc_node-16] [WARN] [1777389830.754625221] [mpc_node]: [MPC-OBS] NO obstacles fed to MPC this cycle (stale=680ms, lidar_pts=3253)
[setpoint_to_cmd_vel_node-17] [INFO] [1777389830.977692290] [setpoint_to_cmd_vel_node]: [CMD_VEL] robot=(-4.46,-8.34)  setpt=(-4.44,-8.53)  dist=0.19m  STOPPED  vx=-0.00  vy=+0.00  wz=+0.00
[mpc_node-16] [WARN] [1777389831.316763488] [mpc_node]: [MPC-OBS] 3256 pts in range | nearest 5: world=(-4.23,-9.83) body=(+0.07,-1.50) d=1.50m bear=-87° | world=(-4.33,-9.84) body=(-0.03,-1.51) d=1.51m bear=-91° | world=(-4.54,-9.86) body=(-0.25,-1.50) d=1.52m bear=-99° | world=(-4.33,-9.85) body=(-0.03,-1.52) d=1.52m bear=-91° | world=(-4.58,-9.86) body=(-0.28,-1.50) d=1.52m bear=-101°
[mpc_node-16] [INFO] [1777389831.563270881] [mpc_node]: [MPC] #0159 ok=True cost=  1008.0 solve= 58.8 ms avg= 49.2 ms  fails=0  security=False  vx_eff=1.00  scan_age=168 ms  path_wpts=1(raw=1)  robot=[-4.46,-8.34] setpt=[-4.44,-8.55]
[mpc_node-16] [INFO] [1777389831.564243457] [mpc_node]: [MPC-DEBUG] /go2/pose received: pos=(-4.4595, -8.3403)  yaw=6.1 deg  vel_body=(-0.01, -0.00, -0.01)
[mpc_node-16] [INFO] [1777389831.822655842] [mpc_node]: [MPC] Received NEW A* path: 2 raw → 3 resampled | reset_filter=False
[mpc_node-16] [WARN] [1777389831.891835903] [mpc_node]: [MPC-OBS] 1440 pts in range | nearest 5: world=(-4.56,-9.91) body=(-0.32,-1.53) d=1.56m bear=-102° | world=(-4.42,-9.91) body=(-0.19,-1.55) d=1.56m bear=-97° | world=(-4.49,-9.91) body=(-0.26,-1.54) d=1.56m bear=-99° | world=(-4.59,-9.91) body=(-0.36,-1.52) d=1.56m bear=-103° | world=(-4.30,-9.90) body=(-0.07,-1.56) d=1.56m bear=-93°
[a_star_node-15] [INFO] [1777389832.003790310] [a_star_node]: [A*-DEBUG] Planning from pose=(-4.5288, -8.3613)  goal=(12.00, -8.00)
[setpoint_to_cmd_vel_node-17] [INFO] [1777389832.004026771] [setpoint_to_cmd_vel_node]: [CMD_VEL] robot=(-4.53,-8.36)  setpt=(-4.45,-8.56)  dist=0.21m  vx=+0.06  vy=-0.14  wz=+0.00
[a_star_node-15] [INFO] [1777389832.094883069] [a_star_node]: [A*] NAVIGATING  dist_to_goal=16.53 m  robot=(-4.53,-8.36)  goal=(12.00,-8.00)  path=1 wpts  local_goal=(-4.53,-8.36)
[mpc_node-16] [INFO] [1777389832.241923797] [mpc_node]: [MPC] #0162 ok=True cost=  7714.1 solve= 67.9 ms avg= 49.4 ms  fails=0  security=False  vx_eff=1.00  scan_age=127 ms  path_wpts=3(raw=2)  robot=[-4.50,-8.35] setpt=[-4.45,-8.53]
[mpc_node-16] [WARN] [1777389832.582172850] [mpc_node]: [MPC-OBS] 3241 pts in range | nearest 5: world=(-4.57,-9.69) body=(-0.21,-1.31) d=1.33m bear=-99° | world=(-4.53,-9.75) body=(-0.18,-1.38) d=1.39m bear=-98° | world=(-4.26,-9.75) body=(+0.09,-1.42) d=1.42m bear=-86° | world=(-4.55,-9.78) body=(-0.21,-1.40) d=1.42m bear=-98° | world=(-4.92,-9.73) body=(-0.56,-1.31) d=1.42m bear=-113°
[odom_to_pose_node-13] [INFO] [1777389832.619393889] [odom_to_pose_node]: [ODOM_BRIDGE] #01501  pos=(-4.5518, -8.4390)  vel=(0.0119, -0.1287)
[mpc_node-16] [INFO] [1777389832.868292076] [mpc_node]: [MPC] #0164 ok=True cost=  1571.6 solve= 76.4 ms avg= 49.6 ms  fails=0  security=False  vx_eff=1.00  scan_age=139 ms  path_wpts=1(raw=1)  robot=[-4.53,-8.36] setpt=[-4.47,-8.50]
[setpoint_to_cmd_vel_node-17] [INFO] [1777389833.030582247] [setpoint_to_cmd_vel_node]: [CMD_VEL] robot=(-4.58,-8.47)  setpt=(-4.47,-8.50)  dist=0.12m  STOPPED  vx=+0.00  vy=-0.00  wz=+0.00
[mpc_node-16] [WARN] [1777389833.146412705] [mpc_node]: [MPC-OBS] 3241 pts in range | nearest 5: world=(-4.61,-9.86) body=(-0.25,-1.43) d=1.45m bear=-100° | world=(-4.58,-9.86) body=(-0.22,-1.44) d=1.45m bear=-99° | world=(-4.50,-9.86) body=(-0.14,-1.45) d=1.45m bear=-95° | world=(-4.53,-9.87) body=(-0.17,-1.45) d=1.46m bear=-97° | world=(-4.63,-9.86) body=(-0.27,-1.43) d=1.46m bear=-101°
[a_star_node-15] [INFO] [1777389833.269174187] [a_star_node]: [A*] NAVIGATING  dist_to_goal=16.59 m  robot=(-4.58,-8.47)  goal=(12.00,-8.00)  path=2 wpts  local_goal=(-4.33,-8.47)
[mpc_node-16] [INFO] [1777389833.419376642] [mpc_node]: [MPC] #0165 ok=True cost=  1244.9 solve= 56.0 ms avg= 49.6 ms  fails=0  security=False  vx_eff=1.00  scan_age=543 ms  path_wpts=1(raw=1)  robot=[-4.54,-8.41] setpt=[-4.48,-8.47]
[mpc_node-16] [WARN] [1777389833.756391468] [mpc_node]: [MPC-OBS] 3569 pts in range | nearest 5: world=(-4.40,-9.70) body=(+0.05,-1.24) d=1.24m bear=-88° | world=(-4.82,-9.71) body=(-0.37,-1.21) d=1.26m bear=-107° | world=(-4.72,-9.72) body=(-0.28,-1.23) d=1.26m bear=-103° | world=(-4.43,-9.72) body=(+0.02,-1.26) d=1.26m bear=-89° | world=(-4.69,-9.73) body=(-0.25,-1.25) d=1.27m bear=-101°
[setpoint_to_cmd_vel_node-17] [INFO] [1777389834.074735565] [setpoint_to_cmd_vel_node]: [CMD_VEL] robot=(-4.66,-8.47)  setpt=(-4.48,-8.47)  dist=0.18m  STOPPED  vx=+0.00  vy=-0.00  wz=+0.00
[a_star_node-15] [INFO] [1777389834.075274285] [a_star_node]: [A*-DEBUG] Planning from pose=(-4.6623, -8.4672)  goal=(12.00, -8.00)
[mpc_node-16] [INFO] [1777389834.133702990] [mpc_node]: [MPC] #0166 ok=True cost=  2171.9 solve= 76.8 ms avg= 49.8 ms  fails=0  security=False  vx_eff=1.00  scan_age=77 ms  path_wpts=1(raw=1)  robot=[-4.58,-8.47] setpt=[-4.49,-8.45]
[mpc_node-16] [INFO] [1777389834.136050100] [mpc_node]: [MPC-DEBUG] /go2/pose received: pos=(-4.6359, -8.4618)  yaw=0.5 deg  vel_body=(-0.04, -0.04, -0.09)
[mpc_node-16] [INFO] [1777389834.137131969] [mpc_node]: [MPC] Received NEW A* path: 2 raw → 3 resampled | reset_filter=False
[mpc_node-16] [WARN] [1777389834.138181845] [mpc_node]: [MPC] LiDAR scan stale (755 ms > 600 ms) — skipping obstacles
[mpc_node-16] [WARN] [1777389834.138667139] [mpc_node]: [MPC-OBS] NO obstacles fed to MPC this cycle (stale=755ms, lidar_pts=3569)
[a_star_node-15] [INFO] [1777389834.340815567] [a_star_node]: [A*] NAVIGATING  dist_to_goal=16.67 m  robot=(-4.66,-8.47)  goal=(12.00,-8.00)  path=2 wpts  local_goal=(-4.41,-8.47)
[mpc_node-16] [WARN] [1777389834.475884584] [mpc_node]: [MPC-OBS] 3602 pts in range | nearest 5: world=(-4.71,-9.88) body=(-0.19,-1.40) d=1.41m bear=-98° | world=(-4.71,-9.88) body=(-0.19,-1.40) d=1.41m bear=-98° | world=(-4.71,-9.88) body=(-0.19,-1.40) d=1.41m bear=-98° | world=(-4.73,-9.88) body=(-0.20,-1.39) d=1.41m bear=-98° | world=(-4.65,-9.88) body=(-0.13,-1.40) d=1.41m bear=-95°
[odom_to_pose_node-13] [INFO] [1777389834.667131467] [odom_to_pose_node]: [ODOM_BRIDGE] #01540  pos=(-4.7105, -8.4626)  vel=(-0.0935, 0.0724)
[a_star_node-15] [INFO] [1777389834.702859253] [a_star_node]: [A*] New global goal: (12.00, -8.00, 0.00)
[mpc_node-16] [INFO] [1777389834.742369579] [mpc_node]: [MPC] #0168 ok=True cost=  1296.9 solve= 48.8 ms avg= 50.0 ms  fails=0  security=False  vx_eff=1.00  scan_age=163 ms  path_wpts=3(raw=2)  robot=[-4.66,-8.47] setpt=[-4.44,-8.42]
[setpoint_to_cmd_vel_node-17] [INFO] [1777389835.076613690] [setpoint_to_cmd_vel_node]: [CMD_VEL] robot=(-4.72,-8.47)  setpt=(-4.44,-8.42)  dist=0.28m  vx=+0.23  vy=+0.03  wz=+0.01
[mpc_node-16] [WARN] [1777389835.088225243] [mpc_node]: [MPC-OBS] 3602 pts in range | nearest 5: world=(-4.71,-9.88) body=(-0.00,-1.41) d=1.41m bear=-90° | world=(-4.73,-9.88) body=(-0.02,-1.41) d=1.41m bear=-91° | world=(-4.71,-9.88) body=(-0.00,-1.41) d=1.41m bear=-90° | world=(-4.71,-9.88) body=(-0.00,-1.41) d=1.41m bear=-90° | world=(-4.76,-9.88) body=(-0.05,-1.42) d=1.42m bear=-92°
[mpc_node-16] [INFO] [1777389835.344729126] [mpc_node]: [MPC] #0169 ok=True cost=  1331.9 solve= 51.9 ms avg= 50.0 ms  fails=0  security=False  vx_eff=1.00  scan_age=425 ms  path_wpts=3(raw=2)  robot=[-4.68,-8.46] setpt=[-4.44,-8.40]
[mpc_node-16] [WARN] [1777389835.721724504] [mpc_node]: [MPC-OBS] 3977 pts in range | nearest 5: world=(-4.82,-9.86) body=(-0.09,-1.39) d=1.39m bear=-94° | world=(-4.77,-9.87) body=(-0.05,-1.40) d=1.40m bear=-92° | world=(-4.74,-9.88) body=(-0.02,-1.41) d=1.41m bear=-91° | world=(-4.64,-9.88) body=(+0.08,-1.41) d=1.41m bear=-87° | world=(-4.76,-9.88) body=(-0.03,-1.41) d=1.41m bear=-91°
[mpc_node-16] [INFO] [1777389836.042899591] [mpc_node]: [MPC] #0170 ok=True cost=  1291.7 solve= 51.4 ms avg= 50.0 ms  fails=0  security=False  vx_eff=1.00  scan_age=112 ms  path_wpts=3(raw=2)  robot=[-4.72,-8.47] setpt=[-4.44,-8.38]
[mpc_node-16] [INFO] [1777389836.044499446] [mpc_node]: [MPC] Received NEW A* path: 2 raw → 3 resampled | reset_filter=False
[mpc_node-16] [WARN] [1777389836.045289172] [mpc_node]: [MPC] LiDAR scan stale (793 ms > 600 ms) — skipping obstacles
[mpc_node-16] [WARN] [1777389836.045745259] [mpc_node]: [MPC-OBS] NO obstacles fed to MPC this cycle (stale=793ms, lidar_pts=3977)
[setpoint_to_cmd_vel_node-17] [INFO] [1777389836.102566869] [setpoint_to_cmd_vel_node]: [CMD_VEL] robot=(-4.57,-8.44)  setpt=(-4.44,-8.38)  dist=0.15m  STOPPED  vx=+0.13  vy=+0.00  wz=-0.00
[a_star_node-15] [INFO] [1777389836.153147313] [a_star_node]: [A*-DEBUG] Planning from pose=(-4.5693, -8.4389)  goal=(12.00, -8.00)
[mpc_node-16] [INFO] [1777389836.365363368] [mpc_node]: [MPC-DEBUG] /go2/pose received: pos=(-4.5949, -8.4411)  yaw=2.8 deg  vel_body=(0.03, -0.00, -0.17)
[a_star_node-15] [INFO] [1777389836.370157473] [a_star_node]: [A*] NAVIGATING  dist_to_goal=16.58 m  robot=(-4.57,-8.44)  goal=(12.00,-8.00)  path=1 wpts  local_goal=(-4.57,-8.44)
[mpc_node-16] [WARN] [1777389836.373325844] [mpc_node]: [MPC-OBS] 3274 pts in range | nearest 5: world=(-4.61,-9.89) body=(-0.08,-1.45) d=1.45m bear=-93° | world=(-4.53,-9.89) body=(-0.00,-1.45) d=1.45m bear=-90° | world=(-4.54,-9.89) body=(-0.02,-1.45) d=1.45m bear=-91° | world=(-4.64,-9.89) body=(-0.12,-1.45) d=1.45m bear=-95° | world=(-4.45,-9.89) body=(+0.08,-1.45) d=1.45m bear=-87°
[mpc_node-16] [INFO] [1777389836.611762000] [mpc_node]: [MPC] #0172 ok=True cost=  1335.2 solve= 50.3 ms avg= 50.2 ms  fails=0  security=False  vx_eff=1.00  scan_age=106 ms  path_wpts=3(raw=2)  robot=[-4.59,-8.44] setpt=[-4.45,-8.41]
[odom_to_pose_node-13] [INFO] [1777389836.717998699] [odom_to_pose_node]: [ODOM_BRIDGE] #01580  pos=(-4.5814, -8.4345)  vel=(-0.1121, 0.0491)
[mpc_node-16] [WARN] [1777389836.909666416] [mpc_node]: [MPC-OBS] 3274 pts in range | nearest 5: world=(-4.45,-9.89) body=(-0.12,-1.45) d=1.45m bear=-95° | world=(-4.53,-9.89) body=(-0.20,-1.44) d=1.45m bear=-98° | world=(-4.54,-9.89) body=(-0.22,-1.44) d=1.45m bear=-99° | world=(-4.61,-9.89) body=(-0.28,-1.43) d=1.45m bear=-101° | world=(-4.64,-9.89) body=(-0.31,-1.42) d=1.46m bear=-102°
[setpoint_to_cmd_vel_node-17] [INFO] [1777389837.127942014] [setpoint_to_cmd_vel_node]: [CMD_VEL] robot=(-4.61,-8.44)  setpt=(-4.45,-8.41)  dist=0.16m  STOPPED  vx=+0.00  vy=+0.00  wz=-0.00
[mpc_node-16] [INFO] [1777389837.162030380] [mpc_node]: [MPC] #0173 ok=True cost=  1249.6 solve= 55.7 ms avg= 50.2 ms  fails=0  security=False  vx_eff=1.00  scan_age=349 ms  path_wpts=1(raw=1)  robot=[-4.57,-8.44] setpt=[-4.47,-8.42]
[mpc_node-16] [WARN] [1777389837.462177442] [mpc_node]: [MPC-OBS] 1361 pts in range | nearest 5: world=(-4.70,-9.86) body=(-0.18,-1.41) d=1.42m bear=-97° | world=(-4.67,-9.86) body=(-0.15,-1.41) d=1.42m bear=-96° | world=(-4.65,-9.87) body=(-0.13,-1.42) d=1.42m bear=-95° | world=(-4.52,-9.87) body=(-0.00,-1.43) d=1.43m bear=-90° | world=(-4.64,-9.87) body=(-0.12,-1.42) d=1.43m bear=-95°
[mpc_node-16] [INFO] [1777389837.603450720] [mpc_node]: [MPC] Received NEW A* path: 2 raw → 3 resampled | reset_filter=False
[mpc_node-16] [INFO] [1777389838.035158640] [mpc_node]: [MPC] #0176 ok=True cost=  4271.1 solve= 82.1 ms avg= 50.3 ms  fails=0  security=False  vx_eff=1.00  scan_age=108 ms  path_wpts=3(raw=2)  robot=[-4.61,-8.44] setpt=[-4.49,-8.39]
[setpoint_to_cmd_vel_node-17] [INFO] [1777389838.182783295] [setpoint_to_cmd_vel_node]: [CMD_VEL] robot=(-4.69,-8.45)  setpt=(-4.49,-8.39)  dist=0.21m  vx=+0.04  vy=+0.02  wz=+0.02
[a_star_node-15] [INFO] [1777389838.233961192] [a_star_node]: [A*-DEBUG] Planning from pose=(-4.6869, -8.4442)  goal=(12.00, -8.00)
[mpc_node-16] [WARN] [1777389838.342313882] [mpc_node]: [MPC-OBS] 3232 pts in range | nearest 5: world=(-4.63,-9.84) body=(-0.15,-1.38) d=1.39m bear=-96° | world=(-4.74,-9.84) body=(-0.26,-1.37) d=1.39m bear=-101° | world=(-4.79,-9.84) body=(-0.31,-1.36) d=1.39m bear=-103° | world=(-4.60,-9.85) body=(-0.12,-1.39) d=1.40m bear=-95° | world=(-4.71,-9.84) body=(-0.23,-1.38) d=1.40m bear=-100°
[a_star_node-15] [INFO] [1777389838.440938196] [a_star_node]: [A*] NAVIGATING  dist_to_goal=16.69 m  robot=(-4.69,-8.44)  goal=(12.00,-8.00)  path=2 wpts  local_goal=(-4.44,-8.44)
[mpc_node-16] [INFO] [1777389838.626762120] [mpc_node]: [MPC] #0177 ok=True cost=  1336.0 solve= 70.1 ms avg= 50.4 ms  fails=0  security=False  vx_eff=1.00  scan_age=512 ms  path_wpts=3(raw=2)  robot=[-4.64,-8.45] setpt=[-4.47,-8.37]
[mpc_node-16] [INFO] [1777389838.627691928] [mpc_node]: [MPC-DEBUG] /go2/pose received: pos=(-4.6854, -8.4502)  yaw=7.7 deg  vel_body=(-0.04, -0.00, 0.03)
[mpc_node-16] [INFO] [1777389838.635425541] [mpc_node]: [MPC] Received NEW A* path: 2 raw → 4 resampled | reset_filter=False
[odom_to_pose_node-13] [INFO] [1777389838.755005804] [odom_to_pose_node]: [ODOM_BRIDGE] #01619  pos=(-4.7250, -8.4332)  vel=(0.0035, 0.0552)
[mpc_node-16] [WARN] [1777389838.942387148] [mpc_node]: [MPC-OBS] 3592 pts in range | nearest 5: world=(-4.74,-9.82) body=(-0.21,-1.36) d=1.37m bear=-99° | world=(-4.88,-9.81) body=(-0.35,-1.33) d=1.38m bear=-105° | world=(-4.61,-9.82) body=(-0.08,-1.38) d=1.38m bear=-93° | world=(-4.84,-9.82) body=(-0.31,-1.35) d=1.38m bear=-103° | world=(-4.58,-9.82) body=(-0.05,-1.38) d=1.38m bear=-92°
[setpoint_to_cmd_vel_node-17] [INFO] [1777389839.213918721] [setpoint_to_cmd_vel_node]: [CMD_VEL] robot=(-4.00,8.00)  setpt=(-4.47,-8.37)  dist=16.37m  vx=+0.30  vy=+0.05  wz=+0.11
[mpc_node-16] [INFO] [1777389839.216480616] [mpc_node]: [MPC] #0178 ok=True cost=  1515.5 solve= 54.1 ms avg= 50.5 ms  fails=0  security=False  vx_eff=1.00  scan_age=83 ms  path_wpts=4(raw=2)  robot=[-4.69,-8.44] setpt=[-4.47,-8.35]
[nav_graph_node-18] [INFO] [1777389839.433142993] [nav_graph_node]: [NavGraph] Node 2 @ (-3.98,7.97)  total=3  neighbours=0
[a_star_node-15] [INFO] [1777389839.470174983] [a_star_node]: [A*] NAVIGATING  dist_to_goal=22.59 m  robot=(-3.98,7.97)  goal=(12.00,-8.00)  path=40 wpts  local_goal=(-4.48,-1.78)
[mpc_node-16] [WARN] [1777389839.548940223] [mpc_node]: [MPC-OBS] 3592 pts in range | nearest 5: world=(-4.81,-9.84) body=(-0.20,-1.39) d=1.40m bear=-98° | world=(-4.64,-9.85) body=(-0.03,-1.41) d=1.41m bear=-91° | world=(-4.90,-9.84) body=(-0.29,-1.38) d=1.41m bear=-102° | world=(-4.68,-9.85) body=(-0.08,-1.40) d=1.41m bear=-93° | world=(-4.65,-9.85) body=(-0.05,-1.41) d=1.41m bear=-92°
[mpc_node-16] [INFO] [1777389839.847306358] [mpc_node]: [MPC] #0179 ok=True cost=  1397.1 solve= 56.6 ms avg= 50.5 ms  fails=0  security=False  vx_eff=1.00  scan_age=502 ms  path_wpts=4(raw=2)  robot=[-4.72,-8.44] setpt=[-4.46,-8.33]
[mpc_node-16] [WARN] [1777389839.850486477] [mpc_node]: [MPC-OBS] NO obstacles fed to MPC this cycle (stale=0ms, lidar_pts=0)
[mpc_node-16] [INFO] [1777389840.146723171] [mpc_node]: [MPC] Received NEW A* path: 40 raw → 68 resampled | reset_filter=True
[mpc_node-16] [WARN] [1777389840.207504842] [mpc_node]: [MPC-OBS] 360 pts in range | nearest 5: world=(-7.44,7.32) body=(+0.09,-3.49) d=3.49m bear=-89° | world=(-7.46,7.39) body=(+0.02,-3.50) d=3.50m bear=-90° | world=(-7.46,7.35) body=(+0.05,-3.50) d=3.50m bear=-89° | world=(-7.46,7.32) body=(+0.09,-3.51) d=3.51m bear=-89° | world=(-7.47,7.39) body=(+0.01,-3.51) d=3.51m bear=-90°
[setpoint_to_cmd_vel_node-17] [INFO] [1777389840.262675224] [setpoint_to_cmd_vel_node]: [CMD_VEL] robot=(-4.01,7.83)  setpt=(-3.98,6.72)  dist=1.11m  vx=+0.65  vy=-0.18  wz=+0.53
[mpc_node-16] [INFO] [1777389840.437758060] [mpc_node]: [MPC] #0183 ok=True cost= 15188.9 solve=139.5 ms avg= 52.0 ms  fails=1  security=False  vx_eff=1.00  scan_age=100 ms  path_wpts=68(raw=40)  robot=[-4.01,7.83] setpt=[-4.02,6.73]
[a_star_node-15] [INFO] [1777389840.467826883] [a_star_node]: [A*-DEBUG] Planning from pose=(-4.0237, 7.7874)  goal=(12.00, -8.00)
[a_star_node-15] [INFO] [1777389840.492629947] [a_star_node]: [A*] NAVIGATING  dist_to_goal=22.49 m  robot=(-4.02,7.79)  goal=(12.00,-8.00)  path=40 wpts  local_goal=(-4.52,-1.96)
[mpc_node-16] [INFO] [1777389840.633530502] [mpc_node]: [MPC-DEBUG] /go2/pose received: pos=(-4.0214, 7.7956)  yaw=-76.9 deg  vel_body=(0.07, -0.03, 0.19)
[odom_to_pose_node-13] [INFO] [1777389840.788530698] [odom_to_pose_node]: [ODOM_BRIDGE] #01655  pos=(-4.0537, 7.6774)  vel=(0.3826, -0.1832)
[mpc_node-16] [WARN] [1777389840.790903214] [mpc_node]: [MPC-OBS] 88 pts in range | nearest 5: world=(-3.15,6.28) body=(+1.64,+0.36) d=1.68m bear=+12° | world=(-3.11,6.25) body=(+1.68,+0.39) d=1.72m bear=+13° | world=(-3.07,6.22) body=(+1.72,+0.42) d=1.77m bear=+14° | world=(-3.92,5.92) body=(+1.72,-0.49) d=1.78m bear=-16° | world=(-3.90,5.88) body=(+1.75,-0.49) d=1.82m bear=-15°
[mpc_node-16] [INFO] [1777389840.970760073] [mpc_node]: [MPC] #0188 ok=True cost=  3507.1 solve= 57.7 ms avg= 52.6 ms  fails=1  security=False  vx_eff=1.00  scan_age=100 ms  path_wpts=71(raw=40)  robot=[-4.05,7.66] setpt=[-3.85,6.64]
[mpc_node-16] [WARN] [1777389841.116539795] [mpc_node]: [MPC-OBS] NO obstacles fed to MPC this cycle (stale=0ms, lidar_pts=0)
[setpoint_to_cmd_vel_node-17] [INFO] [1777389841.275678838] [setpoint_to_cmd_vel_node]: [CMD_VEL] robot=(-4.06,7.54)  setpt=(-3.83,6.60)  dist=0.97m  vx=+0.80  vy=-0.30  wz=+0.03
[mpc_node-16] [WARN] [1777389841.367749300] [mpc_node]: [MPC-OBS] 107 pts in range | nearest 5: world=(-4.07,6.11) body=(+1.19,-0.75) d=1.41m bear=-32° | world=(-4.05,6.09) body=(+1.21,-0.75) d=1.43m bear=-32° | world=(-3.46,5.80) body=(+1.78,-0.41) d=1.82m bear=-13° | world=(-3.52,5.77) body=(+1.78,-0.47) d=1.84m bear=-15° | world=(-3.17,5.91) body=(+1.84,-0.10) d=1.84m bear=-3°
[mpc_node-16] [INFO] [1777389841.543310591] [mpc_node]: [MPC] #0192 ok=True cost= 10944.1 solve=159.7 ms avg= 53.5 ms  fails=1  security=False  vx_eff=1.00  scan_age=100 ms  path_wpts=71(raw=40)  robot=[-4.07,7.52] setpt=[-3.79,6.54]
[a_star_node-15] [INFO] [1777389841.693651166] [a_star_node]: [A*] NAVIGATING  dist_to_goal=22.31 m  robot=(-4.07,7.46)  goal=(12.00,-8.00)  path=43 wpts  local_goal=(-4.32,-2.29)
[mpc_node-16] [INFO] [1777389841.720594842] [mpc_node]: [MPC] Received NEW A* path: 43 raw → 78 resampled | reset_filter=False
[a_star_node-15] [INFO] [1777389841.803528265] [a_star_node]: [A*] New global goal: (-4.00, 2.00, 0.00)
[nav_graph_node-18] [INFO] [1777389841.803913483] [nav_graph_node]: [NavGraph] New goal (-4.00, 2.00) — graph path reset
[mpc_node-16] [WARN] [1777389841.958839786] [mpc_node]: [MPC] Waiting for pose and path…
[setpoint_to_cmd_vel_node-17] [INFO] [1777389842.285792525] [setpoint_to_cmd_vel_node]: [CMD_VEL] robot=(-4.10,7.27)  setpt=(-3.85,6.51)  dist=0.80m  vx=+0.80  vy=-0.30  wz=-0.41
[mpc_node-16] [INFO] [1777389842.653708978] [mpc_node]: [MPC-DEBUG] /go2/pose received: pos=(-4.1505, 7.1405)  yaw=-59.5 deg  vel_body=(0.20, -0.27, -0.01)
[a_star_node-15] [INFO] [1777389842.703839053] [a_star_node]: [A*-DEBUG] Planning from pose=(-4.1505, 7.1405)  goal=(-4.00, 2.00)
[a_star_node-15] [INFO] [1777389842.763432529] [a_star_node]: [A*] NAVIGATING  dist_to_goal=5.14 m  robot=(-4.15,7.14)  goal=(-4.00,2.00)  path=44 wpts  local_goal=(-4.40,-2.61)
[mpc_node-16] [INFO] [1777389842.766426280] [mpc_node]: [MPC] Received NEW A* path: 44 raw → 81 resampled | reset_filter=True
[odom_to_pose_node-13] [INFO] [1777389842.806791417] [odom_to_pose_node]: [ODOM_BRIDGE] #01691  pos=(-4.1758, 7.0982)  vel=(0.1753, -0.2271)
[mpc_node-16] [WARN] [1777389842.810344823] [mpc_node]: [MPC-OBS] 218 pts in range | nearest 5: world=(-4.26,9.90) body=(-2.53,+1.18) d=2.79m bear=+155° | world=(-4.20,9.91) body=(-2.51,+1.24) d=2.80m bear=+154° | world=(-4.10,9.91) body=(-2.47,+1.33) d=2.80m bear=+152° | world=(-4.13,9.91) body=(-2.48,+1.30) d=2.80m bear=+152° | world=(-4.10,9.91) body=(-2.47,+1.33) d=2.80m bear=+152°
[mpc_node-16] [INFO] [1777389842.879907057] [mpc_node]: [MPC] #0197 ok=True cost=   559.5 solve= 52.6 ms avg= 53.4 ms  fails=1  security=False  vx_eff=1.00  scan_age=100 ms  path_wpts=81(raw=44)  robot=[-4.17,7.11] setpt=[-5.38,6.92]
[setpoint_to_cmd_vel_node-17] [INFO] [1777389843.303020563] [setpoint_to_cmd_vel_node]: [CMD_VEL] robot=(-4.20,7.01)  setpt=(-5.38,6.89)  dist=1.19m  vx=+0.66  vy=-0.26  wz=-0.55
[mpc_node-16] [INFO] [1777389843.413056021] [mpc_node]: [MPC] #0201 ok=True cost= 18311.2 solve=135.8 ms avg= 53.8 ms  fails=1  security=False  vx_eff=1.00  scan_age=100 ms  path_wpts=81(raw=44)  robot=[-4.20,7.02] setpt=[-5.38,6.93]
[mpc_node-16] [WARN] [1777389843.420190601] [mpc_node]: [MPC-OBS] 201 pts in range | nearest 5: world=(-3.35,11.74) body=(-4.26,+2.21) d=4.80m bear=+153° | world=(-3.88,11.94) body=(-4.61,+1.77) d=4.94m bear=+159° | world=(-2.69,11.72) body=(-4.05,+2.84) d=4.94m bear=+145° | world=(-3.29,11.89) body=(-4.38,+2.31) d=4.96m bear=+152° | world=(-3.68,11.95) body=(-4.56,+1.96) d=4.97m bear=+157°
[a_star_node-15] [INFO] [1777389843.857275161] [a_star_node]: [A*] NAVIGATING  dist_to_goal=4.91 m  robot=(-4.30,6.90)  goal=(-4.00,2.00)  path=45 wpts  local_goal=(-4.55,-2.85)
[mpc_node-16] [INFO] [1777389843.957462948] [mpc_node]: [MPC] #0204 ok=True cost= 20536.1 solve=135.4 ms avg= 55.3 ms  fails=1  security=False  vx_eff=1.00  scan_age=101 ms  path_wpts=81(raw=44)  robot=[-4.21,6.99] setpt=[-5.38,6.94]
[mpc_node-16] [WARN] [1777389843.971949181] [mpc_node]: [MPC-OBS] 563 pts in range | nearest 5: world=(-4.31,9.79) body=(-2.83,+0.16) d=2.83m bear=+177° | world=(-4.38,9.79) body=(-2.83,+0.09) d=2.84m bear=+178° | world=(-4.08,9.79) body=(-2.81,+0.39) d=2.84m bear=+172° | world=(-4.18,9.80) body=(-2.83,+0.29) d=2.84m bear=+174° | world=(-4.41,9.79) body=(-2.84,+0.06) d=2.84m bear=+179°
[mpc_node-16] [INFO] [1777389844.251411025] [mpc_node]: [MPC] Received NEW A* path: 45 raw → 82 resampled | reset_filter=False
[setpoint_to_cmd_vel_node-17] [INFO] [1777389844.333003981] [setpoint_to_cmd_vel_node]: [CMD_VEL] robot=(-4.45,6.83)  setpt=(-5.39,6.86)  dist=0.94m  vx=+0.32  vy=-0.30  wz=-0.34
[mpc_node-16] [INFO] [1777389844.467412190] [mpc_node]: [MPC] #0208 ok=True cost=   738.9 solve= 42.7 ms avg= 56.0 ms  fails=1  security=False  vx_eff=1.00  scan_age=117 ms  path_wpts=82(raw=45)  robot=[-4.35,6.87] setpt=[-5.41,6.78]
[mpc_node-16] [WARN] [1777389844.492587637] [mpc_node]: [MPC-OBS] 191 pts in range | nearest 5: world=(-4.98,12.29) body=(-4.70,-2.86) d=5.50m bear=-149° | world=(-4.79,12.40) body=(-4.88,-2.74) d=5.59m bear=-151° | world=(-5.05,12.44) body=(-4.80,-2.99) d=5.65m bear=-148° | world=(-6.08,12.43) body=(-4.33,-3.91) d=5.84m bear=-138° | world=(-6.02,12.53) body=(-4.45,-3.90) d=5.91m bear=-139°
[mpc_node-16] [INFO] [1777389844.689034494] [mpc_node]: [MPC-DEBUG] /go2/pose received: pos=(-4.5483, 6.8043)  yaw=-122.3 deg  vel_body=(0.16, -0.16, -0.58)
[a_star_node-15] [INFO] [1777389844.794025770] [a_star_node]: [A*-DEBUG] Planning from pose=(-4.5997, 6.8065)  goal=(-4.00, 2.00)
[odom_to_pose_node-13] [INFO] [1777389844.845960479] [odom_to_pose_node]: [ODOM_BRIDGE] #01730  pos=(-4.6273, 6.8052)  vel=(0.1889, -0.2351)
[a_star_node-15] [INFO] [1777389844.863540136] [a_star_node]: [A*] NAVIGATING  dist_to_goal=4.84 m  robot=(-4.60,6.81)  goal=(-4.00,2.00)  path=41 wpts  local_goal=(-4.60,-2.94)
[mpc_node-16] [INFO] [1777389844.980028472] [mpc_node]: [MPC] #0213 ok=True cost=   798.8 solve= 52.1 ms avg= 56.2 ms  fails=1  security=False  vx_eff=1.00  scan_age=100 ms  path_wpts=74(raw=41)  robot=[-4.63,6.81] setpt=[-5.44,6.58]
[mpc_node-16] [WARN] [1777389845.014213436] [mpc_node]: [MPC-OBS] 431 pts in range | nearest 5: world=(-7.14,6.12) body=(+2.06,-1.54) d=2.58m bear=-37° | world=(-7.44,6.04) body=(+2.31,-1.72) d=2.88m bear=-37° | world=(-7.46,6.07) body=(+2.30,-1.76) d=2.89m bear=-37° | world=(-7.48,6.08) body=(+2.30,-1.78) d=2.91m bear=-38° | world=(-7.45,5.94) body=(+2.39,-1.67) d=2.92m bear=-35°
[setpoint_to_cmd_vel_node-17] [INFO] [1777389845.358540581] [setpoint_to_cmd_vel_node]: [CMD_VEL] robot=(-4.78,6.81)  setpt=(-5.44,6.46)  dist=0.76m  vx=+0.66  vy=-0.30  wz=+0.12
[mpc_node-16] [INFO] [1777389845.514051109] [mpc_node]: [MPC] #0218 ok=True cost=  5191.2 solve= 57.7 ms avg= 55.7 ms  fails=1  security=False  vx_eff=1.00  scan_age=100 ms  path_wpts=74(raw=41)  robot=[-4.79,6.81] setpt=[-5.43,6.38]
[mpc_node-16] [WARN] [1777389845.529988505] [mpc_node]: [MPC-OBS] 546 pts in range | nearest 5: world=(-6.97,6.20) body=(+1.87,-1.25) d=2.25m bear=-34° | world=(-7.25,6.17) body=(+2.07,-1.45) d=2.53m bear=-35° | world=(-7.32,6.19) body=(+2.10,-1.52) d=2.59m bear=-36° | world=(-7.33,6.15) body=(+2.14,-1.49) d=2.61m bear=-35° | world=(-7.37,6.13) body=(+2.18,-1.51) d=2.65m bear=-35°
[a_star_node-15] [INFO] [1777389845.885600800] [a_star_node]: [A*] NAVIGATING  dist_to_goal=4.92 m  robot=(-4.92,6.83)  goal=(-4.00,2.00)  path=40 wpts  local_goal=(-4.67,-2.92)
[mpc_node-16] [INFO] [1777389845.926521930] [mpc_node]: [MPC] Received NEW A* path: 40 raw → 73 resampled | reset_filter=False
[mpc_node-16] [INFO] [1777389846.026620706] [mpc_node]: [MPC] #0223 ok=True cost=  3286.4 solve= 43.3 ms avg= 55.3 ms  fails=1  security=False  vx_eff=1.00  scan_age=106 ms  path_wpts=73(raw=40)  robot=[-4.95,6.83] setpt=[-5.44,6.19]
[mpc_node-16] [WARN] [1777389846.045522535] [mpc_node]: [MPC-OBS] 600 pts in range | nearest 5: world=(-7.49,6.35) body=(+2.00,-1.61) d=2.56m bear=-39° | world=(-7.50,6.38) body=(+1.98,-1.63) d=2.57m bear=-39° | world=(-7.50,6.40) body=(+1.97,-1.65) d=2.57m bear=-40° | world=(-7.51,6.43) body=(+1.95,-1.67) d=2.57m bear=-41° | world=(-7.49,6.35) body=(+2.00,-1.61) d=2.57m bear=-39°
[nav_graph_node-18] [INFO] [1777389846.330573956] [nav_graph_node]: [NavGraph] Node 3 @ (-5.06,6.83)  total=4  neighbours=1
[setpoint_to_cmd_vel_node-17] [INFO] [1777389846.381420762] [setpoint_to_cmd_vel_node]: [CMD_VEL] robot=(-5.07,6.82)  setpt=(-5.45,6.07)  dist=0.85m  vx=+0.80  vy=-0.04  wz=+0.12
[mpc_node-16] [INFO] [1777389846.552746531] [mpc_node]: [MPC] #0228 ok=True cost=  3393.3 solve= 63.5 ms avg= 55.0 ms  fails=1  security=False  vx_eff=1.00  scan_age=100 ms  path_wpts=73(raw=40)  robot=[-5.08,6.82] setpt=[-5.46,5.99]
[mpc_node-16] [WARN] [1777389846.574142601] [mpc_node]: [MPC-OBS] 692 pts in range | nearest 5: world=(-5.69,7.10) body=(+0.19,-0.64) d=0.67m bear=-74° | world=(-7.17,6.90) body=(+1.31,-1.62) d=2.08m bear=-51° | world=(-7.17,6.38) body=(+1.70,-1.28) d=2.13m bear=-37° | world=(-7.26,6.37) body=(+1.77,-1.34) d=2.22m bear=-37° | world=(-7.27,6.37) body=(+1.78,-1.35) d=2.23m bear=-37°
[mpc_node-16] [INFO] [1777389846.761405935] [mpc_node]: [MPC-DEBUG] /go2/pose received: pos=(-5.1021, 6.8034)  yaw=-135.3 deg  vel_body=(0.09, -0.04, -0.20)
[a_star_node-15] [INFO] [1777389846.841637959] [a_star_node]: [A*-DEBUG] Planning from pose=(-5.1399, 6.7772)  goal=(-4.00, 2.00)
[odom_to_pose_node-13] [INFO] [1777389846.893295979] [odom_to_pose_node]: [ODOM_BRIDGE] #01770  pos=(-5.1461, 6.7614)  vel=(0.1721, 0.0723)
[a_star_node-15] [INFO] [1777389846.903019423] [a_star_node]: [A*] NAVIGATING  dist_to_goal=4.91 m  robot=(-5.14,6.78)  goal=(-4.00,2.00)  path=40 wpts  local_goal=(-4.89,-2.97)
[mpc_node-16] [INFO] [1777389847.063328294] [mpc_node]: [MPC] #0233 ok=True cost=  2346.6 solve= 47.1 ms avg= 54.7 ms  fails=1  security=False  vx_eff=1.00  scan_age=118 ms  path_wpts=73(raw=40)  robot=[-5.12,6.80] setpt=[-5.50,5.79]
[mpc_node-16] [INFO] [1777389847.067354975] [mpc_node]: [MPC] Received NEW A* path: 40 raw → 67 resampled | reset_filter=False
[mpc_node-16] [WARN] [1777389847.082546162] [mpc_node]: [MPC-OBS] 613 pts in range | nearest 5: world=(-7.51,6.41) body=(+1.88,-1.52) d=2.41m bear=-39° | world=(-7.51,6.41) body=(+1.88,-1.52) d=2.42m bear=-39° | world=(-7.51,6.39) body=(+1.89,-1.50) d=2.42m bear=-38° | world=(-7.51,6.36) body=(+1.91,-1.48) d=2.42m bear=-38° | world=(-7.51,6.39) body=(+1.90,-1.50) d=2.42m bear=-38°
[setpoint_to_cmd_vel_node-17] [INFO] [1777389847.403659800] [setpoint_to_cmd_vel_node]: [CMD_VEL] robot=(-5.16,6.66)  setpt=(-5.40,5.73)  dist=0.96m  vx=+0.80  vy=+0.24  wz=+0.21
[mpc_node-16] [INFO] [1777389847.623270529] [mpc_node]: [MPC] #0239 ok=True cost=    64.4 solve= 24.9 ms avg= 54.1 ms  fails=1  security=False  vx_eff=1.00  scan_age=100 ms  path_wpts=67(raw=40)  robot=[-5.14,6.62] setpt=[-5.32,5.64]
[mpc_node-16] [WARN] [1777389847.672743918] [mpc_node]: [MPC-OBS] 487 pts in range | nearest 5: world=(-7.41,5.81) body=(+1.97,-1.38) d=2.41m bear=-35° | world=(-7.48,5.86) body=(+1.98,-1.47) d=2.46m bear=-37° | world=(-7.50,5.92) body=(+1.94,-1.53) d=2.47m bear=-38° | world=(-7.49,5.85) body=(+1.98,-1.47) d=2.47m bear=-37° | world=(-7.52,5.89) body=(+1.97,-1.52) d=2.49m bear=-38°
[mpc_node-16] [WARN] [1777389848.173523171] [mpc_node]: [MPC-OBS] 183 pts in range | nearest 5: world=(-5.28,9.33) body=(-2.62,-1.24) d=2.90m bear=-155° | world=(-4.75,9.48) body=(-2.96,-0.81) d=3.07m bear=-165° | world=(-4.67,9.49) body=(-2.99,-0.74) d=3.08m bear=-166° | world=(-4.63,9.48) body=(-3.00,-0.70) d=3.08m bear=-167° | world=(-6.26,9.31) body=(-2.25,-2.15) d=3.11m bear=-136°
[mpc_node-16] [INFO] [1777389848.216041142] [mpc_node]: [MPC] #0245 ok=True cost=     9.7 solve= 30.2 ms avg= 53.8 ms  fails=1  security=False  vx_eff=1.00  scan_age=100 ms  path_wpts=67(raw=40)  robot=[-5.07,6.43] setpt=[-5.20,5.43]
[setpoint_to_cmd_vel_node-17] [INFO] [1777389848.425868679] [setpoint_to_cmd_vel_node]: [CMD_VEL] robot=(-5.03,6.36)  setpt=(-5.16,5.41)  dist=0.96m  vx=+0.80  vy=+0.19  wz=+0.16
[mpc_node-16] [WARN] [1777389848.684989635] [mpc_node]: [MPC-OBS] 119 pts in range | nearest 5: world=(-4.75,9.15) body=(-2.85,-0.21) d=2.86m bear=-176° | world=(-4.44,9.25) body=(-2.99,+0.08) d=2.99m bear=+178° | world=(-5.76,9.23) body=(-2.77,-1.22) d=3.03m bear=-156° | world=(-4.94,9.34) body=(-3.00,-0.42) d=3.03m bear=-172° | world=(-4.36,9.27) body=(-3.03,+0.16) d=3.04m bear=+177°
[mpc_node-16] [INFO] [1777389848.723706909] [mpc_node]: [MPC] #0250 ok=True cost=    15.0 solve= 28.4 ms avg= 53.6 ms  fails=1  security=False  vx_eff=1.00  scan_age=100 ms  path_wpts=67(raw=40)  robot=[-4.98,6.30] setpt=[-5.13,5.26]
[mpc_node-16] [INFO] [1777389848.864251448] [mpc_node]: [MPC-DEBUG] /go2/pose received: pos=(-4.9645, 6.2679)  yaw=-93.7 deg  vel_body=(0.12, 0.09, 0.21)
[a_star_node-15] [INFO] [1777389848.885459995] [a_star_node]: [A*-DEBUG] Planning from pose=(-4.9601, 6.2539)  goal=(-4.00, 2.00)
[a_star_node-15] [INFO] [1777389848.934288821] [a_star_node]: [A*] NAVIGATING  dist_to_goal=4.36 m  robot=(-4.96,6.25)  goal=(-4.00,2.00)  path=40 wpts  local_goal=(-4.71,-3.50)
[odom_to_pose_node-13] [INFO] [1777389848.937421122] [odom_to_pose_node]: [ODOM_BRIDGE] #01810  pos=(-4.9485, 6.2331)  vel=(0.2110, 0.1193)
[mpc_node-16] [INFO] [1777389848.987970219] [mpc_node]: [MPC] Received NEW A* path: 40 raw → 67 resampled | reset_filter=False
[mpc_node-16] [WARN] [1777389849.210824749] [mpc_node]: [MPC-OBS] 647 pts in range | nearest 5: world=(-7.02,6.03) body=(+0.25,-2.08) d=2.10m bear=-83° | world=(-7.02,5.86) body=(+0.43,-2.07) d=2.11m bear=-78° | world=(-7.01,5.74) body=(+0.54,-2.05) d=2.12m bear=-75° | world=(-6.99,5.56) body=(+0.72,-2.03) d=2.15m bear=-70° | world=(-6.97,5.48) body=(+0.80,-2.00) d=2.16m bear=-68°
[mpc_node-16] [INFO] [1777389849.265949968] [mpc_node]: [MPC] #0255 ok=True cost=    85.6 solve= 21.0 ms avg= 53.1 ms  fails=1  security=False  vx_eff=1.00  scan_age=100 ms  path_wpts=67(raw=40)  robot=[-4.93,6.20] setpt=[-5.05,5.09]
[setpoint_to_cmd_vel_node-17] [INFO] [1777389849.449205764] [setpoint_to_cmd_vel_node]: [CMD_VEL] robot=(-4.94,6.14)  setpt=(-5.03,5.06)  dist=1.08m  vx=+0.80  vy=-0.09  wz=-0.04
[mpc_node-16] [WARN] [1777389849.716061338] [mpc_node]: [MPC-OBS] 559 pts in range | nearest 5: world=(-7.10,6.59) body=(-0.42,-2.17) d=2.21m bear=-101° | world=(-7.09,6.65) body=(-0.49,-2.17) d=2.22m bear=-103° | world=(-7.11,6.66) body=(-0.49,-2.19) d=2.24m bear=-103° | world=(-7.12,5.45) body=(+0.72,-2.16) d=2.27m bear=-72° | world=(-7.12,5.40) body=(+0.76,-2.15) d=2.28m bear=-71°
[mpc_node-16] [INFO] [1777389849.770894907] [mpc_node]: [MPC] #0260 ok=True cost=    48.9 solve= 21.4 ms avg= 52.6 ms  fails=1  security=False  vx_eff=1.00  scan_age=100 ms  path_wpts=67(raw=40)  robot=[-4.94,6.09] setpt=[-4.99,4.96]
[a_star_node-15] [INFO] [1777389849.945940524] [a_star_node]: [A*] NAVIGATING  dist_to_goal=4.16 m  robot=(-4.96,6.05)  goal=(-4.00,2.00)  path=40 wpts  local_goal=(-4.71,-3.70)
[mpc_node-16] [WARN] [1777389850.230131459] [mpc_node]: [MPC-OBS] 446 pts in range | nearest 5: world=(-7.18,5.46) body=(+0.72,-2.15) d=2.26m bear=-72° | world=(-7.30,5.57) body=(+0.62,-2.29) d=2.37m bear=-75° | world=(-7.40,5.86) body=(+0.34,-2.41) d=2.43m bear=-82° | world=(-7.41,5.82) body=(+0.38,-2.41) d=2.44m bear=-81° | world=(-7.42,6.00) body=(+0.21,-2.44) d=2.45m bear=-85°
[mpc_node-16] [INFO] [1777389850.277244819] [mpc_node]: [MPC] #0265 ok=True cost=    26.6 solve= 23.4 ms avg= 52.0 ms  fails=1  security=False  vx_eff=1.00  scan_age=100 ms  path_wpts=67(raw=40)  robot=[-4.97,5.98] setpt=[-4.97,4.85]
[setpoint_to_cmd_vel_node-17] [INFO] [1777389850.473630126] [setpoint_to_cmd_vel_node]: [CMD_VEL] robot=(-4.98,5.94)  setpt=(-4.97,4.83)  dist=1.11m  vx=+0.80  vy=+0.02  wz=+0.02
[mpc_node-16] [WARN] [1777389850.743220890] [mpc_node]: [MPC-OBS] 445 pts in range | nearest 5: world=(-7.11,5.54) body=(+0.54,-2.09) d=2.16m bear=-76° | world=(-7.18,5.77) body=(+0.31,-2.18) d=2.20m bear=-82° | world=(-7.18,5.73) body=(+0.35,-2.17) d=2.20m bear=-81° | world=(-7.16,5.54) body=(+0.54,-2.14) d=2.21m bear=-76° | world=(-7.15,6.31) body=(-0.22,-2.20) d=2.21m bear=-96°
[mpc_node-16] [INFO] [1777389850.788993280] [mpc_node]: [MPC] #0270 ok=True cost=    40.9 solve= 22.2 ms avg= 51.6 ms  fails=1  security=False  vx_eff=1.00  scan_age=100 ms  path_wpts=67(raw=40)  robot=[-4.98,5.88] setpt=[-4.96,4.74]
[mpc_node-16] [INFO] [1777389850.896779589] [mpc_node]: [MPC-DEBUG] /go2/pose received: pos=(-4.9800, 5.8535)  yaw=-92.1 deg  vel_body=(0.11, -0.00, 0.07)
[a_star_node-15] [INFO] [1777389850.938586445] [a_star_node]: [A*-DEBUG] Planning from pose=(-4.9788, 5.8407)  goal=(-4.00, 2.00)
[odom_to_pose_node-13] [INFO] [1777389850.939256655] [odom_to_pose_node]: [ODOM_BRIDGE] #01849  pos=(-4.9768, 5.8298)  vel=(0.2114, 0.0359)
[a_star_node-15] [INFO] [1777389850.974010864] [a_star_node]: [A*] NAVIGATING  dist_to_goal=3.96 m  robot=(-4.98,5.84)  goal=(-4.00,2.00)  path=40 wpts  local_goal=(-4.73,-3.91)
[mpc_node-16] [INFO] [1777389851.026106685] [mpc_node]: [MPC] Received NEW A* path: 40 raw → 67 resampled | reset_filter=False
[mpc_node-16] [WARN] [1777389851.259534388] [mpc_node]: [MPC-OBS] 479 pts in range | nearest 5: world=(-7.00,5.77) body=(+0.12,-2.03) d=2.04m bear=-87° | world=(-7.07,6.22) body=(-0.33,-2.13) d=2.15m bear=-99° | world=(-7.03,6.52) body=(-0.63,-2.11) d=2.20m bear=-107° | world=(-7.11,6.28) body=(-0.38,-2.17) d=2.20m bear=-100° | world=(-7.04,6.52) body=(-0.63,-2.11) d=2.21m bear=-107°
[mpc_node-16] [INFO] [1777389851.307545644] [mpc_node]: [MPC] #0275 ok=True cost=    39.4 solve= 22.3 ms avg= 51.1 ms  fails=1  security=False  vx_eff=1.00  scan_age=100 ms  path_wpts=67(raw=40)  robot=[-4.96,5.78] setpt=[-4.97,4.64]
[setpoint_to_cmd_vel_node-17] [INFO] [1777389851.503804705] [setpoint_to_cmd_vel_node]: [CMD_VEL] robot=(-4.96,5.73)  setpt=(-4.97,4.62)  dist=1.11m  vx=+0.80  vy=-0.00  wz=-0.02
[mpc_node-16] [WARN] [1777389851.771804041] [mpc_node]: [MPC-OBS] 434 pts in range | nearest 5: world=(-5.42,5.66) body=(+0.03,-0.47) d=0.47m bear=-86° | world=(-5.84,5.43) body=(+0.28,-0.88) d=0.92m bear=-72° | world=(-6.92,5.61) body=(+0.13,-1.96) d=1.97m bear=-86° | world=(-6.93,5.38) body=(+0.36,-1.97) d=2.00m bear=-80° | world=(-6.76,4.67) body=(+1.06,-1.78) d=2.07m bear=-59°
[mpc_node-16] [INFO] [1777389851.838606932] [mpc_node]: [MPC] #0280 ok=True cost=  1334.3 solve= 37.3 ms avg= 50.9 ms  fails=1  security=False  vx_eff=1.00  scan_age=100 ms  path_wpts=67(raw=40)  robot=[-4.95,5.68] setpt=[-4.95,4.54]
[a_star_node-15] [INFO] [1777389852.002312172] [a_star_node]: [A*] NAVIGATING  dist_to_goal=3.76 m  robot=(-4.96,5.64)  goal=(-4.00,2.00)  path=40 wpts  local_goal=(-4.71,-4.11)
[mpc_node-16] [INFO] [1777389852.043901928] [mpc_node]: [MPC] Received NEW A* path: 40 raw → 67 resampled | reset_filter=False
[mpc_node-16] [WARN] [1777389852.285602331] [mpc_node]: [MPC-OBS] 438 pts in range | nearest 5: world=(-6.70,5.27) body=(+0.37,-1.73) d=1.77m bear=-78° | world=(-6.88,5.38) body=(+0.26,-1.92) d=1.94m bear=-82° | world=(-7.01,5.23) body=(+0.42,-2.04) d=2.09m bear=-78° | world=(-7.11,5.24) body=(+0.41,-2.15) d=2.19m bear=-79° | world=(-7.17,5.69) body=(-0.03,-2.22) d=2.22m bear=-91°
[mpc_node-16] [INFO] [1777389852.344919527] [mpc_node]: [MPC] #0285 ok=True cost=    73.3 solve= 27.3 ms avg= 50.5 ms  fails=1  security=False  vx_eff=1.00  scan_age=100 ms  path_wpts=67(raw=40)  robot=[-4.95,5.57] setpt=[-4.95,4.43]
[setpoint_to_cmd_vel_node-17] [INFO] [1777389852.531818244] [setpoint_to_cmd_vel_node]: [CMD_VEL] robot=(-4.96,5.52)  setpt=(-4.95,4.41)  dist=1.11m  vx=+0.80  vy=-0.02  wz=-0.02
[mpc_node-16] [WARN] [1777389852.796712134] [mpc_node]: [MPC-OBS] 447 pts in range | nearest 5: world=(-5.48,3.99) body=(+1.51,-0.44) d=1.57m bear=-16° | world=(-7.12,5.35) body=(+0.23,-2.15) d=2.16m bear=-84° | world=(-7.17,5.47) body=(+0.11,-2.21) d=2.21m bear=-87° | world=(-7.20,5.36) body=(+0.22,-2.23) d=2.24m bear=-84° | world=(-7.15,4.72) body=(+0.86,-2.15) d=2.31m bear=-68°
[mpc_node-16] [INFO] [1777389852.868233980] [mpc_node]: [MPC] #0290 ok=True cost=  1419.9 solve= 43.7 ms avg= 50.1 ms  fails=1  security=False  vx_eff=1.00  scan_age=100 ms  path_wpts=67(raw=40)  robot=[-4.96,5.47] setpt=[-4.93,4.33]
[odom_to_pose_node-13] [INFO] [1777389852.941718642] [odom_to_pose_node]: [ODOM_BRIDGE] #01888  pos=(-4.9668, 5.4279)  vel=(0.2353, -0.0247)
[mpc_node-16] [INFO] [1777389852.972127296] [mpc_node]: [MPC-DEBUG] /go2/pose received: pos=(-4.9654, 5.4391)  yaw=-91.0 deg  vel_body=(0.10, -0.01, 0.02)
[a_star_node-15] [INFO] [1777389852.992391505] [a_star_node]: [A*-DEBUG] Planning from pose=(-4.9668, 5.4279)  goal=(-4.00, 2.00)
[a_star_node-15] [INFO] [1777389853.031742117] [a_star_node]: [A*] NAVIGATING  dist_to_goal=3.56 m  robot=(-4.97,5.43)  goal=(-4.00,2.00)  path=40 wpts  local_goal=(-4.72,-4.32)
[mpc_node-16] [INFO] [1777389853.071477696] [mpc_node]: [MPC] Received NEW A* path: 40 raw → 67 resampled | reset_filter=False
[mpc_node-16] [WARN] [1777389853.360252741] [mpc_node]: [MPC-OBS] 463 pts in range | nearest 5: world=(-6.92,4.99) body=(+0.49,-1.94) d=2.00m bear=-76° | world=(-6.86,6.38) body=(-0.91,-1.96) d=2.16m bear=-115° | world=(-7.10,6.22) body=(-0.73,-2.18) d=2.30m bear=-109° | world=(-7.00,6.45) body=(-0.97,-2.10) d=2.31m bear=-115° | world=(-7.25,5.03) body=(+0.47,-2.27) d=2.31m bear=-78°
[mpc_node-16] [INFO] [1777389853.409592749] [mpc_node]: [MPC] #0295 ok=True cost=    31.0 solve= 22.0 ms avg= 49.7 ms  fails=1  security=False  vx_eff=1.00  scan_age=100 ms  path_wpts=67(raw=40)  robot=[-4.96,5.37] setpt=[-4.95,4.22]
[nav_graph_node-18] [INFO] [1777389853.553720689] [nav_graph_node]: [NavGraph] Node 4 @ (-4.96,5.32)  total=5  neighbours=2
[setpoint_to_cmd_vel_node-17] [INFO] [1777389853.553866257] [setpoint_to_cmd_vel_node]: [CMD_VEL] robot=(-4.96,5.32)  setpt=(-4.96,4.20)  dist=1.12m  vx=+0.80  vy=+0.03  wz=+0.00
[mpc_node-16] [WARN] [1777389853.866236099] [mpc_node]: [MPC-OBS] 288 pts in range | nearest 5: world=(-7.49,5.51) body=(-0.14,-2.54) d=2.54m bear=-93° | world=(-7.49,5.51) body=(-0.14,-2.54) d=2.54m bear=-93° | world=(-7.49,5.46) body=(-0.09,-2.54) d=2.55m bear=-92° | world=(-7.49,5.49) body=(-0.12,-2.55) d=2.55m bear=-93° | world=(-7.49,5.49) body=(-0.12,-2.55) d=2.55m bear=-93°
[mpc_node-16] [INFO] [1777389854.018599330] [mpc_node]: [MPC] #0301 ok=True cost=    20.2 solve= 21.6 ms avg= 49.2 ms  fails=1  security=False  vx_eff=1.00  scan_age=100 ms  path_wpts=67(raw=40)  robot=[-4.96,5.24] setpt=[-4.96,4.10]
[a_star_node-15] [INFO] [1777389854.099035346] [a_star_node]: [A*] NAVIGATING  dist_to_goal=3.36 m  robot=(-4.96,5.22)  goal=(-4.00,2.00)  path=40 wpts  local_goal=(-4.71,-4.53)
[mpc_node-16] [INFO] [1777389854.132046533] [mpc_node]: [MPC] Received NEW A* path: 40 raw → 67 resampled | reset_filter=False
[mpc_node-16] [WARN] [1777389854.386075326] [mpc_node]: [MPC-OBS] 462 pts in range | nearest 5: world=(-7.08,5.89) body=(-0.64,-2.16) d=2.25m bear=-106° | world=(-7.19,5.61) body=(-0.35,-2.25) d=2.28m bear=-99° | world=(-7.21,5.62) body=(-0.36,-2.27) d=2.30m bear=-99° | world=(-6.95,6.32) body=(-1.07,-2.05) d=2.31m bear=-118° | world=(-7.03,6.16) body=(-0.91,-2.12) d=2.31m bear=-113°
[mpc_node-16] [INFO] [1777389854.553362226] [mpc_node]: [MPC] #0306 ok=True cost=    31.8 solve= 39.3 ms avg= 48.8 ms  fails=1  security=False  vx_eff=1.00  scan_age=100 ms  path_wpts=67(raw=40)  robot=[-4.96,5.14] setpt=[-4.96,4.00]
[setpoint_to_cmd_vel_node-17] [INFO] [1777389854.577792301] [setpoint_to_cmd_vel_node]: [CMD_VEL] robot=(-4.96,5.12)  setpt=(-4.96,4.00)  dist=1.12m  vx=+0.80  vy=+0.01  wz=+0.01
[mpc_node-16] [WARN] [1777389854.899368492] [mpc_node]: [MPC-OBS] 471 pts in range | nearest 5: world=(-7.18,5.56) body=(-0.39,-2.25) d=2.28m bear=-100° | world=(-7.27,5.60) body=(-0.42,-2.34) d=2.38m bear=-100° | world=(-7.27,5.63) body=(-0.45,-2.34) d=2.38m bear=-101° | world=(-7.27,5.64) body=(-0.46,-2.34) d=2.39m bear=-101° | world=(-7.30,5.64) body=(-0.46,-2.37) d=2.41m bear=-101°
[odom_to_pose_node-13] [INFO] [1777389854.991988194] [odom_to_pose_node]: [ODOM_BRIDGE] #01927  pos=(-4.9630, 5.0241)  vel=(0.1650, -0.0407)
[mpc_node-16] [INFO] [1777389855.049935310] [mpc_node]: [MPC-DEBUG] /go2/pose received: pos=(-4.9630, 5.0241)  yaw=-91.4 deg  vel_body=(0.11, -0.01, 0.01)
[a_star_node-15] [INFO] [1777389855.094445957] [a_star_node]: [A*-DEBUG] Planning from pose=(-4.9646, 5.0134)  goal=(-4.00, 2.00)
[a_star_node-15] [INFO] [1777389855.125838077] [a_star_node]: [A*] NAVIGATING  dist_to_goal=3.16 m  robot=(-4.96,5.01)  goal=(-4.00,2.00)  path=40 wpts  local_goal=(-4.71,-4.74)
[mpc_node-16] [INFO] [1777389855.152652535] [mpc_node]: [MPC] #0312 ok=True cost=    36.4 solve= 20.2 ms avg= 48.3 ms  fails=1  security=False  vx_eff=1.00  scan_age=100 ms  path_wpts=67(raw=40)  robot=[-4.96,5.01] setpt=[-4.96,3.87]
[mpc_node-16] [INFO] [1777389855.160032153] [mpc_node]: [MPC] Received NEW A* path: 40 raw → 67 resampled | reset_filter=False
[mpc_node-16] [WARN] [1777389855.414908606] [mpc_node]: [MPC-OBS] 480 pts in range | nearest 5: world=(-7.05,5.69) body=(-0.62,-2.12) d=2.21m bear=-106° | world=(-7.07,5.70) body=(-0.63,-2.15) d=2.24m bear=-106° | world=(-7.22,5.33) body=(-0.25,-2.28) d=2.30m bear=-96° | world=(-7.24,5.34) body=(-0.26,-2.30) d=2.32m bear=-97° | world=(-7.25,5.33) body=(-0.25,-2.31) d=2.32m bear=-96°
[setpoint_to_cmd_vel_node-17] [INFO] [1777389855.607269712] [setpoint_to_cmd_vel_node]: [CMD_VEL] robot=(-4.96,4.91)  setpt=(-4.96,3.79)  dist=1.12m  vx=+0.80  vy=+0.02  wz=+0.01
[mpc_node-16] [INFO] [1777389855.670336988] [mpc_node]: [MPC] #0317 ok=True cost=    23.4 solve= 24.1 ms avg= 48.0 ms  fails=1  security=False  vx_eff=1.00  scan_age=100 ms  path_wpts=67(raw=40)  robot=[-4.96,4.91] setpt=[-4.96,3.76]
[mpc_node-16] [WARN] [1777389855.924701717] [mpc_node]: [MPC-OBS] 485 pts in range | nearest 5: world=(-7.20,5.20) body=(-0.24,-2.26) d=2.27m bear=-96° | world=(-7.16,5.46) body=(-0.50,-2.23) d=2.29m bear=-103° | world=(-7.24,5.49) body=(-0.53,-2.31) d=2.37m bear=-103° | world=(-7.27,5.44) body=(-0.48,-2.34) d=2.39m bear=-102° | world=(-7.32,5.41) body=(-0.44,-2.38) d=2.42m bear=-100°
[a_star_node-15] [INFO] [1777389856.146400476] [a_star_node]: [A*] NAVIGATING  dist_to_goal=2.97 m  robot=(-4.96,4.81)  goal=(-4.00,2.00)  path=40 wpts  local_goal=(-4.71,-4.94)
[mpc_node-16] [INFO] [1777389856.180235861] [mpc_node]: [MPC] #0322 ok=True cost=    26.0 solve= 20.4 ms avg= 47.6 ms  fails=1  security=False  vx_eff=1.00  scan_age=100 ms  path_wpts=67(raw=40)  robot=[-4.96,4.81] setpt=[-4.96,3.66]
[mpc_node-16] [INFO] [1777389856.187639413] [mpc_node]: [MPC] Received NEW A* path: 40 raw → 67 resampled | reset_filter=False
[mpc_node-16] [WARN] [1777389856.435633693] [mpc_node]: [MPC-OBS] 484 pts in range | nearest 5: world=(-6.86,4.96) body=(-0.13,-1.91) d=1.92m bear=-94° | world=(-6.98,5.02) body=(-0.18,-2.03) d=2.04m bear=-95° | world=(-7.12,5.11) body=(-0.27,-2.18) d=2.20m bear=-97° | world=(-6.96,5.75) body=(-0.91,-2.04) d=2.24m bear=-114° | world=(-7.25,5.12) body=(-0.27,-2.30) d=2.32m bear=-97°
[setpoint_to_cmd_vel_node-17] [INFO] [1777389856.631149629] [setpoint_to_cmd_vel_node]: [CMD_VEL] robot=(-4.96,4.70)  setpt=(-4.96,3.58)  dist=1.12m  vx=+0.80  vy=+0.01  wz=+0.01
[mpc_node-16] [INFO] [1777389856.696829109] [mpc_node]: [MPC] #0327 ok=True cost=    33.5 solve= 23.9 ms avg= 47.2 ms  fails=1  security=False  vx_eff=1.00  scan_age=100 ms  path_wpts=67(raw=40)  robot=[-4.96,4.70] setpt=[-4.96,3.56]
[mpc_node-16] [WARN] [1777389856.950449255] [mpc_node]: [MPC-OBS] 488 pts in range | nearest 5: world=(-6.83,4.86) body=(-0.14,-1.88) d=1.89m bear=-94° | world=(-6.98,4.91) body=(-0.17,-2.03) d=2.04m bear=-95° | world=(-6.81,5.65) body=(-0.92,-1.89) d=2.11m bear=-116° | world=(-7.07,4.96) body=(-0.23,-2.12) d=2.13m bear=-96° | world=(-7.14,4.96) body=(-0.22,-2.19) d=2.20m bear=-96°
[odom_to_pose_node-13] [INFO] [1777389857.041039840] [odom_to_pose_node]: [ODOM_BRIDGE] #01967  pos=(-4.9624, 4.6102)  vel=(0.1885, -0.0346)
[mpc_node-16] [INFO] [1777389857.087631414] [mpc_node]: [MPC-DEBUG] /go2/pose received: pos=(-4.9624, 4.6102)  yaw=-91.7 deg  vel_body=(0.26, 0.01, -0.48)
[a_star_node-15] [INFO] [1777389857.289939489] [a_star_node]: [A*-DEBUG] Planning from pose=(-4.9648, 4.5893)  goal=(-4.00, 2.00)
[mpc_node-16] [INFO] [1777389857.320444202] [mpc_node]: [MPC] #0332 ok=True cost=    16.3 solve= 25.7 ms avg= 46.8 ms  fails=1  security=False  vx_eff=1.00  scan_age=100 ms  path_wpts=67(raw=40)  robot=[-4.96,4.60] setpt=[-4.96,3.45]
[a_star_node-15] [INFO] [1777389857.336874122] [a_star_node]: [A*] NAVIGATING  dist_to_goal=2.76 m  robot=(-4.96,4.59)  goal=(-4.00,2.00)  path=40 wpts  local_goal=(-4.71,-5.16)
[mpc_node-16] [INFO] [1777389857.346118336] [mpc_node]: [MPC] Received NEW A* path: 40 raw → 67 resampled | reset_filter=False
[setpoint_to_cmd_vel_node-17] [INFO] [1777389857.850440912] [setpoint_to_cmd_vel_node]: [CMD_VEL] robot=(-4.96,4.58)  setpt=(-4.96,3.45)  dist=1.12m  vx=+0.80  vy=-0.01  wz=-0.02
[mpc_node-16] [WARN] [1777389857.928545190] [mpc_node]: [MPC-OBS] 504 pts in range | nearest 5: world=(-7.48,5.46) body=(-1.02,-2.46) d=2.66m bear=-113° | world=(-7.48,5.46) body=(-1.03,-2.46) d=2.67m bear=-113° | world=(-7.47,5.51) body=(-1.08,-2.44) d=2.67m bear=-114° | world=(-7.48,5.49) body=(-1.05,-2.46) d=2.67m bear=-113° | world=(-7.49,5.46) body=(-1.03,-2.47) d=2.67m bear=-113°
[mpc_node-16] [INFO] [1777389858.007771536] [mpc_node]: [MPC] #0333 ok=True cost=     9.4 solve= 37.9 ms avg= 46.8 ms  fails=1  security=False  vx_eff=1.00  scan_age=202 ms  path_wpts=67(raw=40)  robot=[-4.96,4.58] setpt=[-4.96,3.43]
[mpc_node-16] [WARN] [1777389858.458313190] [mpc_node]: [MPC-OBS] 511 pts in range | nearest 5: world=(-6.40,5.47) body=(-0.98,-1.43) d=1.73m bear=-124° | world=(-6.24,5.71) body=(-1.22,-1.26) d=1.75m bear=-134° | world=(-6.40,5.78) body=(-1.29,-1.42) d=1.92m bear=-132° | world=(-6.66,5.50) body=(-1.02,-1.68) d=1.97m bear=-121° | world=(-6.67,5.61) body=(-1.13,-1.69) d=2.03m bear=-124°
[mpc_node-16] [INFO] [1777389858.515384799] [mpc_node]: [MPC] #0337 ok=True cost=    39.3 solve= 33.3 ms avg= 46.6 ms  fails=1  security=False  vx_eff=1.00  scan_age=100 ms  path_wpts=67(raw=40)  robot=[-4.97,4.50] setpt=[-4.96,3.36]
[setpoint_to_cmd_vel_node-17] [INFO] [1777389858.856952128] [setpoint_to_cmd_vel_node]: [CMD_VEL] robot=(-4.96,4.42)  setpt=(-4.96,3.29)  dist=1.13m  vx=+0.80  vy=+0.02  wz=+0.02
[mpc_node-16] [WARN] [1777389858.970887546] [mpc_node]: [MPC-OBS] 508 pts in range | nearest 5: world=(-6.71,5.45) body=(-1.07,-1.74) d=2.04m bear=-122° | world=(-6.78,5.57) body=(-1.18,-1.80) d=2.15m bear=-123° | world=(-6.83,5.53) body=(-1.14,-1.86) d=2.18m bear=-122° | world=(-6.95,5.39) body=(-1.00,-1.98) d=2.22m bear=-117° | world=(-6.85,5.61) body=(-1.23,-1.88) d=2.24m bear=-123°
[a_star_node-15] [INFO] [1777389858.992363552] [a_star_node]: [A*] NAVIGATING  dist_to_goal=2.58 m  robot=(-4.97,4.40)  goal=(-4.00,2.00)  path=40 wpts  local_goal=(-4.72,-5.35)
[mpc_node-16] [INFO] [1777389859.015926200] [mpc_node]: [MPC] #0342 ok=True cost=    20.4 solve= 19.6 ms avg= 46.2 ms  fails=1  security=False  vx_eff=1.00  scan_age=100 ms  path_wpts=67(raw=40)  robot=[-4.97,4.40] setpt=[-4.96,3.25]
[mpc_node-16] [INFO] [1777389859.020223932] [mpc_node]: [MPC] Received NEW A* path: 40 raw → 67 resampled | reset_filter=False
[odom_to_pose_node-13] [INFO] [1777389859.061789673] [odom_to_pose_node]: [ODOM_BRIDGE] #01991  pos=(-4.9654, 4.3643)  vel=(0.2205, 0.0098)
[mpc_node-16] [INFO] [1777389859.096758871] [mpc_node]: [MPC-DEBUG] /go2/pose received: pos=(-4.9654, 4.3643)  yaw=-87.2 deg  vel_body=(0.17, 0.01, -0.14)
[mpc_node-16] [WARN] [1777389859.479745661] [mpc_node]: [MPC-OBS] 507 pts in range | nearest 5: world=(-6.67,5.25) body=(-0.96,-1.70) d=1.95m bear=-119° | world=(-6.65,5.42) body=(-1.13,-1.68) d=2.03m bear=-124° | world=(-6.70,5.46) body=(-1.17,-1.73) d=2.09m bear=-124° | world=(-6.79,5.32) body=(-1.02,-1.82) d=2.09m bear=-119° | world=(-6.69,5.53) body=(-1.23,-1.72) d=2.12m bear=-126°
[mpc_node-16] [INFO] [1777389859.536868340] [mpc_node]: [MPC] #0347 ok=True cost=    25.8 solve= 26.6 ms avg= 45.9 ms  fails=1  security=False  vx_eff=1.00  scan_age=100 ms  path_wpts=67(raw=40)  robot=[-4.97,4.29] setpt=[-4.97,3.15]
[setpoint_to_cmd_vel_node-17] [INFO] [1777389859.879122918] [setpoint_to_cmd_vel_node]: [CMD_VEL] robot=(-4.96,4.21)  setpt=(-4.97,3.09)  dist=1.12m  vx=+0.80  vy=+0.02  wz=+0.03
[a_star_node-15] [INFO] [1777389859.981010323] [a_star_node]: [A*-DEBUG] Planning from pose=(-4.9679, 4.1889)  goal=(-4.00, 2.00)
[mpc_node-16] [WARN] [1777389859.991914997] [mpc_node]: [MPC-OBS] 505 pts in range | nearest 5: world=(-6.80,5.00) body=(-0.82,-1.83) d=2.00m bear=-114° | world=(-6.86,5.04) body=(-0.86,-1.89) d=2.08m bear=-114° | world=(-6.80,5.24) body=(-1.05,-1.83) d=2.11m bear=-120° | world=(-6.85,5.16) body=(-0.98,-1.88) d=2.12m bear=-117° | world=(-6.79,5.39) body=(-1.21,-1.82) d=2.19m bear=-123°
[a_star_node-15] [INFO] [1777389860.009694790] [a_star_node]: [A*] NAVIGATING  dist_to_goal=2.39 m  robot=(-4.97,4.19)  goal=(-4.00,2.00)  path=40 wpts  local_goal=(-4.72,-5.56)
[mpc_node-16] [INFO] [1777389860.036585666] [mpc_node]: [MPC] Received NEW A* path: 40 raw → 67 resampled | reset_filter=False
[mpc_node-16] [INFO] [1777389860.118480091] [mpc_node]: [MPC] #0353 ok=True cost=     6.3 solve= 21.6 ms avg= 45.4 ms  fails=1  security=False  vx_eff=1.00  scan_age=100 ms  path_wpts=67(raw=40)  robot=[-4.97,4.17] setpt=[-4.97,3.02]
[mpc_node-16] [WARN] [1777389860.502958479] [mpc_node]: [MPC-OBS] 501 pts in range | nearest 5: world=(-6.75,4.46) body=(-0.37,-1.78) d=1.82m bear=-102° | world=(-6.63,5.26) body=(-1.18,-1.66) d=2.03m bear=-125° | world=(-6.96,4.59) body=(-0.51,-1.99) d=2.05m bear=-104° | world=(-6.66,5.42) body=(-1.34,-1.69) d=2.15m bear=-128° | world=(-6.65,5.50) body=(-1.41,-1.68) d=2.20m bear=-130°
[mpc_node-16] [INFO] [1777389860.626639901] [mpc_node]: [MPC] #0358 ok=True cost=     6.7 solve= 20.4 ms avg= 45.2 ms  fails=1  security=False  vx_eff=1.00  scan_age=100 ms  path_wpts=67(raw=40)  robot=[-4.97,4.07] setpt=[-4.97,2.92]
[setpoint_to_cmd_vel_node-17] [INFO] [1777389860.903241544] [setpoint_to_cmd_vel_node]: [CMD_VEL] robot=(-4.96,4.00)  setpt=(-4.97,2.90)  dist=1.10m  vx=+0.80  vy=+0.02  wz=+0.02
[mpc_node-16] [WARN] [1777389861.018994681] [mpc_node]: [MPC-OBS] 484 pts in range | nearest 5: world=(-5.86,5.10) body=(-1.12,-0.89) d=1.43m bear=-141° | world=(-6.00,5.22) body=(-1.24,-1.04) d=1.62m bear=-140° | world=(-6.13,5.21) body=(-1.23,-1.16) d=1.69m bear=-137° | world=(-6.14,5.22) body=(-1.23,-1.18) d=1.70m bear=-136° | world=(-6.18,5.30) body=(-1.31,-1.21) d=1.79m bear=-137°
[a_star_node-15] [INFO] [1777389861.038553421] [a_star_node]: [A*] NAVIGATING  dist_to_goal=2.21 m  robot=(-4.97,3.98)  goal=(-4.00,2.00)  path=40 wpts  local_goal=(-4.72,-5.77)
[mpc_node-16] [INFO] [1777389861.069067553] [mpc_node]: [MPC] Received NEW A* path: 40 raw → 67 resampled | reset_filter=False
[odom_to_pose_node-13] [INFO] [1777389861.109258213] [odom_to_pose_node]: [ODOM_BRIDGE] #02031  pos=(-4.9671, 3.9510)  vel=(0.2111, 0.0135)
[mpc_node-16] [INFO] [1777389861.151683988] [mpc_node]: [MPC] #0363 ok=True cost=     6.3 solve= 34.5 ms avg= 45.1 ms  fails=1  security=False  vx_eff=1.00  scan_age=100 ms  path_wpts=67(raw=40)  robot=[-4.97,3.96] setpt=[-4.97,2.82]
[mpc_node-16] [INFO] [1777389861.152557127] [mpc_node]: [MPC-DEBUG] /go2/pose received: pos=(-4.9671, 3.9510)  yaw=-86.9 deg  vel_body=(0.23, 0.00, -0.20)
[mpc_node-16] [WARN] [1777389861.526964361] [mpc_node]: [MPC-OBS] 467 pts in range | nearest 5: world=(-6.18,5.16) body=(-1.27,-1.21) d=1.75m bear=-137° | world=(-5.67,5.90) body=(-2.02,-0.70) d=2.14m bear=-161° | world=(-6.52,5.37) body=(-1.49,-1.55) d=2.15m bear=-134° | world=(-7.06,4.86) body=(-0.98,-2.09) d=2.31m bear=-115° | world=(-5.87,6.03) body=(-2.15,-0.90) d=2.33m bear=-157°
[mpc_node-16] [INFO] [1777389861.657696562] [mpc_node]: [MPC] #0368 ok=True cost=     6.8 solve= 28.5 ms avg= 44.9 ms  fails=1  security=False  vx_eff=1.00  scan_age=100 ms  path_wpts=67(raw=40)  robot=[-4.97,3.86] setpt=[-4.97,2.72]
[setpoint_to_cmd_vel_node-17] [INFO] [1777389861.928213962] [setpoint_to_cmd_vel_node]: [CMD_VEL] robot=(-4.97,3.80)  setpt=(-4.97,2.68)  dist=1.11m  vx=+0.80  vy=+0.02  wz=+0.02
[a_star_node-15] [INFO] [1777389862.029930835] [a_star_node]: [A*-DEBUG] Planning from pose=(-4.9721, 3.7772)  goal=(-4.00, 2.00)
[nav_graph_node-18] [INFO] [1777389862.030284921] [nav_graph_node]: [NavGraph] Node 5 @ (-4.97,3.78)  total=6  neighbours=2
[mpc_node-16] [WARN] [1777389862.038442868] [mpc_node]: [MPC-OBS] 445 pts in range | nearest 5: world=(-5.51,3.77) body=(+0.01,-0.54) d=0.54m bear=-89° | world=(-5.59,3.82) body=(-0.04,-0.62) d=0.62m bear=-93° | world=(-5.13,4.74) body=(-0.96,-0.16) d=0.98m bear=-171° | world=(-5.17,4.77) body=(-0.99,-0.21) d=1.01m bear=-168° | world=(-6.14,4.13) body=(-0.35,-1.17) d=1.22m bear=-107°
[a_star_node-15] [INFO] [1777389862.063959332] [a_star_node]: [A*] NAVIGATING  dist_to_goal=2.03 m  robot=(-4.97,3.78)  goal=(-4.00,2.00)  path=40 wpts  local_goal=(-4.72,-5.97)
[mpc_node-16] [INFO] [1777389862.116426523] [mpc_node]: [MPC] Received NEW A* path: 40 raw → 67 resampled | reset_filter=False
[mpc_node-16] [INFO] [1777389862.178343905] [mpc_node]: [MPC] #0373 ok=True cost=     6.3 solve= 39.7 ms avg= 44.8 ms  fails=1  security=False  vx_eff=1.00  scan_age=100 ms  path_wpts=67(raw=40)  robot=[-4.97,3.76] setpt=[-4.97,2.62]
[mpc_node-16] [WARN] [1777389862.554976352] [mpc_node]: [MPC-OBS] 424 pts in range | nearest 5: world=(-5.06,3.58) body=(+0.10,-0.09) d=0.13m bear=-41° | world=(-5.20,3.66) body=(+0.02,-0.23) d=0.23m bear=-85° | world=(-5.76,3.99) body=(-0.30,-0.79) d=0.85m bear=-111° | world=(-4.67,4.58) body=(-0.91,+0.29) d=0.96m bear=+162° | world=(-4.08,4.23) body=(-0.56,+0.89) d=1.05m bear=+122°
[mpc_node-16] [INFO] [1777389862.684575345] [mpc_node]: [MPC] #0378 ok=True cost=     6.8 solve= 28.8 ms avg= 44.7 ms  fails=1  security=False  vx_eff=1.00  scan_age=103 ms  path_wpts=67(raw=40)  robot=[-4.97,3.66] setpt=[-4.97,2.52]
[setpoint_to_cmd_vel_node-17] [INFO] [1777389862.951331294] [setpoint_to_cmd_vel_node]: [CMD_VEL] robot=(-4.97,3.59)  setpt=(-4.97,2.48)  dist=1.12m  vx=+0.80  vy=+0.02  wz=+0.02
[mpc_node-16] [WARN] [1777389863.059298997] [mpc_node]: [MPC-OBS] 402 pts in range | nearest 5: world=(-5.18,3.69) body=(-0.11,-0.21) d=0.24m bear=-119° | world=(-4.66,3.39) body=(+0.18,+0.31) d=0.36m bear=+60° | world=(-4.40,3.24) body=(+0.33,+0.57) d=0.66m bear=+60° | world=(-5.65,3.96) body=(-0.38,-0.68) d=0.78m bear=-119° | world=(-4.33,4.50) body=(-0.93,+0.63) d=1.12m bear=+146°
[a_star_node-15] [INFO] [1777389863.090973007] [a_star_node]: [A*] NAVIGATING  dist_to_goal=1.85 m  robot=(-4.97,3.57)  goal=(-4.00,2.00)  path=40 wpts  local_goal=(-4.72,-6.18)
[mpc_node-16] [INFO] [1777389863.143582087] [mpc_node]: [MPC] Received NEW A* path: 40 raw → 67 resampled | reset_filter=False
[odom_to_pose_node-13] [INFO] [1777389863.156791317] [odom_to_pose_node]: [ODOM_BRIDGE] #02071  pos=(-4.9712, 3.5398)  vel=(0.2065, 0.0138)
[mpc_node-16] [INFO] [1777389863.200404759] [mpc_node]: [MPC] #0383 ok=True cost=     6.3 solve= 39.9 ms avg= 44.6 ms  fails=1  security=False  vx_eff=1.00  scan_age=100 ms  path_wpts=67(raw=40)  robot=[-4.97,3.55] setpt=[-4.98,2.41]
[mpc_node-16] [INFO] [1777389863.201175444] [mpc_node]: [MPC-DEBUG] /go2/pose received: pos=(-4.9712, 3.5398)  yaw=-86.8 deg  vel_body=(0.19, 0.00, -0.02)
[mpc_node-16] [WARN] [1777389863.571634341] [mpc_node]: [MPC-OBS] 383 pts in range | nearest 5: world=(-5.51,3.97) body=(-0.50,-0.54) d=0.74m bear=-133° | world=(-4.35,4.69) body=(-1.23,+0.60) d=1.37m bear=+154° | world=(-3.86,4.40) body=(-0.95,+1.10) d=1.45m bear=+131° | world=(-6.20,4.37) body=(-0.89,-1.24) d=1.52m bear=-126° | world=(-6.29,4.42) body=(-0.94,-1.33) d=1.63m bear=-125°
[mpc_node-16] [INFO] [1777389863.711545472] [mpc_node]: [MPC] #0388 ok=True cost=     6.7 solve= 35.4 ms avg= 44.5 ms  fails=1  security=False  vx_eff=1.00  scan_age=100 ms  path_wpts=67(raw=40)  robot=[-4.97,3.45] setpt=[-4.97,2.31]
[setpoint_to_cmd_vel_node-17] [INFO] [1777389863.977313578] [setpoint_to_cmd_vel_node]: [CMD_VEL] robot=(-4.97,3.38)  setpt=(-4.97,2.27)  dist=1.11m  vx=+0.80  vy=+0.01  wz=+0.02
[a_star_node-15] [INFO] [1777389864.079468344] [a_star_node]: [A*-DEBUG] Planning from pose=(-4.9746, 3.3642)  goal=(-4.00, 2.00)
[mpc_node-16] [WARN] [1777389864.085299670] [mpc_node]: [MPC-OBS] 358 pts in range | nearest 5: world=(-5.33,4.03) body=(-0.66,-0.36) d=0.75m bear=-151° | world=(-5.95,4.38) body=(-1.00,-0.99) d=1.41m bear=-135° | world=(-3.88,4.62) body=(-1.27,+1.08) d=1.66m bear=+140° | world=(-4.47,4.96) body=(-1.61,+0.49) d=1.68m bear=+163° | world=(-4.52,4.99) body=(-1.64,+0.43) d=1.69m bear=+165°
[a_star_node-15] [INFO] [1777389864.108868038] [a_star_node]: [A*] NAVIGATING  dist_to_goal=1.68 m  robot=(-4.97,3.36)  goal=(-4.00,2.00)  path=40 wpts  local_goal=(-4.72,-6.39)
[mpc_node-16] [INFO] [1777389864.145484301] [mpc_node]: [MPC] Received NEW A* path: 40 raw → 67 resampled | reset_filter=False
[mpc_node-16] [INFO] [1777389864.216053264] [mpc_node]: [MPC] #0393 ok=True cost=     6.3 solve= 29.7 ms avg= 44.3 ms  fails=1  security=False  vx_eff=1.00  scan_age=100 ms  path_wpts=67(raw=40)  robot=[-4.98,3.34] setpt=[-4.97,2.20]
[mpc_node-16] [WARN] [1777389864.600091741] [mpc_node]: [MPC-OBS] 342 pts in range | nearest 5: world=(-4.89,4.01) body=(-0.75,+0.07) d=0.75m bear=+175° | world=(-5.53,4.38) body=(-1.10,-0.57) d=1.24m bear=-153° | world=(-5.83,4.55) body=(-1.27,-0.87) d=1.54m bear=-145° | world=(-4.16,5.09) body=(-1.84,+0.78) d=2.00m bear=+157° | world=(-3.53,4.72) body=(-1.49,+1.41) d=2.05m bear=+136°
[mpc_node-16] [INFO] [1777389864.732003284] [mpc_node]: [MPC] #0398 ok=True cost=     6.7 solve= 31.9 ms avg= 44.1 ms  fails=1  security=False  vx_eff=1.00  scan_age=100 ms  path_wpts=67(raw=40)  robot=[-4.98,3.24] setpt=[-4.97,2.10]
[setpoint_to_cmd_vel_node-17] [INFO] [1777389865.001299748] [setpoint_to_cmd_vel_node]: [CMD_VEL] robot=(-4.97,3.18)  setpt=(-4.97,2.06)  dist=1.12m  vx=+0.80  vy=+0.01  wz=+0.02
[mpc_node-16] [WARN] [1777389865.107840458] [mpc_node]: [MPC-OBS] 321 pts in range | nearest 5: world=(-7.48,5.43) body=(-2.22,-2.55) d=3.38m bear=-131° | world=(-7.48,5.43) body=(-2.22,-2.55) d=3.39m bear=-131° | world=(-7.49,5.43) body=(-2.22,-2.56) d=3.39m bear=-131° | world=(-7.52,5.41) body=(-2.20,-2.59) d=3.40m bear=-130° | world=(-7.53,5.42) body=(-2.21,-2.60) d=3.42m bear=-130°
[a_star_node-15] [INFO] [1777389865.127586847] [a_star_node]: [A*] NAVIGATING  dist_to_goal=1.51 m  robot=(-4.98,3.16)  goal=(-4.00,2.00)  path=40 wpts  local_goal=(-4.73,-6.59)
[mpc_node-16] [INFO] [1777389865.157664603] [mpc_node]: [MPC] Received NEW A* path: 40 raw → 67 resampled | reset_filter=False
[odom_to_pose_node-13] [INFO] [1777389865.206572422] [odom_to_pose_node]: [ODOM_BRIDGE] #02111  pos=(-4.9757, 3.1257)  vel=(0.2070, 0.0080)
[mpc_node-16] [INFO] [1777389865.241854436] [mpc_node]: [MPC] #0403 ok=True cost=     6.3 solve= 30.6 ms avg= 43.8 ms  fails=1  security=False  vx_eff=1.00  scan_age=100 ms  path_wpts=67(raw=40)  robot=[-4.98,3.14] setpt=[-4.97,1.99]
[mpc_node-16] [INFO] [1777389865.242913944] [mpc_node]: [MPC-DEBUG] /go2/pose received: pos=(-4.9757, 3.1257)  yaw=-86.8 deg  vel_body=(0.25, -0.02, 0.17)
[mpc_node-16] [WARN] [1777389865.618528820] [mpc_node]: [MPC-OBS] 300 pts in range | nearest 5: world=(-7.49,5.43) body=(-2.33,-2.56) d=3.46m bear=-132° | world=(-7.49,5.43) body=(-2.33,-2.56) d=3.46m bear=-132° | world=(-7.49,5.44) body=(-2.33,-2.56) d=3.47m bear=-132° | world=(-7.49,5.44) body=(-2.34,-2.56) d=3.47m bear=-132° | world=(-7.53,5.42) body=(-2.32,-2.60) d=3.48m bear=-132°
[mpc_node-16] [INFO] [1777389865.743472511] [mpc_node]: [MPC] #0408 ok=True cost=     6.6 solve= 21.5 ms avg= 43.6 ms  fails=1  security=False  vx_eff=1.00  scan_age=100 ms  path_wpts=67(raw=40)  robot=[-4.98,3.03] setpt=[-4.98,1.89]
[mpc_node-16] [WARN] [1777389865.821443880] [mpc_node]: [MPC-OBS] NO obstacles fed to MPC this cycle (stale=0ms, lidar_pts=0)
[setpoint_to_cmd_vel_node-17] [INFO] [1777389866.025541010] [setpoint_to_cmd_vel_node]: [CMD_VEL] robot=(-4.97,2.97)  setpt=(-4.98,1.85)  dist=1.12m  vx=+0.80  vy=+0.01  wz=+0.02
[a_star_node-15] [INFO] [1777389866.127980901] [a_star_node]: [A*-DEBUG] Planning from pose=(-4.9750, 2.9509)  goal=(-4.00, 2.00)
[mpc_node-16] [WARN] [1777389866.129971163] [mpc_node]: [MPC-OBS] 274 pts in range | nearest 5: world=(-7.50,5.40) body=(-2.40,-2.58) d=3.52m bear=-133° | world=(-7.52,5.42) body=(-2.42,-2.60) d=3.55m bear=-133° | world=(-7.56,5.40) body=(-2.40,-2.63) d=3.56m bear=-132° | world=(-7.56,5.41) body=(-2.40,-2.64) d=3.57m bear=-132° | world=(-7.54,5.44) body=(-2.43,-2.61) d=3.57m bear=-133°
[a_star_node-15] [INFO] [1777389866.144425588] [a_star_node]: [A*] NAVIGATING  dist_to_goal=1.36 m  robot=(-4.97,2.95)  goal=(-4.00,2.00)  path=40 wpts  local_goal=(-4.72,-6.80)
[mpc_node-16] [INFO] [1777389866.167972242] [mpc_node]: [MPC] Received NEW A* path: 40 raw → 67 resampled | reset_filter=False
[mpc_node-16] [INFO] [1777389866.260202567] [mpc_node]: [MPC] #0413 ok=True cost=     6.3 solve= 25.7 ms avg= 43.4 ms  fails=1  security=False  vx_eff=1.00  scan_age=100 ms  path_wpts=67(raw=40)  robot=[-4.98,2.93] setpt=[-4.98,1.79]
[mpc_node-16] [WARN] [1777389866.332518382] [mpc_node]: [MPC-OBS] NO obstacles fed to MPC this cycle (stale=0ms, lidar_pts=0)
[mpc_node-16] [WARN] [1777389866.645039920] [mpc_node]: [MPC-OBS] 254 pts in range | nearest 5: world=(-6.06,5.19) body=(-2.31,-1.14) d=2.58m bear=-154° | world=(-6.13,5.23) body=(-2.35,-1.21) d=2.65m bear=-153° | world=(-6.40,5.39) body=(-2.50,-1.49) d=2.91m bear=-149° | world=(-6.81,5.62) body=(-2.73,-1.90) d=3.33m bear=-145° | world=(-7.61,5.43) body=(-2.52,-2.70) d=3.69m bear=-133°
[mpc_node-16] [INFO] [1777389866.781707755] [mpc_node]: [MPC] #0418 ok=True cost=     6.7 solve= 19.1 ms avg= 43.2 ms  fails=1  security=False  vx_eff=1.00  scan_age=100 ms  path_wpts=67(raw=40)  robot=[-4.98,2.83] setpt=[-4.98,1.68]
[mpc_node-16] [WARN] [1777389866.844902948] [mpc_node]: [MPC-OBS] NO obstacles fed to MPC this cycle (stale=0ms, lidar_pts=0)
[setpoint_to_cmd_vel_node-17] [INFO] [1777389867.048984745] [setpoint_to_cmd_vel_node]: [CMD_VEL] robot=(-4.97,2.76)  setpt=(-4.97,1.64)  dist=1.12m  vx=+0.80  vy=+0.01  wz=+0.02
[mpc_node-16] [WARN] [1777389867.157400296] [mpc_node]: [MPC-OBS] 238 pts in range | nearest 5: world=(-5.99,5.31) body=(-2.54,-1.08) d=2.76m bear=-157° | world=(-6.06,5.38) body=(-2.61,-1.15) d=2.85m bear=-156° | world=(-6.06,5.38) body=(-2.61,-1.15) d=2.85m bear=-156° | world=(-6.35,5.26) body=(-2.48,-1.44) d=2.87m bear=-150° | world=(-6.40,5.31) body=(-2.52,-1.49) d=2.93m bear=-149°
[a_star_node-15] [INFO] [1777389867.175257482] [a_star_node]: [A*] NAVIGATING  dist_to_goal=1.23 m  robot=(-4.98,2.74)  goal=(-4.00,2.00)  path=40 wpts  local_goal=(-4.73,-7.01)
[mpc_node-16] [INFO] [1777389867.195703098] [mpc_node]: [MPC] Received NEW A* path: 40 raw → 67 resampled | reset_filter=False
[odom_to_pose_node-13] [INFO] [1777389867.253952133] [odom_to_pose_node]: [ODOM_BRIDGE] #02151  pos=(-4.9779, 2.7133)  vel=(0.1989, 0.0062)
[mpc_node-16] [INFO] [1777389867.301094010] [mpc_node]: [MPC] #0423 ok=True cost=     6.3 solve= 20.7 ms avg= 42.9 ms  fails=1  security=False  vx_eff=1.00  scan_age=100 ms  path_wpts=67(raw=40)  robot=[-4.98,2.72] setpt=[-4.98,1.58]
[mpc_node-16] [INFO] [1777389867.302019910] [mpc_node]: [MPC-DEBUG] /go2/pose received: pos=(-4.9779, 2.7133)  yaw=-86.7 deg  vel_body=(0.20, -0.01, 0.11)
[mpc_node-16] [WARN] [1777389867.356132770] [mpc_node]: [MPC-OBS] NO obstacles fed to MPC this cycle (stale=0ms, lidar_pts=0)
[mpc_node-16] [WARN] [1777389867.670225312] [mpc_node]: [MPC-OBS] 220 pts in range | nearest 5: world=(-8.11,4.81) body=(-2.09,-3.19) d=3.81m bear=-123° | world=(-8.09,4.86) body=(-2.14,-3.17) d=3.82m bear=-124° | world=(-7.42,5.62) body=(-2.91,-2.52) d=3.85m bear=-139° | world=(-7.36,5.72) body=(-3.01,-2.46) d=3.89m bear=-141° | world=(-7.46,5.66) body=(-2.95,-2.57) d=3.91m bear=-139°
[mpc_node-16] [INFO] [1777389867.803257127] [mpc_node]: [MPC] #0428 ok=True cost=     6.7 solve= 20.5 ms avg= 42.7 ms  fails=1  security=False  vx_eff=1.00  scan_age=100 ms  path_wpts=67(raw=40)  robot=[-4.98,2.62] setpt=[-4.98,1.47]
[mpc_node-16] [WARN] [1777389867.868992497] [mpc_node]: [MPC-OBS] NO obstacles fed to MPC this cycle (stale=0ms, lidar_pts=0)
[setpoint_to_cmd_vel_node-17] [INFO] [1777389868.073747829] [setpoint_to_cmd_vel_node]: [CMD_VEL] robot=(-4.97,2.56)  setpt=(-4.98,1.44)  dist=1.12m  vx=+0.80  vy=+0.01  wz=+0.02
[a_star_node-15] [INFO] [1777389868.175192432] [a_star_node]: [A*-DEBUG] Planning from pose=(-4.9772, 2.5377)  goal=(-4.00, 2.00)
[mpc_node-16] [WARN] [1777389868.185650433] [mpc_node]: [MPC-OBS] 202 pts in range | nearest 5: world=(-7.91,5.09) body=(-2.47,-3.00) d=3.89m bear=-129° | world=(-7.99,5.04) body=(-2.42,-3.08) d=3.92m bear=-128° | world=(-8.05,5.25) body=(-2.62,-3.15) d=4.10m bear=-130° | world=(-8.07,5.27) body=(-2.64,-3.17) d=4.13m bear=-130° | world=(-8.11,5.23) body=(-2.61,-3.20) d=4.13m bear=-129°
[a_star_node-15] [INFO] [1777389868.192790739] [a_star_node]: [A*] NAVIGATING  dist_to_goal=1.12 m  robot=(-4.98,2.54)  goal=(-4.00,2.00)  path=40 wpts  local_goal=(-4.73,-7.21)
[mpc_node-16] [INFO] [1777389868.222849907] [mpc_node]: [MPC] Received NEW A* path: 40 raw → 67 resampled | reset_filter=False
[mpc_node-16] [INFO] [1777389868.319865834] [mpc_node]: [MPC] #0433 ok=True cost=     6.3 solve= 24.4 ms avg= 42.5 ms  fails=1  security=False  vx_eff=1.00  scan_age=100 ms  path_wpts=67(raw=40)  robot=[-4.98,2.52] setpt=[-4.98,1.37]
[mpc_node-16] [WARN] [1777389868.380552158] [mpc_node]: [MPC-OBS] NO obstacles fed to MPC this cycle (stale=0ms, lidar_pts=0)
[mpc_node-16] [WARN] [1777389868.691659547] [mpc_node]: [MPC-OBS] 178 pts in range | nearest 5: world=(-7.80,5.17) body=(-2.65,-2.91) d=3.93m bear=-132° | world=(-7.90,5.22) body=(-2.70,-3.01) d=4.04m bear=-132° | world=(-7.95,5.21) body=(-2.69,-3.06) d=4.07m bear=-131° | world=(-7.95,5.28) body=(-2.75,-3.05) d=4.11m bear=-132° | world=(-7.97,5.29) body=(-2.76,-3.07) d=4.13m bear=-132°
[mpc_node-16] [INFO] [1777389868.835985567] [mpc_node]: [MPC] #0438 ok=True cost=     6.7 solve= 23.9 ms avg= 42.3 ms  fails=1  security=False  vx_eff=1.00  scan_age=100 ms  path_wpts=67(raw=40)  robot=[-4.98,2.41] setpt=[-4.98,1.27]
[mpc_node-16] [WARN] [1777389868.892501975] [mpc_node]: [MPC-OBS] NO obstacles fed to MPC this cycle (stale=0ms, lidar_pts=0)
[setpoint_to_cmd_vel_node-17] [INFO] [1777389869.097345667] [setpoint_to_cmd_vel_node]: [CMD_VEL] robot=(-4.98,2.35)  setpt=(-4.98,1.23)  dist=1.12m  vx=+0.80  vy=+0.01  wz=+0.02
[mpc_node-16] [WARN] [1777389869.205415267] [mpc_node]: [MPC-OBS] 152 pts in range | nearest 5: world=(-7.87,5.43) body=(-3.01,-2.99) d=4.24m bear=-135° | world=(-7.89,5.45) body=(-3.03,-3.00) d=4.26m bear=-135° | world=(-7.89,5.47) body=(-3.04,-3.01) d=4.28m bear=-135° | world=(-7.92,5.50) body=(-3.08,-3.04) d=4.33m bear=-135° | world=(-7.97,5.47) body=(-3.05,-3.08) d=4.33m bear=-135°
[a_star_node-15] [INFO] [1777389869.215380800] [a_star_node]: [A*] NAVIGATING  dist_to_goal=1.03 m  robot=(-4.98,2.33)  goal=(-4.00,2.00)  path=40 wpts  local_goal=(-4.73,-7.42)
[mpc_node-16] [INFO] [1777389869.245403886] [mpc_node]: [MPC] Received NEW A* path: 40 raw → 67 resampled | reset_filter=False
[odom_to_pose_node-13] [INFO] [1777389869.303174298] [odom_to_pose_node]: [ODOM_BRIDGE] #02191  pos=(-4.9807, 2.2999)  vel=(0.1964, -0.0004)
[mpc_node-16] [INFO] [1777389869.352533126] [mpc_node]: [MPC] #0443 ok=True cost=     6.3 solve= 33.5 ms avg= 42.1 ms  fails=1  security=False  vx_eff=1.00  scan_age=100 ms  path_wpts=67(raw=40)  robot=[-4.98,2.31] setpt=[-4.98,1.17]
[mpc_node-16] [INFO] [1777389869.353608594] [mpc_node]: [MPC-DEBUG] /go2/pose received: pos=(-4.9807, 2.2999)  yaw=-86.6 deg  vel_body=(0.23, -0.02, 0.14)
[nav_graph_node-18] [INFO] [1777389869.713692388] [nav_graph_node]: [NavGraph] Node 6 @ (-4.98,2.23)  total=7  neighbours=2
[mpc_node-16] [WARN] [1777389869.715840537] [mpc_node]: [MPC-OBS] 107 pts in range | nearest 5: world=(-8.43,5.45) body=(-3.11,-3.55) d=4.72m bear=-131° | world=(-8.44,5.46) body=(-3.12,-3.56) d=4.74m bear=-131° | world=(-8.49,5.43) body=(-3.09,-3.61) d=4.75m bear=-131° | world=(-8.49,5.43) body=(-3.09,-3.61) d=4.75m bear=-131° | world=(-8.46,5.47) body=(-3.14,-3.58) d=4.76m bear=-131°
[mpc_node-16] [INFO] [1777389869.853674056] [mpc_node]: [MPC] #0448 ok=True cost=     6.6 solve= 27.1 ms avg= 41.9 ms  fails=1  security=False  vx_eff=1.00  scan_age=100 ms  path_wpts=67(raw=40)  robot=[-4.98,2.21] setpt=[-4.98,1.06]
[mpc_node-16] [WARN] [1777389869.919110749] [mpc_node]: [MPC-OBS] NO obstacles fed to MPC this cycle (stale=0ms, lidar_pts=0)
[setpoint_to_cmd_vel_node-17] [INFO] [1777389870.125156811] [setpoint_to_cmd_vel_node]: [CMD_VEL] robot=(-4.98,2.15)  setpt=(-4.98,1.02)  dist=1.12m  vx=+0.80  vy=+0.00  wz=+0.01
[a_star_node-15] [INFO] [1777389870.228161757] [a_star_node]: [A*-DEBUG] Planning from pose=(-4.9801, 2.1247)  goal=(-4.00, 2.00)
[mpc_node-16] [WARN] [1777389870.235694978] [mpc_node]: [MPC-OBS] 112 pts in range | nearest 5: world=(-6.53,5.29) body=(-3.11,-1.66) d=3.53m bear=-152° | world=(-6.88,5.14) body=(-2.95,-2.01) d=3.57m bear=-146° | world=(-6.58,5.34) body=(-3.16,-1.71) d=3.60m bear=-152° | world=(-6.96,5.23) body=(-3.04,-2.09) d=3.69m bear=-145° | world=(-6.72,5.50) body=(-3.31,-1.85) d=3.80m bear=-151°
[a_star_node-15] [INFO] [1777389870.244117852] [a_star_node]: [A*] NAVIGATING  dist_to_goal=0.99 m  robot=(-4.98,2.12)  goal=(-4.00,2.00)  path=40 wpts  local_goal=(-4.73,-7.63)
[mpc_node-16] [INFO] [1777389870.279973957] [mpc_node]: [MPC] Received NEW A* path: 40 raw → 67 resampled | reset_filter=False
[mpc_node-16] [INFO] [1777389870.377187811] [mpc_node]: [MPC] #0453 ok=True cost=     6.3 solve= 30.1 ms avg= 41.7 ms  fails=1  security=False  vx_eff=1.00  scan_age=200 ms  path_wpts=67(raw=40)  robot=[-4.98,2.10] setpt=[-4.98,0.96]
[mpc_node-16] [WARN] [1777389870.537518380] [mpc_node]: [MPC-OBS] NO obstacles fed to MPC this cycle (stale=0ms, lidar_pts=0)
[mpc_node-16] [WARN] [1777389870.846605778] [mpc_node]: [MPC-OBS] 63 pts in range | nearest 5: world=(-8.58,5.46) body=(-3.59,-3.46) d=4.98m bear=-136° | world=(-8.62,5.50) body=(-3.63,-3.50) d=5.05m bear=-136° | world=(-8.61,5.56) body=(-3.70,-3.49) d=5.08m bear=-137° | world=(-8.62,5.58) body=(-3.71,-3.50) d=5.10m bear=-137° | world=(-8.62,5.58) body=(-3.72,-3.50) d=5.10m bear=-137°
[mpc_node-16] [INFO] [1777389870.878707669] [mpc_node]: [MPC] #0458 ok=True cost=     6.6 solve= 22.1 ms avg= 41.6 ms  fails=1  security=False  vx_eff=1.00  scan_age=100 ms  path_wpts=67(raw=40)  robot=[-4.98,2.00] setpt=[-4.98,0.85]
[mpc_node-16] [WARN] [1777389871.051178279] [mpc_node]: [MPC-OBS] NO obstacles fed to MPC this cycle (stale=0ms, lidar_pts=0)
[setpoint_to_cmd_vel_node-17] [INFO] [1777389871.153122239] [setpoint_to_cmd_vel_node]: [CMD_VEL] robot=(-4.98,1.94)  setpt=(-4.98,0.82)  dist=1.12m  vx=+0.80  vy=+0.01  wz=+0.01
[a_star_node-15] [INFO] [1777389871.276756283] [a_star_node]: [A*] NAVIGATING  dist_to_goal=0.98 m  robot=(-4.98,1.92)  goal=(-4.00,2.00)  path=40 wpts  local_goal=(-4.73,-7.83)
[mpc_node-16] [INFO] [1777389871.306624795] [mpc_node]: [MPC] Received NEW A* path: 40 raw → 67 resampled | reset_filter=False
[odom_to_pose_node-13] [INFO] [1777389871.307279933] [odom_to_pose_node]: [ODOM_BRIDGE] #02230  pos=(-4.9825, 1.8981)  vel=(0.2248, -0.0071)
[mpc_node-16] [WARN] [1777389871.359790903] [mpc_node]: [MPC-OBS] 54 pts in range | nearest 5: world=(-8.15,5.82) body=(-4.04,-3.01) d=5.04m bear=-143° | world=(-8.31,5.77) body=(-4.00,-3.18) d=5.11m bear=-142° | world=(-9.16,4.88) body=(-3.15,-4.06) d=5.14m bear=-128° | world=(-8.49,5.74) body=(-3.97,-3.36) d=5.20m bear=-140° | world=(-9.27,4.90) body=(-3.16,-4.17) d=5.23m bear=-127°
[mpc_node-16] [INFO] [1777389871.389884254] [mpc_node]: [MPC] #0463 ok=True cost=     6.3 solve= 23.7 ms avg= 41.4 ms  fails=1  security=False  vx_eff=1.00  scan_age=100 ms  path_wpts=67(raw=40)  robot=[-4.98,1.90] setpt=[-4.98,0.75]
[mpc_node-16] [INFO] [1777389871.391207284] [mpc_node]: [MPC-DEBUG] /go2/pose received: pos=(-4.9820, 1.8880)  yaw=-86.7 deg  vel_body=(0.21, -0.00, -0.05)
[mpc_node-16] [WARN] [1777389871.563808287] [mpc_node]: [MPC-OBS] NO obstacles fed to MPC this cycle (stale=0ms, lidar_pts=0)
[mpc_node-16] [WARN] [1777389871.874566095] [mpc_node]: [MPC-OBS] 47 pts in range | nearest 5: world=(-8.46,5.87) body=(-4.21,-3.32) d=5.36m bear=-142° | world=(-8.27,6.04) body=(-4.37,-3.12) d=5.37m bear=-144° | world=(-9.29,5.03) body=(-3.40,-4.18) d=5.39m bear=-129° | world=(-9.33,4.98) body=(-3.35,-4.22) d=5.39m bear=-128° | world=(-8.28,6.05) body=(-4.38,-3.13) d=5.39m bear=-144°
[mpc_node-16] [INFO] [1777389871.905755154] [mpc_node]: [MPC] #0468 ok=True cost=     6.7 solve= 24.0 ms avg= 41.3 ms  fails=1  security=False  vx_eff=1.00  scan_age=100 ms  path_wpts=67(raw=40)  robot=[-4.98,1.79] setpt=[-4.98,0.65]
[mpc_node-16] [WARN] [1777389872.077941423] [mpc_node]: [MPC-OBS] NO obstacles fed to MPC this cycle (stale=0ms, lidar_pts=0)
[setpoint_to_cmd_vel_node-17] [INFO] [1777389872.180162112] [setpoint_to_cmd_vel_node]: [CMD_VEL] robot=(-4.98,1.73)  setpt=(-4.98,0.61)  dist=1.12m  vx=+0.80  vy=+0.00  wz=+0.01
[a_star_node-15] [INFO] [1777389872.282444498] [a_star_node]: [A*-DEBUG] Planning from pose=(-4.9804, 1.7117)  goal=(-4.00, 2.00)
[a_star_node-15] [INFO] [1777389872.294367590] [a_star_node]: [A*] NAVIGATING  dist_to_goal=1.02 m  robot=(-4.98,1.71)  goal=(-4.00,2.00)  path=41 wpts  local_goal=(-4.48,-8.29)
[mpc_node-16] [INFO] [1777389872.318792398] [mpc_node]: [MPC] Received NEW A* path: 41 raw → 70 resampled | reset_filter=False
[mpc_node-16] [WARN] [1777389872.386430078] [mpc_node]: [MPC-OBS] 64 pts in range | nearest 5: world=(-8.69,5.40) body=(-3.84,-3.56) d=5.24m bear=-137° | world=(-8.70,5.41) body=(-3.86,-3.57) d=5.26m bear=-137° | world=(-8.71,5.43) body=(-3.87,-3.59) d=5.28m bear=-137° | world=(-8.72,5.43) body=(-3.88,-3.59) d=5.29m bear=-137° | world=(-8.76,5.40) body=(-3.84,-3.64) d=5.29m bear=-137°
[mpc_node-16] [INFO] [1777389872.418582772] [mpc_node]: [MPC] #0473 ok=True cost=     6.3 solve= 24.4 ms avg= 41.1 ms  fails=1  security=False  vx_eff=1.00  scan_age=300 ms  path_wpts=70(raw=41)  robot=[-4.98,1.69] setpt=[-4.98,0.55]
[mpc_node-16] [WARN] [1777389872.589919976] [mpc_node]: [MPC-OBS] NO obstacles fed to MPC this cycle (stale=0ms, lidar_pts=0)
[mpc_node-16] [WARN] [1777389872.899964225] [mpc_node]: [MPC-OBS] 31 pts in range | nearest 5: world=(-8.76,5.56) body=(-4.10,-3.64) d=5.48m bear=-138° | world=(-8.80,5.60) body=(-4.14,-3.68) d=5.54m bear=-138° | world=(-8.88,5.69) body=(-4.23,-3.76) d=5.66m bear=-138° | world=(-8.89,5.70) body=(-4.24,-3.77) d=5.67m bear=-138° | world=(-8.94,5.66) body=(-4.20,-3.81) d=5.67m bear=-138°
[mpc_node-16] [INFO] [1777389872.931110470] [mpc_node]: [MPC] #0478 ok=True cost=     6.6 solve= 24.4 ms avg= 41.0 ms  fails=1  security=False  vx_eff=1.00  scan_age=100 ms  path_wpts=70(raw=41)  robot=[-4.98,1.59] setpt=[-4.98,0.44]
[mpc_node-16] [WARN] [1777389873.103556642] [mpc_node]: [MPC-OBS] NO obstacles fed to MPC this cycle (stale=0ms, lidar_pts=0)
[setpoint_to_cmd_vel_node-17] [INFO] [1777389873.206508804] [setpoint_to_cmd_vel_node]: [CMD_VEL] robot=(-4.98,1.53)  setpt=(-4.98,0.40)  dist=1.12m  vx=+0.80  vy=+0.01  wz=+0.01
[a_star_node-15] [WARN] [1777389873.309121509] [a_star_node]: [A*-DEBUG] Blocked: pose=True  lidar=False
[odom_to_pose_node-13] [INFO] [1777389873.309284543] [odom_to_pose_node]: [ODOM_BRIDGE] #02269  pos=(-4.9837, 1.4965)  vel=(0.1650, -0.0344)
[mpc_node-16] [WARN] [1777389873.411372424] [mpc_node]: [MPC-OBS] 22 pts in range | nearest 5: world=(-8.77,5.73) body=(-4.37,-3.65) d=5.69m bear=-140° | world=(-8.80,5.76) body=(-4.39,-3.68) d=5.73m bear=-140° | world=(-9.47,5.24) body=(-3.90,-4.36) d=5.85m bear=-132° | world=(-8.99,5.79) body=(-4.43,-3.87) d=5.88m bear=-139° | world=(-8.91,5.87) body=(-4.51,-3.79) d=5.89m bear=-140°
[mpc_node-16] [INFO] [1777389873.463795806] [mpc_node]: [MPC] #0483 ok=True cost=     7.6 solve= 45.3 ms avg= 40.9 ms  fails=1  security=False  vx_eff=1.00  scan_age=100 ms  path_wpts=70(raw=41)  robot=[-4.98,1.48] setpt=[-4.98,0.34]
[mpc_node-16] [INFO] [1777389873.464691279] [mpc_node]: [MPC-DEBUG] /go2/pose received: pos=(-4.9840, 1.4740)  yaw=-86.8 deg  vel_body=(0.31, -0.02, 0.59)
[mpc_node-16] [WARN] [1777389873.617746401] [mpc_node]: [MPC-OBS] NO obstacles fed to MPC this cycle (stale=0ms, lidar_pts=0)
[mpc_node-16] [WARN] [1777389873.924955533] [mpc_node]: [MPC-OBS] 9 pts in range | nearest 5: world=(-9.27,5.49) body=(-4.25,-4.15) d=5.94m bear=-136° | world=(-9.27,5.49) body=(-4.25,-4.15) d=5.94m bear=-136° | world=(-9.29,5.51) body=(-4.27,-4.17) d=5.97m bear=-136° | world=(-9.35,5.48) body=(-4.24,-4.23) d=5.99m bear=-135° | world=(-9.33,5.55) body=(-4.31,-4.20) d=6.02m bear=-136°
[mpc_node-16] [INFO] [1777389874.058970578] [mpc_node]: [MPC] #0489 ok=True cost=     6.4 solve= 28.4 ms avg= 40.7 ms  fails=1  security=False  vx_eff=1.00  scan_age=0 ms  path_wpts=70(raw=41)  robot=[-4.98,1.36] setpt=[-4.98,0.21]
[mpc_node-16] [WARN] [1777389874.129667822] [mpc_node]: [MPC-OBS] NO obstacles fed to MPC this cycle (stale=0ms, lidar_pts=0)
[setpoint_to_cmd_vel_node-17] [INFO] [1777389874.232581884] [setpoint_to_cmd_vel_node]: [CMD_VEL] robot=(-4.98,1.32)  setpt=(-4.98,0.19)  dist=1.12m  vx=+0.80  vy=+0.00  wz=+0.01
[mpc_node-16] [INFO] [1777389874.570363651] [mpc_node]: [MPC] #0494 ok=True cost=     6.3 solve= 26.6 ms avg= 40.6 ms  fails=1  security=False  vx_eff=1.00  scan_age=0 ms  path_wpts=70(raw=41)  robot=[-4.98,1.26] setpt=[-4.98,0.11]
[mpc_node-16] [WARN] [1777389874.642700067] [mpc_node]: [MPC-OBS] NO obstacles fed to MPC this cycle (stale=0ms, lidar_pts=0)
[mpc_node-16] [WARN] [1777389874.746033064] [mpc_node]: [MPC-OBS] 2 pts in range | nearest 2: world=(-9.12,5.22) body=(-3.78,-4.35) d=5.76m bear=-131° | world=(-9.18,5.28) body=(-3.84,-4.41) d=5.85m bear=-131°
[mpc_node-16] [INFO] [1777389875.087051912] [mpc_node]: [MPC] #0499 ok=True cost=     7.0 solve= 29.8 ms avg= 40.5 ms  fails=1  security=False  vx_eff=1.00  scan_age=0 ms  path_wpts=70(raw=41)  robot=[-4.98,1.15] setpt=[-4.98,0.01]
[mpc_node-16] [WARN] [1777389875.156618425] [mpc_node]: [MPC-OBS] NO obstacles fed to MPC this cycle (stale=0ms, lidar_pts=0)
[setpoint_to_cmd_vel_node-17] [INFO] [1777389875.258619239] [setpoint_to_cmd_vel_node]: [CMD_VEL] robot=(-4.98,1.11)  setpt=(-4.98,-0.01)  dist=1.12m  vx=+0.80  vy=+0.00  wz=+0.01
[odom_to_pose_node-13] [INFO] [1777389875.310523697] [odom_to_pose_node]: [ODOM_BRIDGE] #02308  pos=(-4.9826, 1.0906)  vel=(0.2166, -0.0230)
[mpc_node-16] [INFO] [1777389875.497235455] [mpc_node]: [MPC-DEBUG] /go2/pose received: pos=(-4.9850, 1.0595)  yaw=-86.8 deg  vel_body=(0.31, -0.02, 0.55)
[mpc_node-16] [INFO] [1777389875.594198867] [mpc_node]: [MPC] #0504 ok=True cost=     6.5 solve= 22.9 ms avg= 40.4 ms  fails=1  security=False  vx_eff=1.00  scan_age=0 ms  path_wpts=70(raw=41)  robot=[-4.98,1.05] setpt=[-4.98,-0.09]
[mpc_node-16] [WARN] [1777389875.670306000] [mpc_node]: [MPC-OBS] NO obstacles fed to MPC this cycle (stale=0ms, lidar_pts=0)
[mpc_node-16] [INFO] [1777389876.109691281] [mpc_node]: [MPC] #0509 ok=True cost=     6.3 solve= 27.7 ms avg= 40.3 ms  fails=1  security=False  vx_eff=1.00  scan_age=0 ms  path_wpts=70(raw=41)  robot=[-4.98,0.95] setpt=[-4.98,-0.20]
[mpc_node-16] [WARN] [1777389876.182062473] [mpc_node]: [MPC-OBS] NO obstacles fed to MPC this cycle (stale=0ms, lidar_pts=0)
[setpoint_to_cmd_vel_node-17] [INFO] [1777389876.285117497] [setpoint_to_cmd_vel_node]: [CMD_VEL] robot=(-4.98,0.90)  setpt=(-4.98,-0.21)  dist=1.12m  vx=+0.80  vy=+0.00  wz=+0.01
[a_star_node-15] [WARN] [1777389876.389020869] [a_star_node]: [A*-DEBUG] Blocked: pose=True  lidar=False
[mpc_node-16] [INFO] [1777389876.622110700] [mpc_node]: [MPC] #0514 ok=True cost=     6.8 solve= 26.9 ms avg= 40.2 ms  fails=1  security=False  vx_eff=1.00  scan_age=0 ms  path_wpts=70(raw=41)  robot=[-4.98,0.84] setpt=[-4.98,-0.30]
[mpc_node-16] [WARN] [1777389876.695703993] [mpc_node]: [MPC-OBS] NO obstacles fed to MPC this cycle (stale=0ms, lidar_pts=0)
[mpc_node-16] [INFO] [1777389877.150467775] [mpc_node]: [MPC] #0519 ok=True cost=     6.6 solve= 41.3 ms avg= 40.1 ms  fails=1  security=False  vx_eff=1.00  scan_age=0 ms  path_wpts=70(raw=41)  robot=[-4.98,0.74] setpt=[-4.98,-0.41]
[mpc_node-16] [WARN] [1777389877.208661261] [mpc_node]: [MPC-OBS] NO obstacles fed to MPC this cycle (stale=0ms, lidar_pts=0)
[setpoint_to_cmd_vel_node-17] [INFO] [1777389877.311524436] [setpoint_to_cmd_vel_node]: [CMD_VEL] robot=(-4.98,0.70)  setpt=(-4.98,-0.42)  dist=1.12m  vx=+0.80  vy=-0.00  wz=+0.01
[odom_to_pose_node-13] [INFO] [1777389877.311707395] [odom_to_pose_node]: [ODOM_BRIDGE] #02347  pos=(-4.9795, 0.6878)  vel=(0.2047, -0.0080)
[nav_graph_node-18] [INFO] [1777389877.414410303] [nav_graph_node]: [NavGraph] Node 7 @ (-4.98,0.68)  total=8  neighbours=2
[mpc_node-16] [INFO] [1777389877.553690787] [mpc_node]: [MPC-DEBUG] /go2/pose received: pos=(-4.9843, 0.6462)  yaw=-86.8 deg  vel_body=(0.29, -0.02, 0.49)
[mpc_node-16] [WARN] [1777389877.722400812] [mpc_node]: [MPC-OBS] NO obstacles fed to MPC this cycle (stale=0ms, lidar_pts=0)
[mpc_node-16] [INFO] [1777389877.750512096] [mpc_node]: [MPC] #0525 ok=True cost=     6.3 solve= 25.6 ms avg= 39.9 ms  fails=1  security=False  vx_eff=1.00  scan_age=0 ms  path_wpts=70(raw=41)  robot=[-4.98,0.62] setpt=[-4.98,-0.52]
[mpc_node-16] [WARN] [1777389878.235746142] [mpc_node]: [MPC-OBS] NO obstacles fed to MPC this cycle (stale=0ms, lidar_pts=0)
[mpc_node-16] [INFO] [1777389878.266599894] [mpc_node]: [MPC] #0530 ok=True cost=     6.4 solve= 28.5 ms avg= 39.8 ms  fails=1  security=False  vx_eff=1.00  scan_age=0 ms  path_wpts=70(raw=41)  robot=[-4.98,0.51] setpt=[-4.98,-0.63]
[setpoint_to_cmd_vel_node-17] [INFO] [1777389878.338419089] [setpoint_to_cmd_vel_node]: [CMD_VEL] robot=(-4.98,0.49)  setpt=(-4.98,-0.63)  dist=1.12m  vx=+0.80  vy=-0.00  wz=+0.01
[mpc_node-16] [WARN] [1777389878.645925461] [mpc_node]: [MPC-OBS] 51 pts in range | nearest 5: world=(-5.23,-5.50) body=(+5.90,-0.59) d=5.93m bear=-6° | world=(-5.11,-5.51) body=(+5.92,-0.47) d=5.94m bear=-5° | world=(-5.06,-5.52) body=(+5.93,-0.41) d=5.95m bear=-4° | world=(-5.06,-5.52) body=(+5.93,-0.41) d=5.95m bear=-4° | world=(-5.17,-5.52) body=(+5.92,-0.53) d=5.95m bear=-5°
[mpc_node-16] [INFO] [1777389878.786789496] [mpc_node]: [MPC] #0535 ok=True cost=     7.1 solve= 31.6 ms avg= 39.7 ms  fails=1  security=False  vx_eff=1.00  scan_age=200 ms  path_wpts=70(raw=41)  robot=[-4.98,0.41] setpt=[-4.98,-0.74]
[mpc_node-16] [WARN] [1777389879.162516165] [mpc_node]: [MPC-OBS] 116 pts in range | nearest 5: world=(-5.44,-5.49) body=(+5.78,-0.79) d=5.84m bear=-8° | world=(-5.09,-5.51) body=(+5.82,-0.44) d=5.84m bear=-4° | world=(-5.09,-5.51) body=(+5.82,-0.44) d=5.84m bear=-4° | world=(-5.15,-5.51) body=(+5.82,-0.50) d=5.84m bear=-5° | world=(-5.39,-5.50) body=(+5.80,-0.73) d=5.84m bear=-7°
[mpc_node-16] [INFO] [1777389879.301227096] [mpc_node]: [MPC] #0540 ok=True cost=     6.4 solve= 23.6 ms avg= 39.6 ms  fails=1  security=False  vx_eff=1.00  scan_age=300 ms  path_wpts=70(raw=41)  robot=[-4.98,0.31] setpt=[-4.98,-0.84]
[odom_to_pose_node-13] [INFO] [1777389879.313774835] [odom_to_pose_node]: [ODOM_BRIDGE] #02386  pos=(-4.9781, 0.2837)  vel=(0.2111, 0.0052)
[setpoint_to_cmd_vel_node-17] [INFO] [1777389879.364819090] [setpoint_to_cmd_vel_node]: [CMD_VEL] robot=(-4.98,0.28)  setpt=(-4.98,-0.84)  dist=1.12m  vx=+0.80  vy=-0.00  wz=+0.01
[a_star_node-15] [INFO] [1777389879.467505312] [a_star_node]: [A*-DEBUG] Planning from pose=(-4.9803, 0.2630)  goal=(-4.00, 2.00)
[a_star_node-15] [INFO] [1777389879.481516961] [a_star_node]: [A*] NAVIGATING  dist_to_goal=1.99 m  robot=(-4.98,0.26)  goal=(-4.00,2.00)  path=36 wpts  local_goal=(-4.48,-8.49)
[mpc_node-16] [INFO] [1777389879.507501351] [mpc_node]: [MPC] Received NEW A* path: 36 raw → 61 resampled | reset_filter=False
[mpc_node-16] [INFO] [1777389879.610777714] [mpc_node]: [MPC-DEBUG] /go2/pose received: pos=(-4.9844, 0.2313)  yaw=-87.1 deg  vel_body=(0.33, -0.03, 0.52)
[mpc_node-16] [WARN] [1777389879.675713272] [mpc_node]: [MPC-OBS] 167 pts in range | nearest 5: world=(-5.67,-5.11) body=(+5.29,-0.99) d=5.38m bear=-11° | world=(-5.73,-5.18) body=(+5.35,-1.05) d=5.45m bear=-11° | world=(-5.98,-5.20) body=(+5.36,-1.30) d=5.51m bear=-14° | world=(-5.88,-5.29) body=(+5.45,-1.20) d=5.58m bear=-12° | world=(-5.78,-5.34) body=(+5.50,-1.11) d=5.61m bear=-11°
[mpc_node-16] [INFO] [1777389879.810890005] [mpc_node]: [MPC] #0545 ok=True cost=     6.5 solve= 21.8 ms avg= 39.4 ms  fails=1  security=False  vx_eff=1.00  scan_age=100 ms  path_wpts=61(raw=36)  robot=[-4.98,0.20] setpt=[-4.98,-0.94]
[mpc_node-16] [WARN] [1777389880.188467563] [mpc_node]: [MPC-OBS] 202 pts in range | nearest 5: world=(-5.59,-5.02) body=(+5.10,-0.90) d=5.17m bear=-10° | world=(-5.78,-5.08) body=(+5.15,-1.10) d=5.26m bear=-12° | world=(-5.46,-5.22) body=(+5.30,-0.78) d=5.36m bear=-8° | world=(-5.50,-5.26) body=(+5.34,-0.82) d=5.40m bear=-9° | world=(-5.75,-5.24) body=(+5.31,-1.07) d=5.41m bear=-11°
[mpc_node-16] [INFO] [1777389880.341549659] [mpc_node]: [MPC] #0550 ok=True cost=     6.3 solve= 29.5 ms avg= 39.3 ms  fails=1  security=False  vx_eff=1.00  scan_age=100 ms  path_wpts=61(raw=36)  robot=[-4.98,0.10] setpt=[-4.98,-1.04]
[setpoint_to_cmd_vel_node-17] [INFO] [1777389880.388633344] [setpoint_to_cmd_vel_node]: [CMD_VEL] robot=(-4.98,0.08)  setpt=(-4.98,-1.04)  dist=1.12m  vx=+0.80  vy=-0.00  wz=+0.00
[a_star_node-15] [INFO] [1777389880.513927112] [a_star_node]: [A*] NAVIGATING  dist_to_goal=2.18 m  robot=(-4.98,0.06)  goal=(-4.00,2.00)  path=35 wpts  local_goal=(-4.48,-8.44)
[mpc_node-16] [INFO] [1777389880.538411788] [mpc_node]: [MPC] Received NEW A* path: 35 raw → 60 resampled | reset_filter=False
[mpc_node-16] [WARN] [1777389880.703642070] [mpc_node]: [MPC-OBS] 235 pts in range | nearest 5: world=(-6.40,-4.91) body=(+4.83,-1.71) d=5.12m bear=-20° | world=(-3.93,-5.05) body=(+5.12,+0.75) d=5.17m bear=+8° | world=(-5.62,-5.14) body=(+5.11,-0.94) d=5.19m bear=-10° | world=(-5.62,-5.25) body=(+5.21,-0.95) d=5.30m bear=-10° | world=(-6.11,-5.21) body=(+5.15,-1.44) d=5.35m bear=-16°
[mpc_node-16] [INFO] [1777389880.857474855] [mpc_node]: [MPC] #0555 ok=True cost=     6.4 solve= 24.7 ms avg= 39.2 ms  fails=1  security=False  vx_eff=1.00  scan_age=100 ms  path_wpts=60(raw=35)  robot=[-4.98,-0.01] setpt=[-4.98,-1.15]
[mpc_node-16] [WARN] [1777389881.217014039] [mpc_node]: [MPC-OBS] 271 pts in range | nearest 5: world=(-6.44,-4.96) body=(+4.77,-1.75) d=5.09m bear=-20° | world=(-5.61,-5.15) body=(+5.02,-0.93) d=5.10m bear=-11° | world=(-5.81,-5.21) body=(+5.06,-1.14) d=5.18m bear=-13° | world=(-5.57,-5.27) body=(+5.14,-0.90) d=5.22m bear=-10° | world=(-5.62,-5.27) body=(+5.14,-0.96) d=5.22m bear=-11°
[mpc_node-16] [INFO] [1777389881.358682224] [mpc_node]: [MPC] #0560 ok=True cost=     6.3 solve= 17.6 ms avg= 39.1 ms  fails=1  security=False  vx_eff=1.00  scan_age=100 ms  path_wpts=60(raw=35)  robot=[-4.98,-0.11] setpt=[-4.98,-1.25]
[odom_to_pose_node-13] [INFO] [1777389881.361048320] [odom_to_pose_node]: [ODOM_BRIDGE] #02426  pos=(-4.9786, -0.1303)  vel=(0.2203, 0.0032)
[setpoint_to_cmd_vel_node-17] [INFO] [1777389881.412718353] [setpoint_to_cmd_vel_node]: [CMD_VEL] robot=(-4.98,-0.13)  setpt=(-4.98,-1.25)  dist=1.12m  vx=+0.80  vy=-0.01  wz=-0.00
[a_star_node-15] [INFO] [1777389881.515087027] [a_star_node]: [A*-DEBUG] Planning from pose=(-4.9808, -0.1508)  goal=(-4.00, 2.00)
[a_star_node-15] [INFO] [1777389881.538698647] [a_star_node]: [A*] NAVIGATING  dist_to_goal=2.36 m  robot=(-4.98,-0.15)  goal=(-4.00,2.00)  path=34 wpts  local_goal=(-4.48,-8.40)
[mpc_node-16] [INFO] [1777389881.566217512] [mpc_node]: [MPC] Received NEW A* path: 34 raw → 58 resampled | reset_filter=False
[mpc_node-16] [INFO] [1777389881.666530970] [mpc_node]: [MPC-DEBUG] /go2/pose received: pos=(-4.9852, -0.1814)  yaw=-87.2 deg  vel_body=(0.12, -0.01, 0.13)
[mpc_node-16] [WARN] [1777389881.731247377] [mpc_node]: [MPC-OBS] 309 pts in range | nearest 5: world=(-5.46,-5.03) body=(+4.80,-0.78) d=4.86m bear=-9° | world=(-5.34,-5.05) body=(+4.83,-0.65) d=4.87m bear=-8° | world=(-2.51,-4.57) body=(+4.52,+2.20) d=5.03m bear=+26° | world=(-5.66,-5.19) body=(+4.94,-0.98) d=5.04m bear=-11° | world=(-5.75,-5.19) body=(+4.94,-1.07) d=5.05m bear=-12°
[mpc_node-16] [INFO] [1777389881.875033612] [mpc_node]: [MPC] #0565 ok=True cost=     6.4 solve= 18.6 ms avg= 38.9 ms  fails=1  security=False  vx_eff=1.00  scan_age=100 ms  path_wpts=58(raw=34)  robot=[-4.98,-0.21] setpt=[-4.98,-1.36]
[mpc_node-16] [WARN] [1777389882.244961908] [mpc_node]: [MPC-OBS] 359 pts in range | nearest 5: world=(-7.27,-4.28) body=(+3.84,-2.52) d=4.60m bear=-33° | world=(-5.43,-4.88) body=(+4.55,-0.72) d=4.61m bear=-9° | world=(-7.38,-4.56) body=(+4.11,-2.65) d=4.89m bear=-33° | world=(-6.01,-5.11) body=(+4.74,-1.31) d=4.92m bear=-15° | world=(-7.40,-4.60) body=(+4.15,-2.67) d=4.93m bear=-33°
[mpc_node-16] [INFO] [1777389882.403273698] [mpc_node]: [MPC] #0570 ok=True cost=     6.3 solve= 20.6 ms avg= 38.8 ms  fails=1  security=False  vx_eff=1.00  scan_age=100 ms  path_wpts=58(raw=34)  robot=[-4.98,-0.32] setpt=[-4.98,-1.46]
[setpoint_to_cmd_vel_node-17] [INFO] [1777389882.436228192] [setpoint_to_cmd_vel_node]: [CMD_VEL] robot=(-4.98,-0.34)  setpt=(-4.98,-1.46)  dist=1.12m  vx=+0.80  vy=-0.01  wz=-0.00
[a_star_node-15] [INFO] [1777389882.568371844] [a_star_node]: [A*] NAVIGATING  dist_to_goal=2.55 m  robot=(-4.98,-0.36)  goal=(-4.00,2.00)  path=33 wpts  local_goal=(-4.48,-8.36)
[mpc_node-16] [INFO] [1777389882.602762770] [mpc_node]: [MPC] Received NEW A* path: 33 raw → 56 resampled | reset_filter=False
[mpc_node-16] [WARN] [1777389882.757960606] [mpc_node]: [MPC-OBS] 419 pts in range | nearest 5: world=(-3.07,-3.86) body=(+3.57,+1.71) d=3.96m bear=+26° | world=(-3.05,-3.90) body=(+3.61,+1.72) d=4.00m bear=+25° | world=(-3.00,-4.03) body=(+3.74,+1.76) d=4.14m bear=+25° | world=(-2.91,-4.26) body=(+3.98,+1.84) d=4.38m bear=+25° | world=(-7.28,-4.29) body=(+3.75,-2.53) d=4.52m bear=-34°
[mpc_node-16] [INFO] [1777389882.908620285] [mpc_node]: [MPC] #0575 ok=True cost=     6.4 solve= 18.8 ms avg= 38.6 ms  fails=1  security=False  vx_eff=1.00  scan_age=100 ms  path_wpts=56(raw=33)  robot=[-4.98,-0.42] setpt=[-4.98,-1.56]
[mpc_node-16] [WARN] [1777389883.275354637] [mpc_node]: [MPC-OBS] 467 pts in range | nearest 5: world=(-3.05,-4.53) body=(+4.14,+1.69) d=4.47m bear=+22° | world=(-3.03,-4.58) body=(+4.19,+1.71) d=4.53m bear=+22° | world=(-7.51,-4.39) body=(+3.73,-2.76) d=4.64m bear=-36° | world=(-7.52,-4.41) body=(+3.75,-2.77) d=4.66m bear=-36° | world=(-2.98,-4.71) body=(+4.32,+1.75) d=4.67m bear=+22°
[odom_to_pose_node-13] [INFO] [1777389883.408448224] [odom_to_pose_node]: [ODOM_BRIDGE] #02466  pos=(-4.9812, -0.5425)  vel=(0.2322, 0.0148)
[mpc_node-16] [INFO] [1777389883.422804735] [mpc_node]: [MPC] #0580 ok=True cost=     6.3 solve= 18.5 ms avg= 38.5 ms  fails=1  security=False  vx_eff=1.00  scan_age=100 ms  path_wpts=56(raw=33)  robot=[-4.98,-0.52] setpt=[-4.98,-1.67]
[setpoint_to_cmd_vel_node-17] [INFO] [1777389883.459702907] [setpoint_to_cmd_vel_node]: [CMD_VEL] robot=(-4.98,-0.54)  setpt=(-4.98,-1.67)  dist=1.12m  vx=+0.80  vy=-0.01  wz=-0.00
[a_star_node-15] [INFO] [1777389883.562273546] [a_star_node]: [A*-DEBUG] Planning from pose=(-4.9826, -0.5633)  goal=(-4.00, 2.00)
[a_star_node-15] [INFO] [1777389883.600505420] [a_star_node]: [A*] NAVIGATING  dist_to_goal=2.75 m  robot=(-4.98,-0.56)  goal=(-4.00,2.00)  path=33 wpts  local_goal=(-4.48,-8.56)
[mpc_node-16] [INFO] [1777389883.644120178] [mpc_node]: [MPC] Received NEW A* path: 33 raw → 56 resampled | reset_filter=False
[mpc_node-16] [INFO] [1777389883.726149805] [mpc_node]: [MPC-DEBUG] /go2/pose received: pos=(-4.9870, -0.5941)  yaw=-87.7 deg  vel_body=(0.12, -0.00, 0.14)
[mpc_node-16] [WARN] [1777389883.781360731] [mpc_node]: [MPC-OBS] 519 pts in range | nearest 5: world=(-3.25,-4.39) body=(+3.89,+1.50) d=4.17m bear=+21° | world=(-3.17,-4.60) body=(+4.10,+1.58) d=4.40m bear=+21° | world=(-3.16,-4.71) body=(+4.20,+1.57) d=4.49m bear=+21° | world=(-3.11,-4.74) body=(+4.24,+1.62) d=4.54m bear=+21° | world=(-4.69,-5.16) body=(+4.56,+0.02) d=4.56m bear=+0°
[mpc_node-16] [INFO] [1777389883.931943944] [mpc_node]: [MPC] #0585 ok=True cost=     6.4 solve= 21.4 ms avg= 38.3 ms  fails=1  security=False  vx_eff=1.00  scan_age=100 ms  path_wpts=56(raw=33)  robot=[-4.98,-0.62] setpt=[-4.98,-1.77]
[mpc_node-16] [WARN] [1777389884.293285675] [mpc_node]: [MPC-OBS] 564 pts in range | nearest 5: world=(-3.37,-4.55) body=(+3.93,+1.40) d=4.17m bear=+20° | world=(-3.34,-4.72) body=(+4.10,+1.42) d=4.34m bear=+19° | world=(-4.79,-5.08) body=(+4.38,-0.05) d=4.38m bear=-1° | world=(-3.28,-4.75) body=(+4.13,+1.47) d=4.39m bear=+20° | world=(-5.29,-5.10) body=(+4.36,-0.56) d=4.40m bear=-7°
[mpc_node-16] [INFO] [1777389884.454905087] [mpc_node]: [MPC] #0590 ok=True cost=     6.3 solve= 17.1 ms avg= 38.2 ms  fails=1  security=False  vx_eff=1.00  scan_age=100 ms  path_wpts=56(raw=33)  robot=[-4.98,-0.73] setpt=[-4.98,-1.87]
[setpoint_to_cmd_vel_node-17] [INFO] [1777389884.481427834] [setpoint_to_cmd_vel_node]: [CMD_VEL] robot=(-4.98,-0.75)  setpt=(-4.98,-1.87)  dist=1.12m  vx=+0.80  vy=-0.01  wz=-0.00
[a_star_node-15] [INFO] [1777389884.623795961] [a_star_node]: [A*] NAVIGATING  dist_to_goal=2.94 m  robot=(-4.98,-0.77)  goal=(-4.00,2.00)  path=32 wpts  local_goal=(-4.48,-8.52)
[mpc_node-16] [INFO] [1777389884.655978920] [mpc_node]: [MPC] Received NEW A* path: 32 raw → 55 resampled | reset_filter=False
[mpc_node-16] [WARN] [1777389884.812077443] [mpc_node]: [MPC-OBS] 608 pts in range | nearest 5: world=(-3.48,-4.60) body=(+3.87,+1.29) d=4.08m bear=+18° | world=(-3.40,-4.78) body=(+4.06,+1.36) d=4.28m bear=+19° | world=(-3.47,-4.83) body=(+4.10,+1.29) d=4.30m bear=+17° | world=(-3.37,-4.84) body=(+4.11,+1.39) d=4.34m bear=+19° | world=(-5.05,-5.20) body=(+4.38,-0.31) d=4.39m bear=-4°
[mpc_node-16] [INFO] [1777389884.957445291] [mpc_node]: [MPC] #0595 ok=True cost=     6.4 solve= 17.8 ms avg= 38.0 ms  fails=1  security=False  vx_eff=1.00  scan_age=100 ms  path_wpts=55(raw=32)  robot=[-4.98,-0.83] setpt=[-4.98,-1.98]
[nav_graph_node-18] [INFO] [1777389885.095164670] [nav_graph_node]: [NavGraph] Node 8 @ (-4.98,-0.87)  total=9  neighbours=2
[mpc_node-16] [WARN] [1777389885.322708235] [mpc_node]: [MPC-OBS] 648 pts in range | nearest 5: world=(-2.72,-4.31) body=(+3.52,+2.07) d=4.09m bear=+30° | world=(-5.84,-5.04) body=(+4.07,-1.09) d=4.21m bear=-15° | world=(-5.54,-5.11) body=(+4.16,-0.80) d=4.24m bear=-11° | world=(-5.73,-5.12) body=(+4.16,-0.99) d=4.27m bear=-13° | world=(-5.77,-5.13) body=(+4.16,-1.03) d=4.29m bear=-14°
[odom_to_pose_node-13] [INFO] [1777389885.453096965] [odom_to_pose_node]: [ODOM_BRIDGE] #02506  pos=(-4.9818, -0.9531)  vel=(0.2451, 0.0226)
[mpc_node-16] [INFO] [1777389885.483896197] [mpc_node]: [MPC] #0600 ok=True cost=     6.4 solve= 17.4 ms avg= 37.9 ms  fails=1  security=False  vx_eff=1.00  scan_age=100 ms  path_wpts=55(raw=32)  robot=[-4.99,-0.93] setpt=[-4.98,-2.08]
[setpoint_to_cmd_vel_node-17] [INFO] [1777389885.503984944] [setpoint_to_cmd_vel_node]: [CMD_VEL] robot=(-4.98,-0.95)  setpt=(-4.98,-2.08)  dist=1.12m  vx=+0.80  vy=-0.02  wz=-0.01
[a_star_node-15] [INFO] [1777389885.606598208] [a_star_node]: [A*-DEBUG] Planning from pose=(-4.9825, -0.9741)  goal=(-4.00, 2.00)
[a_star_node-15] [INFO] [1777389885.655539453] [a_star_node]: [A*] NAVIGATING  dist_to_goal=3.13 m  robot=(-4.98,-0.97)  goal=(-4.00,2.00)  path=31 wpts  local_goal=(-4.48,-8.47)
[mpc_node-16] [INFO] [1777389885.697672689] [mpc_node]: [MPC] Received NEW A* path: 31 raw → 53 resampled | reset_filter=False
[mpc_node-16] [INFO] [1777389885.782011921] [mpc_node]: [MPC-DEBUG] /go2/pose received: pos=(-4.9873, -1.0046)  yaw=-88.3 deg  vel_body=(0.12, -0.01, 0.13)
[mpc_node-16] [WARN] [1777389885.827795012] [mpc_node]: [MPC-OBS] 704 pts in range | nearest 5: world=(-6.38,-4.69) body=(+3.59,-1.60) d=3.93m bear=-24° | world=(-2.96,-4.54) body=(+3.63,+1.82) d=4.06m bear=+27° | world=(-5.85,-5.03) body=(+3.96,-1.10) d=4.11m bear=-15° | world=(-5.58,-5.14) body=(+4.09,-0.83) d=4.17m bear=-11° | world=(-5.54,-5.21) body=(+4.16,-0.79) d=4.23m bear=-11°
[ign gazebo-1] [INFO] [1777389885.852136239] [rclcpp]: signal_handler(SIGINT/SIGTERM)
[ign gazebo-1] [INFO] [1777389885.852231902] [controller_manager]: Shutdown request received....
[ign gazebo-1] [INFO] [1777389885.852324913] [controller_manager]: Shutting down all controllers in the controller manager.
[ign gazebo-1] [INFO] [1777389885.852361626] [controller_manager]: Deactivating controller 'joint_states_controller'
[ign gazebo-1] [INFO] [1777389885.852416722] [controller_manager]: Shutting down controller 'joint_states_controller'
[ign gazebo-1] [INFO] [1777389885.852462585] [controller_manager]: Deactivating controller 'joint_group_effort_controller'
[ign gazebo-1] [INFO] [1777389885.852516933] [controller_manager]: Shutting down controller 'joint_group_effort_controller'
[ign gazebo-1] [INFO] [1777389885.852554204] [resource_manager]: 'deactivate' hardware 'rh' 
[ign gazebo-1] [INFO] [1777389885.852568791] [resource_manager]: Successful 'deactivate' of hardware 'rh'
[ign gazebo-1] [INFO] [1777389885.852573949] [resource_manager]: 'shutdown' hardware 'rh' 
[ign gazebo-1] [INFO] [1777389885.852579832] [resource_manager]: Successful 'shutdown' of hardware 'rh'
[ign gazebo-1] [INFO] [1777389885.852585880] [resource_manager]: 'deactivate' hardware 'lf' 
[ign gazebo-1] [INFO] [1777389885.852591072] [resource_manager]: Successful 'deactivate' of hardware 'lf'
[ign gazebo-1] [INFO] [1777389885.852595050] [resource_manager]: 'shutdown' hardware 'lf' 
[ign gazebo-1] [INFO] [1777389885.852599982] [resource_manager]: Successful 'shutdown' of hardware 'lf'
[ign gazebo-1] [INFO] [1777389885.852605467] [resource_manager]: 'deactivate' hardware 'lh' 
[ign gazebo-1] [INFO] [1777389885.852610344] [resource_manager]: Successful 'deactivate' of hardware 'lh'
[ign gazebo-1] [INFO] [1777389885.852614159] [resource_manager]: 'shutdown' hardware 'lh' 
[ign gazebo-1] [INFO] [1777389885.852634396] [resource_manager]: Successful 'shutdown' of hardware 'lh'
[ign gazebo-1] [INFO] [1777389885.852654562] [resource_manager]: 'deactivate' hardware 'rf' 
[ign gazebo-1] [INFO] [1777389885.852683700] [resource_manager]: Successful 'deactivate' of hardware 'rf'
[ign gazebo-1] [INFO] [1777389885.852691017] [resource_manager]: 'shutdown' hardware 'rf' 
[ign gazebo-1] [INFO] [1777389885.852697179] [resource_manager]: Successful 'shutdown' of hardware 'rf'
[ign gazebo-1] [INFO] [1777389885.852702998] [controller_manager]: Shutting down the controller manager.
[INFO] [ign gazebo-1]: process has finished cleanly [pid 150222]
[INFO] [launch]: process[ign gazebo-1] was required: shutting down launched system
[INFO] [nav_graph_node-18]: sending signal 'SIGINT' to process[nav_graph_node-18]
[INFO] [setpoint_to_cmd_vel_node-17]: sending signal 'SIGINT' to process[setpoint_to_cmd_vel_node-17]
[INFO] [mpc_node-16]: sending signal 'SIGINT' to process[mpc_node-16]
[INFO] [a_star_node-15]: sending signal 'SIGINT' to process[a_star_node-15]
[INFO] [cloud_self_filter.py-14]: sending signal 'SIGINT' to process[cloud_self_filter.py-14]
[INFO] [odom_to_pose_node-13]: sending signal 'SIGINT' to process[odom_to_pose_node-13]
[INFO] [rviz2-10]: sending signal 'SIGINT' to process[rviz2-10]
[INFO] [static_transform_publisher-9]: sending signal 'SIGINT' to process[static_transform_publisher-9]
[INFO] [ekf_node-8]: sending signal 'SIGINT' to process[ekf_node-8]
[INFO] [state_estimation_node-7]: sending signal 'SIGINT' to process[state_estimation_node-7]
[INFO] [quadruped_controller_node-6]: sending signal 'SIGINT' to process[quadruped_controller_node-6]
[INFO] [velocity_limiter-5]: sending signal 'SIGINT' to process[velocity_limiter-5]
[INFO] [parameter_bridge-4]: sending signal 'SIGINT' to process[parameter_bridge-4]
[INFO] [robot_state_publisher-2]: sending signal 'SIGINT' to process[robot_state_publisher-2]
[rviz2-10] [INFO] [1777389886.375743580] [rclcpp]: signal_handler(SIGINT/SIGTERM)
[static_transform_publisher-9] [INFO] [1777389886.379418304] [rclcpp]: signal_handler(SIGINT/SIGTERM)
[ekf_node-8] [INFO] [1777389886.384376356] [rclcpp]: signal_handler(SIGINT/SIGTERM)
[state_estimation_node-7] [INFO] [1777389886.387622120] [rclcpp]: signal_handler(SIGINT/SIGTERM)
[quadruped_controller_node-6] [INFO] [1777389886.390296577] [rclcpp]: signal_handler(SIGINT/SIGTERM)
[robot_state_publisher-2] [INFO] [1777389886.398016948] [rclcpp]: signal_handler(SIGINT/SIGTERM)
[INFO] [static_transform_publisher-9]: process has finished cleanly [pid 150242]
[INFO] [ekf_node-8]: process has finished cleanly [pid 150238]
[INFO] [state_estimation_node-7]: process has finished cleanly [pid 150235]
[INFO] [robot_state_publisher-2]: process has finished cleanly [pid 150224]
[INFO] [cloud_self_filter.py-14]: process has finished cleanly [pid 150863]
[INFO] [velocity_limiter-5]: process has finished cleanly [pid 150231]
[INFO] [nav_graph_node-18]: process has finished cleanly [pid 150871]
[INFO] [rviz2-10]: process has finished cleanly [pid 150245]
[INFO] [odom_to_pose_node-13]: process has finished cleanly [pid 150861]
[INFO] [setpoint_to_cmd_vel_node-17]: process has finished cleanly [pid 150869]
[INFO] [a_star_node-15]: process has finished cleanly [pid 150865]
[INFO] [quadruped_controller_node-6]: process has finished cleanly [pid 150233]
[INFO] [mpc_node-16]: process has finished cleanly [pid 150867]
[ERROR] [parameter_bridge-4]: process[parameter_bridge-4] failed to terminate '5' seconds after receiving 'SIGINT', escalating to 'SIGTERM'
[INFO] [parameter_bridge-4]: sending signal 'SIGTERM' to process[parameter_bridge-4]
[ERROR] [parameter_bridge-4]: process has died [pid 150229, exit code -15, cmd '/opt/ros/humble/lib/ros_ign_bridge/parameter_bridge /clock@rosgraph_msgs/msg/Clock[ignition.msgs.Clock /imu/data@sensor_msgs/msg/Imu[ignition.msgs.IMU /world/default/model/go2/joint_state@sensor_msgs/msg/JointState[ignition.msgs.Model /unilidar/cloud/points@sensor_msgs/msg/PointCloud2[ignition.msgs.PointCloudPacked /odom@nav_msgs/msg/Odometry[ignition.msgs.Odometry /cmd_vel@geometry_msgs/msg/Twist]ignition.msgs.Twist /joint_group_effort_controller/joint_trajectory@trajectory_msgs/msg/JointTrajectory]ignition.msgs.JointTrajectory --ros-args -r __node:=gazebo_bridge --params-file /tmp/launch_params_e21jnhxv -r /world/default/model/go2/joint_state:=/joint_states -r /unilidar/cloud/points:=/lidar/points -r /odom:=/odom/raw -r /cmd_vel:=/cmd_vel_safe'].
