2026-04-28T10:40:56  [INFO   ]  [ROS] rclpy initialised
2026-04-28T10:40:56  [INFO   ]  ############################################################
2026-04-28T10:40:56  [INFO   ]  # Bayesian MPC Tuner — Go2 Gazebo (hardened)
2026-04-28T10:40:56  [INFO   ]  # Trials=50  RandomInit=10  TPE=40
2026-04-28T10:40:56  [INFO   ]  # Scenarios/trial=6  Params=6
2026-04-28T10:40:56  [INFO   ]  # Est. time: ~20.4h
2026-04-28T10:40:56  [INFO   ]  # Results: /media/lorenzo/writable/Go2_navigation/tuning_results
2026-04-28T10:40:56  [INFO   ]  # [OK] scikit-learn 1.7.2 — GP active from trial 11
2026-04-28T10:40:56  [INFO   ]  # [OK] joblib required for gp_model.joblib — pip install joblib
2026-04-28T10:40:56  [INFO   ]  ############################################################
2026-04-28T10:40:56  [INFO   ]  ============================================================
2026-04-28T10:40:56  [INFO   ]  Trial 001/50  [RANDOM INIT]  2026-04-28T10:40:56
2026-04-28T10:40:56  [INFO   ]  Params: {'grid_std': '0.117', 'mpc_Q_terminal': '235.000', 'mpc_Q_x': '343.284', 'mpc_Q_y': '447.767', 'mpc_Q_yaw': '9.340', 'mpc_W_obs_sigmoid': '334.779'}
2026-04-28T10:40:56  [INFO   ]  ============================================================
2026-04-28T10:40:56  [INFO   ]  ── Scenario 1/6: open_square  (3 goals)  weight=0.10 ──
2026-04-28T10:40:56  [INFO   ]  [T001/SC1/open_square] starting
2026-04-28T10:41:06  [INFO   ]    [sim] launched  pid=19059  world=default.sdf
2026-04-28T10:41:06  [DEBUG  ]  RosbagRecorder started  pid=19536  dir=/media/lorenzo/writable/Go2_navigation/tuning_results/trial_001/scenario_open_square/rosbag
2026-04-28T10:41:06  [INFO   ]  [T001/SC1/open_square] waiting 10s for Gazebo bridge…
2026-04-28T10:41:16  [INFO   ]  [T001/SC1/open_square] spawning obstacles…
2026-04-28T10:41:40  [INFO   ]  [T001/SC1/open_square] waiting 20s for planner…
2026-04-28T10:41:50  [DEBUG  ]  [T001/SC1/open_square] heartbeat — 10s remaining
2026-04-28T10:42:00  [INFO   ]  [T001/SC1/open_square] nav started — 3 goal(s), timeout=300s
2026-04-28T10:42:00  [INFO   ]  [T001/SC1/open_square] 0.0s/300s  waiting for pose…
2026-04-28T10:42:00  [DEBUG  ]  [T001/SC1/open_square] initial_dist set from first pose: 1.65m  pos=(5.81,-1.64)
2026-04-28T10:42:05  [INFO   ]  [T001/SC1/open_square] 5.0s/300s  pos=(6.43,-1.09)  dist=1.18m  cmd=(0.38,-0.05)  mpc_ok=100%  solve=43.6ms
2026-04-28T10:42:10  [INFO   ]  [T001/SC1/open_square] 10.0s/300s  pos=(6.46,-0.54)  dist=0.71m  cmd=(0.17,0.16)  mpc_ok=100%  solve=50.0ms
2026-04-28T10:42:11  [INFO   ]  [T001/SC1/open_square] goal 1/3 reached  pos=(6.24,-0.43)  elapsed=11s
2026-04-28T10:42:15  [INFO   ]  [T001/SC1/open_square] 15.0s/300s  pos=(6.45,0.08)  dist=5.94m  cmd=(0.56,-0.04)  mpc_ok=100%  solve=70.0ms
2026-04-28T10:42:20  [INFO   ]  [T001/SC1/open_square] 20.0s/300s  pos=(6.42,1.04)  dist=4.98m  cmd=(0.80,-0.15)  mpc_ok=100%  solve=40.0ms
2026-04-28T10:42:25  [INFO   ]  [T001/SC1/open_square] 25.0s/300s  pos=(6.33,2.05)  dist=3.96m  cmd=(0.80,-0.18)  mpc_ok=100%  solve=34.0ms
2026-04-28T10:42:30  [INFO   ]  [T001/SC1/open_square] 30.1s/300s  pos=(6.05,3.01)  dist=2.99m  cmd=(0.80,-0.15)  mpc_ok=100%  solve=25.0ms
2026-04-28T10:42:35  [INFO   ]  [T001/SC1/open_square] 35.1s/300s  pos=(6.12,4.04)  dist=1.96m  cmd=(0.80,0.00)  mpc_ok=100%  solve=39.2ms
2026-04-28T10:42:40  [INFO   ]  [T001/SC1/open_square] 40.1s/300s  pos=(6.12,5.05)  dist=0.95m  cmd=(0.43,-0.01)  mpc_ok=100%  solve=44.3ms
2026-04-28T10:42:42  [INFO   ]  [T001/SC1/open_square] goal 2/3 reached  pos=(6.12,5.52)  elapsed=42s
2026-04-28T10:42:45  [INFO   ]  [T001/SC1/open_square] 45.1s/300s  pos=(5.99,5.77)  dist=5.99m  cmd=(0.00,-0.00)  mpc_ok=100%  solve=46.5ms
2026-04-28T10:42:50  [INFO   ]  [T001/SC1/open_square] 50.1s/300s  pos=(6.00,5.79)  dist=6.01m  cmd=(0.00,-0.00)  mpc_ok=100%  solve=46.9ms
2026-04-28T10:42:55  [INFO   ]  [T001/SC1/open_square] 55.1s/300s  pos=(6.01,5.80)  dist=6.01m  cmd=(0.00,-0.00)  mpc_ok=100%  solve=49.1ms
2026-04-28T10:43:00  [INFO   ]  [T001/SC1/open_square] 60.1s/300s  pos=(6.01,5.80)  dist=6.01m  cmd=(0.00,0.00)  mpc_ok=100%  solve=48.3ms
2026-04-28T10:43:05  [INFO   ]  [T001/SC1/open_square] 65.1s/300s  pos=(6.00,5.80)  dist=6.00m  cmd=(0.00,-0.00)  mpc_ok=100%  solve=45.9ms
2026-04-28T10:43:10  [INFO   ]  [T001/SC1/open_square] 70.1s/300s  pos=(6.00,5.81)  dist=6.00m  cmd=(0.00,-0.00)  mpc_ok=100%  solve=42.9ms
2026-04-28T10:43:11  [WARNING]  [T001/SC1/open_square] early termination — insufficient progress over 30s (Δ=0.020 < 0.02)
2026-04-28T10:43:11  [INFO   ]  [T001/SC1/open_square] nav done — goals 2/3 (67%)  elapsed=71s  failure=early_term: insufficient progress over 30s (Δ=0.020 < 0.02)
2026-04-28T10:43:13  [DEBUG  ]  RosbagRecorder stopped  pid=19536
2026-04-28T10:43:13  [INFO   ]    → sc=open_square  goals=67%  score=0.491  weighted=0.0491  running=0.0491  dist=6.04  obs=1.000  scans=320
2026-04-28T10:43:13  [INFO   ]  ── Scenario 2/6: open_zigzag  (3 goals)  weight=0.10 ──
2026-04-28T10:43:13  [INFO   ]  [T001/SC2/open_zigzag] starting
2026-04-28T10:43:13  [INFO   ]    [sim] reusing Gazebo for world=default.sdf  — resetting robot pose
2026-04-28T10:43:18  [DEBUG  ]    [sim] reset strategy 'gazebo/set_entity_state' timed out (5s) — trying next
2026-04-28T10:43:23  [DEBUG  ]    [sim] reset strategy '/reset_robot_pose service' timed out (5s) — trying next
2026-04-28T10:43:24  [DEBUG  ]    [sim] reset strategy '/initialpose topic' returned 1 — trying next
2026-04-28T10:43:24  [WARNING]    [sim] all robot-reset strategies failed for scenario 'open_zigzag'  pos=(0.00, 0.00) — continuing without reset
2026-04-28T10:43:24  [DEBUG  ]  RosbagRecorder started  pid=20186  dir=/media/lorenzo/writable/Go2_navigation/tuning_results/trial_001/scenario_open_zigzag/rosbag
2026-04-28T10:43:24  [INFO   ]  [T001/SC2/open_zigzag] waiting 10s for Gazebo bridge…
2026-04-28T10:43:34  [INFO   ]  [T001/SC2/open_zigzag] spawning obstacles…
2026-04-28T10:43:59  [INFO   ]  [T001/SC2/open_zigzag] waiting 20s for planner…
2026-04-28T10:44:09  [DEBUG  ]  [T001/SC2/open_zigzag] heartbeat — 10s remaining
2026-04-28T10:44:19  [INFO   ]  [T001/SC2/open_zigzag] nav started — 3 goal(s), timeout=300s
2026-04-28T10:44:19  [INFO   ]  [T001/SC2/open_zigzag] 0.0s/300s  waiting for pose…
2026-04-28T10:44:19  [DEBUG  ]  [T001/SC2/open_zigzag] initial_dist set from first pose: 10.05m  pos=(6.01,5.80)
2026-04-28T10:44:24  [INFO   ]  [T001/SC2/open_zigzag] 5.0s/300s  pos=(6.01,5.81)  dist=10.05m  cmd=(0.00,0.00)  mpc_ok=100%  solve=43.3ms
2026-04-28T10:44:29  [INFO   ]  [T001/SC2/open_zigzag] 10.1s/300s  pos=(6.01,5.80)  dist=10.05m  cmd=(0.00,0.00)  mpc_ok=100%  solve=60.4ms
2026-04-28T10:44:34  [INFO   ]  [T001/SC2/open_zigzag] 15.1s/300s  pos=(6.01,5.81)  dist=10.04m  cmd=(0.00,0.00)  mpc_ok=100%  solve=55.7ms
2026-04-28T10:44:39  [INFO   ]  [T001/SC2/open_zigzag] 20.1s/300s  pos=(6.00,5.81)  dist=10.04m  cmd=(0.00,0.00)  mpc_ok=100%  solve=62.4ms
2026-04-28T10:44:44  [INFO   ]  [T001/SC2/open_zigzag] 25.1s/300s  pos=(6.00,5.82)  dist=10.03m  cmd=(0.00,0.00)  mpc_ok=100%  solve=51.4ms
2026-04-28T10:44:49  [WARNING]  [T001/SC2/open_zigzag] early termination — insufficient progress over 30s (Δ=0.002 < 0.02)
2026-04-28T10:44:49  [INFO   ]  [T001/SC2/open_zigzag] nav done — goals 0/3 (0%)  elapsed=30s  failure=early_term: insufficient progress over 30s (Δ=0.002 < 0.02)
2026-04-28T10:44:50  [DEBUG  ]  RosbagRecorder stopped  pid=20186
2026-04-28T10:44:50  [INFO   ]    → sc=open_zigzag  goals=0%  score=0.211  weighted=0.0211  running=0.0701  dist=7.30  obs=0.000  scans=0
2026-04-28T10:44:50  [INFO   ]  ── Scenario 3/6: warehouse_loop  (4 goals)  weight=0.25 ──
2026-04-28T10:44:50  [INFO   ]  [T001/SC3/warehouse_loop] starting
2026-04-28T10:44:50  [DEBUG  ]  Sending SIGTERM to sim_launch  pgid=19059
2026-04-28T10:44:50  [DEBUG  ]  sim_launch exited cleanly
2026-04-28T10:44:58  [DEBUG  ]    [sim] killed
2026-04-28T10:45:09  [INFO   ]    [sim] launched  pid=20478  world=warehouse.world
2026-04-28T10:45:09  [DEBUG  ]  RosbagRecorder started  pid=20954  dir=/media/lorenzo/writable/Go2_navigation/tuning_results/trial_001/scenario_warehouse_loop/rosbag
2026-04-28T10:45:09  [INFO   ]  [T001/SC3/warehouse_loop] waiting 10s for Gazebo bridge…
2026-04-28T10:45:19  [INFO   ]  [T001/SC3/warehouse_loop] spawning obstacles…
2026-04-28T10:45:49  [INFO   ]  [T001/SC3/warehouse_loop] waiting 20s for planner…
2026-04-28T10:45:59  [DEBUG  ]  [T001/SC3/warehouse_loop] heartbeat — 10s remaining
2026-04-28T10:46:09  [INFO   ]  [T001/SC3/warehouse_loop] nav started — 4 goal(s), timeout=180s
2026-04-28T10:46:09  [INFO   ]  [T001/SC3/warehouse_loop] 0.0s/180s  waiting for pose…
2026-04-28T10:46:09  [DEBUG  ]  [T001/SC3/warehouse_loop] initial_dist set from first pose: 16.40m  pos=(-6.40,-8.22)
2026-04-28T10:46:14  [INFO   ]  [T001/SC3/warehouse_loop] 5.0s/180s  pos=(-6.00,-8.23)  dist=16.00m  cmd=(0.11,-0.01)  mpc_ok=100%  solve=43.5ms
2026-04-28T10:46:19  [INFO   ]  [T001/SC3/warehouse_loop] 10.0s/180s  pos=(-5.68,-8.23)  dist=15.68m  cmd=(0.18,-0.01)  mpc_ok=100%  solve=47.2ms
2026-04-28T10:46:24  [INFO   ]  [T001/SC3/warehouse_loop] 15.1s/180s  pos=(-5.19,-8.26)  dist=15.19m  cmd=(0.01,-0.00)  mpc_ok=100%  solve=33.7ms
2026-04-28T10:46:29  [INFO   ]  [T001/SC3/warehouse_loop] 20.1s/180s  pos=(-4.83,-8.26)  dist=14.83m  cmd=(0.34,0.00)  mpc_ok=100%  solve=31.1ms
2026-04-28T10:46:34  [INFO   ]  [T001/SC3/warehouse_loop] 25.1s/180s  pos=(-4.71,-8.27)  dist=14.71m  cmd=(0.00,-0.00)  mpc_ok=100%  solve=55.9ms
2026-04-28T10:46:39  [INFO   ]  [T001/SC3/warehouse_loop] 30.1s/180s  pos=(-4.79,-8.26)  dist=14.79m  cmd=(-0.01,0.00)  mpc_ok=100%  solve=42.6ms
2026-04-28T10:46:44  [INFO   ]  [T001/SC3/warehouse_loop] 35.1s/180s  pos=(-4.89,-8.27)  dist=14.90m  cmd=(-0.00,0.00)  mpc_ok=100%  solve=68.9ms
2026-04-28T10:46:49  [INFO   ]  [T001/SC3/warehouse_loop] 40.1s/180s  pos=(-4.89,-8.27)  dist=14.90m  cmd=(-0.00,0.00)  mpc_ok=100%  solve=50.9ms
2026-04-28T10:46:53  [WARNING]  [T001/SC3/warehouse_loop] early termination — insufficient progress over 30s (Δ=0.020 < 0.02)
2026-04-28T10:46:53  [INFO   ]  [T001/SC3/warehouse_loop] nav done — goals 0/4 (0%)  elapsed=44s  failure=early_term: insufficient progress over 30s (Δ=0.020 < 0.02)
2026-04-28T10:46:54  [DEBUG  ]  RosbagRecorder stopped  pid=20954
2026-04-28T10:46:54  [INFO   ]    → sc=warehouse_loop  goals=0%  score=0.330  weighted=0.0825  running=0.1526  dist=17.05  obs=1.000  scans=422
2026-04-28T10:46:54  [INFO   ]  ── Scenario 4/6: warehouse_cross_aisle  (3 goals)  weight=0.20 ──
2026-04-28T10:46:54  [INFO   ]  [T001/SC4/warehouse_cross_aisle] starting
2026-04-28T10:46:54  [INFO   ]    [sim] reusing Gazebo for world=warehouse.world  — resetting robot pose
2026-04-28T10:46:59  [DEBUG  ]    [sim] reset strategy 'gazebo/set_entity_state' timed out (5s) — trying next
2026-04-28T10:47:04  [DEBUG  ]    [sim] reset strategy '/reset_robot_pose service' timed out (5s) — trying next
2026-04-28T10:47:05  [DEBUG  ]    [sim] reset strategy '/initialpose topic' returned 1 — trying next
2026-04-28T10:47:05  [WARNING]    [sim] all robot-reset strategies failed for scenario 'warehouse_cross_aisle'  pos=(-4.00, 8.00) — continuing without reset
2026-04-28T10:47:05  [DEBUG  ]  RosbagRecorder started  pid=21666  dir=/media/lorenzo/writable/Go2_navigation/tuning_results/trial_001/scenario_warehouse_cross_aisle/rosbag
2026-04-28T10:47:05  [INFO   ]  [T001/SC4/warehouse_cross_aisle] waiting 10s for Gazebo bridge…
2026-04-28T10:47:15  [INFO   ]  [T001/SC4/warehouse_cross_aisle] spawning obstacles…
2026-04-28T10:47:40  [INFO   ]  [T001/SC4/warehouse_cross_aisle] waiting 20s for planner…
2026-04-28T10:47:50  [DEBUG  ]  [T001/SC4/warehouse_cross_aisle] heartbeat — 10s remaining
2026-04-28T10:48:00  [INFO   ]  [T001/SC4/warehouse_cross_aisle] nav started — 3 goal(s), timeout=150s
2026-04-28T10:48:00  [INFO   ]  [T001/SC4/warehouse_cross_aisle] 0.0s/150s  waiting for pose…
2026-04-28T10:48:00  [DEBUG  ]  [T001/SC4/warehouse_cross_aisle] initial_dist set from first pose: 8.32m  pos=(-4.89,-8.27)
2026-04-28T10:48:05  [INFO   ]  [T001/SC4/warehouse_cross_aisle] 5.0s/150s  pos=(-4.89,-8.27)  dist=8.32m  cmd=(-0.00,0.00)  mpc_ok=100%  solve=71.6ms
2026-04-28T10:48:10  [INFO   ]  [T001/SC4/warehouse_cross_aisle] 10.0s/150s  pos=(-4.89,-8.27)  dist=8.32m  cmd=(-0.00,0.00)  mpc_ok=100%  solve=82.9ms
2026-04-28T10:48:15  [INFO   ]  [T001/SC4/warehouse_cross_aisle] 15.0s/150s  pos=(-4.89,-8.27)  dist=8.32m  cmd=(-0.00,0.00)  mpc_ok=100%  solve=81.0ms
2026-04-28T10:48:20  [INFO   ]  [T001/SC4/warehouse_cross_aisle] 20.1s/150s  pos=(-4.89,-8.27)  dist=8.32m  cmd=(-0.00,0.00)  mpc_ok=100%  solve=52.9ms
2026-04-28T10:48:25  [INFO   ]  [T001/SC4/warehouse_cross_aisle] 25.1s/150s  pos=(-4.89,-8.27)  dist=8.32m  cmd=(-0.00,0.00)  mpc_ok=100%  solve=49.9ms
2026-04-28T10:48:30  [WARNING]  [T001/SC4/warehouse_cross_aisle] early termination — insufficient progress over 30s (Δ=0.000 < 0.02)
2026-04-28T10:48:30  [INFO   ]  [T001/SC4/warehouse_cross_aisle] nav done — goals 0/3 (0%)  elapsed=30s  failure=early_term: insufficient progress over 30s (Δ=0.000 < 0.02)
2026-04-28T10:48:30  [DEBUG  ]  RosbagRecorder stopped  pid=21666
2026-04-28T10:48:30  [INFO   ]    → sc=warehouse_cross_aisle  goals=0%  score=0.330  weighted=0.0660  running=0.2186  dist=8.90  obs=1.000  scans=278
2026-04-28T10:48:30  [INFO   ]  ── Scenario 5/6: office_traverse  (3 goals)  weight=0.20 ──
2026-04-28T10:48:30  [INFO   ]  [T001/SC5/office_traverse] starting
2026-04-28T10:48:30  [DEBUG  ]  Sending SIGTERM to sim_launch  pgid=20478
2026-04-28T10:48:30  [DEBUG  ]  sim_launch exited cleanly
2026-04-28T10:48:38  [DEBUG  ]    [sim] killed
2026-04-28T10:48:49  [INFO   ]    [sim] launched  pid=21958  world=indoor_office.world
2026-04-28T10:48:49  [DEBUG  ]  RosbagRecorder started  pid=22435  dir=/media/lorenzo/writable/Go2_navigation/tuning_results/trial_001/scenario_office_traverse/rosbag
2026-04-28T10:48:49  [INFO   ]  [T001/SC5/office_traverse] waiting 10s for Gazebo bridge…
2026-04-28T10:48:59  [INFO   ]  [T001/SC5/office_traverse] spawning obstacles…
2026-04-28T10:49:23  [INFO   ]  [T001/SC5/office_traverse] waiting 20s for planner…
2026-04-28T10:49:33  [DEBUG  ]  [T001/SC5/office_traverse] heartbeat — 10s remaining
2026-04-28T10:49:43  [INFO   ]  [T001/SC5/office_traverse] nav started — 3 goal(s), timeout=150s
2026-04-28T10:49:43  [INFO   ]  [T001/SC5/office_traverse] 0.0s/150s  waiting for pose…
2026-04-28T10:49:43  [DEBUG  ]  [T001/SC5/office_traverse] initial_dist set from first pose: 7.99m  pos=(-1.23,-6.04)
2026-04-28T10:49:48  [INFO   ]  [T001/SC5/office_traverse] 5.1s/150s  pos=(-2.13,-5.87)  dist=8.48m  cmd=(0.80,-0.07)  mpc_ok=100%  solve=48.3ms
2026-04-28T10:49:53  [INFO   ]  [T001/SC5/office_traverse] 10.1s/150s  pos=(-2.85,-5.35)  dist=8.69m  cmd=(0.80,0.08)  mpc_ok=100%  solve=38.5ms
2026-04-28T10:49:58  [INFO   ]  [T001/SC5/office_traverse] 15.1s/150s  pos=(-3.27,-4.53)  dist=8.56m  cmd=(0.80,0.18)  mpc_ok=100%  solve=43.9ms
2026-04-28T10:50:03  [INFO   ]  [T001/SC5/office_traverse] 20.1s/150s  pos=(-4.49,-4.55)  dist=9.64m  cmd=(0.80,-0.10)  mpc_ok=100%  solve=41.2ms
2026-04-28T10:50:08  [INFO   ]  [T001/SC5/office_traverse] 25.1s/150s  pos=(-3.90,-3.44)  dist=8.61m  cmd=(0.37,-0.30)  mpc_ok=100%  solve=39.1ms
2026-04-28T10:50:13  [WARNING]  [T001/SC5/office_traverse] early termination — insufficient progress over 30s (Δ=-0.023 < 0.02)
2026-04-28T10:50:13  [INFO   ]  [T001/SC5/office_traverse] nav done — goals 0/3 (0%)  elapsed=30s  failure=early_term: insufficient progress over 30s (Δ=-0.023 < 0.02)
2026-04-28T10:50:14  [DEBUG  ]  RosbagRecorder stopped  pid=22435
2026-04-28T10:50:14  [INFO   ]    → sc=office_traverse  goals=0%  score=0.337  weighted=0.0674  running=0.2860  dist=10.61  obs=0.902  scans=285
2026-04-28T10:50:14  [INFO   ]  ── Scenario 6/6: office_corridor  (3 goals)  weight=0.15 ──
2026-04-28T10:50:14  [INFO   ]  [T001/SC6/office_corridor] starting
2026-04-28T10:50:14  [INFO   ]    [sim] reusing Gazebo for world=indoor_office.world  — resetting robot pose
2026-04-28T10:50:19  [DEBUG  ]    [sim] reset strategy 'gazebo/set_entity_state' timed out (5s) — trying next
2026-04-28T10:50:24  [DEBUG  ]    [sim] reset strategy '/reset_robot_pose service' timed out (5s) — trying next
2026-04-28T10:50:25  [DEBUG  ]    [sim] reset strategy '/initialpose topic' returned 1 — trying next
2026-04-28T10:50:25  [WARNING]    [sim] all robot-reset strategies failed for scenario 'office_corridor'  pos=(-4.00, -6.00) — continuing without reset
2026-04-28T10:50:25  [DEBUG  ]  RosbagRecorder started  pid=23101  dir=/media/lorenzo/writable/Go2_navigation/tuning_results/trial_001/scenario_office_corridor/rosbag
2026-04-28T10:50:25  [INFO   ]  [T001/SC6/office_corridor] waiting 10s for Gazebo bridge…
2026-04-28T10:50:35  [INFO   ]  [T001/SC6/office_corridor] spawning obstacles…
2026-04-28T10:51:00  [INFO   ]  [T001/SC6/office_corridor] waiting 20s for planner…
2026-04-28T10:51:10  [DEBUG  ]  [T001/SC6/office_corridor] heartbeat — 10s remaining
2026-04-28T10:51:20  [INFO   ]  [T001/SC6/office_corridor] nav started — 3 goal(s), timeout=150s
2026-04-28T10:51:20  [INFO   ]  [T001/SC6/office_corridor] 0.0s/150s  waiting for pose…
2026-04-28T10:51:20  [DEBUG  ]  [T001/SC6/office_corridor] initial_dist set from first pose: 4.01m  pos=(-0.04,0.64)
2026-04-28T10:51:25  [INFO   ]  [T001/SC6/office_corridor] 5.0s/150s  pos=(0.73,0.87)  dist=4.81m  cmd=(-0.01,-0.30)  mpc_ok=100%  solve=79.8ms
2026-04-28T10:51:30  [INFO   ]  [T001/SC6/office_corridor] 10.0s/150s  pos=(0.25,-0.01)  dist=4.25m  cmd=(0.13,-0.30)  mpc_ok=95%  solve=79.2ms
2026-04-28T10:51:35  [INFO   ]  [T001/SC6/office_corridor] 15.0s/150s  pos=(-0.99,0.48)  dist=3.05m  cmd=(0.70,-0.30)  mpc_ok=95%  solve=70.1ms
2026-04-28T10:51:40  [INFO   ]  [T001/SC6/office_corridor] 20.0s/150s  pos=(-0.26,0.84)  dist=3.83m  cmd=(0.20,-0.30)  mpc_ok=100%  solve=64.3ms
2026-04-28T10:51:45  [INFO   ]  [T001/SC6/office_corridor] 25.1s/150s  pos=(-0.49,-0.38)  dist=3.53m  cmd=(0.21,-0.30)  mpc_ok=100%  solve=76.5ms
2026-04-28T10:51:50  [INFO   ]  [T001/SC6/office_corridor] 30.1s/150s  pos=(-1.97,-0.18)  dist=2.04m  cmd=(-0.80,-0.30)  mpc_ok=100%  solve=64.5ms
2026-04-28T10:51:55  [INFO   ]  [T001/SC6/office_corridor] 35.1s/150s  pos=(-2.86,0.54)  dist=1.26m  cmd=(-0.50,-0.30)  mpc_ok=90%  solve=101.1ms
2026-04-28T10:52:00  [INFO   ]  [T001/SC6/office_corridor] 40.1s/150s  pos=(-3.46,1.27)  dist=1.38m  cmd=(0.58,0.05)  mpc_ok=100%  solve=120.3ms
2026-04-28T10:52:05  [INFO   ]  [T001/SC6/office_corridor] 45.1s/150s  pos=(-3.42,0.08)  dist=0.59m  cmd=(0.20,-0.30)  mpc_ok=100%  solve=128.5ms
2026-04-28T10:52:05  [INFO   ]  [T001/SC6/office_corridor] goal 1/3 reached  pos=(-3.51,0.03)  elapsed=46s
2026-04-28T10:52:05  [WARNING]  [T001/SC6/office_corridor] early termination — insufficient progress over 30s (Δ=-0.327 < 0.02)
2026-04-28T10:52:05  [INFO   ]  [T001/SC6/office_corridor] nav done — goals 1/3 (33%)  elapsed=46s  failure=early_term: insufficient progress over 30s (Δ=-0.327 < 0.02)
2026-04-28T10:52:06  [DEBUG  ]  RosbagRecorder stopped  pid=23101
2026-04-28T10:52:06  [INFO   ]    → sc=office_corridor  goals=33%  score=0.344  weighted=0.0516  running=0.3376  dist=8.27  obs=0.996  scans=429
2026-04-28T10:52:06  [DEBUG  ]  Sending SIGTERM to sim_launch  pgid=21958
2026-04-28T10:52:06  [DEBUG  ]  sim_launch exited cleanly
2026-04-28T10:52:14  [DEBUG  ]    [sim] killed
2026-04-28T10:52:14  [INFO   ]  [GP] fitting on 1 observations…
2026-04-28T10:52:14  [INFO   ]  [GP] skipped — need at least 10 observations
2026-04-28T10:52:14  [INFO   ]  *** NEW BEST  score=0.3376 (+inf)  trial=001 ***
2026-04-28T10:52:15  [INFO   ]  [trial 001/50]  aggregate=0.3376  best=0.3376(t001)  elapsed=11.3min  GP=waiting(need at least 10 observations)
2026-04-28T10:52:15  [INFO   ]  ============================================================
2026-04-28T10:52:15  [INFO   ]  Trial 002/50  [RANDOM INIT]  2026-04-28T10:52:15  ETA ~554min
2026-04-28T10:52:15  [INFO   ]  Params: {'grid_std': '0.112', 'mpc_Q_terminal': '177.945', 'mpc_Q_x': '76.971', 'mpc_Q_y': '437.419', 'mpc_Q_yaw': '9.163', 'mpc_W_obs_sigmoid': '155.147'}
2026-04-28T10:52:15  [INFO   ]  ============================================================
2026-04-28T10:52:15  [INFO   ]  ── Scenario 1/6: open_square  (3 goals)  weight=0.10 ──
2026-04-28T10:52:15  [INFO   ]  [T002/SC1/open_square] starting
2026-04-28T10:52:25  [INFO   ]    [sim] launched  pid=23412  world=default.sdf
2026-04-28T10:52:25  [DEBUG  ]  RosbagRecorder started  pid=23890  dir=/media/lorenzo/writable/Go2_navigation/tuning_results/trial_002/scenario_open_square/rosbag
2026-04-28T10:52:25  [INFO   ]  [T002/SC1/open_square] waiting 10s for Gazebo bridge…
2026-04-28T10:52:35  [INFO   ]  [T002/SC1/open_square] spawning obstacles…
2026-04-28T10:52:59  [INFO   ]  [T002/SC1/open_square] waiting 20s for planner…
2026-04-28T10:53:09  [DEBUG  ]  [T002/SC1/open_square] heartbeat — 10s remaining
2026-04-28T10:53:19  [INFO   ]  [T002/SC1/open_square] nav started — 3 goal(s), timeout=300s
2026-04-28T10:53:19  [INFO   ]  [T002/SC1/open_square] 0.0s/300s  waiting for pose…
2026-04-28T10:53:19  [DEBUG  ]  [T002/SC1/open_square] initial_dist set from first pose: 1.37m  pos=(5.78,-1.35)
2026-04-28T10:53:24  [INFO   ]  [T002/SC1/open_square] 5.1s/300s  pos=(6.01,-0.85)  dist=0.85m  cmd=(0.10,0.00)  mpc_ok=100%  solve=76.1ms
2026-04-28T10:53:29  [INFO   ]  [T002/SC1/open_square] 10.1s/300s  pos=(6.12,-0.53)  dist=0.55m  cmd=(0.21,-0.14)  mpc_ok=100%  solve=71.2ms
2026-04-28T10:53:30  [INFO   ]  [T002/SC1/open_square] goal 1/3 reached  pos=(6.24,-0.44)  elapsed=11s
2026-04-28T10:53:34  [INFO   ]  [T002/SC1/open_square] 15.1s/300s  pos=(6.47,0.21)  dist=5.81m  cmd=(0.80,0.02)  mpc_ok=100%  solve=51.7ms
2026-04-28T10:53:39  [INFO   ]  [T002/SC1/open_square] 20.1s/300s  pos=(6.34,1.07)  dist=4.95m  cmd=(0.80,0.18)  mpc_ok=100%  solve=54.9ms
2026-04-28T10:53:44  [INFO   ]  [T002/SC1/open_square] 25.2s/300s  pos=(6.27,2.03)  dist=3.98m  cmd=(0.80,-0.02)  mpc_ok=100%  solve=32.9ms
2026-04-28T10:53:49  [INFO   ]  [T002/SC1/open_square] 30.2s/300s  pos=(6.20,3.03)  dist=2.98m  cmd=(0.80,0.06)  mpc_ok=100%  solve=40.1ms
2026-04-28T10:53:54  [INFO   ]  [T002/SC1/open_square] 35.2s/300s  pos=(6.18,4.05)  dist=1.96m  cmd=(0.80,0.02)  mpc_ok=100%  solve=41.2ms
2026-04-28T10:53:59  [INFO   ]  [T002/SC1/open_square] 40.2s/300s  pos=(6.18,5.05)  dist=0.97m  cmd=(0.43,-0.02)  mpc_ok=100%  solve=60.8ms
2026-04-28T10:54:02  [INFO   ]  [T002/SC1/open_square] goal 2/3 reached  pos=(6.17,5.54)  elapsed=43s
2026-04-28T10:54:04  [INFO   ]  [T002/SC1/open_square] 45.2s/300s  pos=(6.04,5.73)  dist=6.05m  cmd=(0.00,0.00)  mpc_ok=100%  solve=55.5ms
2026-04-28T10:54:09  [INFO   ]  [T002/SC1/open_square] 50.3s/300s  pos=(6.05,5.73)  dist=6.06m  cmd=(0.00,-0.00)  mpc_ok=100%  solve=60.5ms
2026-04-28T10:54:15  [INFO   ]  [T002/SC1/open_square] 55.3s/300s  pos=(6.04,5.74)  dist=6.05m  cmd=(0.00,-0.00)  mpc_ok=100%  solve=54.8ms
2026-04-28T10:54:20  [INFO   ]  [T002/SC1/open_square] 60.3s/300s  pos=(6.04,5.73)  dist=6.05m  cmd=(0.00,0.00)  mpc_ok=100%  solve=63.6ms
2026-04-28T10:54:25  [INFO   ]  [T002/SC1/open_square] 65.4s/300s  pos=(6.04,5.74)  dist=6.05m  cmd=(0.00,0.00)  mpc_ok=100%  solve=52.8ms
2026-04-28T10:54:30  [INFO   ]  [T002/SC1/open_square] 70.4s/300s  pos=(6.05,5.75)  dist=6.06m  cmd=(0.00,-0.00)  mpc_ok=100%  solve=65.0ms
2026-04-28T10:54:32  [WARNING]  [T002/SC1/open_square] early termination — insufficient progress over 30s (Δ=0.020 < 0.02)
2026-04-28T10:54:32  [INFO   ]  [T002/SC1/open_square] nav done — goals 2/3 (67%)  elapsed=73s  failure=early_term: insufficient progress over 30s (Δ=0.020 < 0.02)
2026-04-28T10:54:33  [DEBUG  ]  RosbagRecorder stopped  pid=23890
2026-04-28T10:54:33  [INFO   ]    → sc=open_square  goals=67%  score=0.489  weighted=0.0489  running=0.0489  dist=6.05  obs=1.000  scans=355
2026-04-28T10:54:33  [INFO   ]  ── Scenario 2/6: open_zigzag  (3 goals)  weight=0.10 ──
2026-04-28T10:54:33  [INFO   ]  [T002/SC2/open_zigzag] starting
2026-04-28T10:54:33  [INFO   ]    [sim] reusing Gazebo for world=default.sdf  — resetting robot pose
2026-04-28T10:54:38  [DEBUG  ]    [sim] reset strategy 'gazebo/set_entity_state' timed out (5s) — trying next
2026-04-28T10:54:43  [DEBUG  ]    [sim] reset strategy '/reset_robot_pose service' timed out (5s) — trying next
2026-04-28T10:54:45  [DEBUG  ]    [sim] reset strategy '/initialpose topic' returned 1 — trying next
2026-04-28T10:54:45  [WARNING]    [sim] all robot-reset strategies failed for scenario 'open_zigzag'  pos=(0.00, 0.00) — continuing without reset
2026-04-28T10:54:45  [DEBUG  ]  RosbagRecorder started  pid=24540  dir=/media/lorenzo/writable/Go2_navigation/tuning_results/trial_002/scenario_open_zigzag/rosbag
2026-04-28T10:54:45  [INFO   ]  [T002/SC2/open_zigzag] waiting 10s for Gazebo bridge…
2026-04-28T10:54:55  [INFO   ]  [T002/SC2/open_zigzag] spawning obstacles…
2026-04-28T10:55:20  [INFO   ]  [T002/SC2/open_zigzag] waiting 20s for planner…
2026-04-28T10:55:30  [DEBUG  ]  [T002/SC2/open_zigzag] heartbeat — 10s remaining
2026-04-28T10:55:40  [INFO   ]  [T002/SC2/open_zigzag] nav started — 3 goal(s), timeout=300s
2026-04-28T10:55:40  [INFO   ]  [T002/SC2/open_zigzag] 0.0s/300s  waiting for pose…
2026-04-28T10:55:40  [DEBUG  ]  [T002/SC2/open_zigzag] initial_dist set from first pose: 10.11m  pos=(6.08,5.74)
2026-04-28T10:55:45  [INFO   ]  [T002/SC2/open_zigzag] 5.1s/300s  pos=(6.09,5.74)  dist=10.12m  cmd=(0.21,0.01)  mpc_ok=100%  solve=58.5ms
2026-04-28T10:55:50  [INFO   ]  [T002/SC2/open_zigzag] 10.1s/300s  pos=(6.09,5.74)  dist=10.11m  cmd=(0.18,0.00)  mpc_ok=100%  solve=59.2ms
2026-04-28T10:55:55  [INFO   ]  [T002/SC2/open_zigzag] 15.1s/300s  pos=(6.09,5.75)  dist=10.12m  cmd=(0.12,-0.01)  mpc_ok=100%  solve=54.9ms
2026-04-28T10:56:00  [INFO   ]  [T002/SC2/open_zigzag] 20.1s/300s  pos=(6.09,5.75)  dist=10.12m  cmd=(0.09,0.00)  mpc_ok=100%  solve=63.5ms
2026-04-28T10:56:05  [INFO   ]  [T002/SC2/open_zigzag] 25.2s/300s  pos=(6.08,5.76)  dist=10.11m  cmd=(0.02,0.00)  mpc_ok=100%  solve=55.7ms
2026-04-28T10:56:10  [WARNING]  [T002/SC2/open_zigzag] early termination — insufficient progress over 30s (Δ=0.001 < 0.02)
2026-04-28T10:56:10  [INFO   ]  [T002/SC2/open_zigzag] nav done — goals 0/3 (0%)  elapsed=30s  failure=early_term: insufficient progress over 30s (Δ=0.001 < 0.02)
2026-04-28T10:56:11  [DEBUG  ]  RosbagRecorder stopped  pid=24540
2026-04-28T10:56:11  [INFO   ]    → sc=open_zigzag  goals=0%  score=0.210  weighted=0.0210  running=0.0699  dist=7.40  obs=0.000  scans=0
2026-04-28T10:56:11  [INFO   ]  ── Scenario 3/6: warehouse_loop  (4 goals)  weight=0.25 ──
2026-04-28T10:56:11  [INFO   ]  [T002/SC3/warehouse_loop] starting
2026-04-28T10:56:11  [DEBUG  ]  Sending SIGTERM to sim_launch  pgid=23412
2026-04-28T10:56:11  [DEBUG  ]  sim_launch exited cleanly
2026-04-28T10:56:19  [DEBUG  ]    [sim] killed
2026-04-28T10:56:30  [INFO   ]    [sim] launched  pid=24832  world=warehouse.world
2026-04-28T10:56:30  [DEBUG  ]  RosbagRecorder started  pid=25309  dir=/media/lorenzo/writable/Go2_navigation/tuning_results/trial_002/scenario_warehouse_loop/rosbag
2026-04-28T10:56:30  [INFO   ]  [T002/SC3/warehouse_loop] waiting 10s for Gazebo bridge…
2026-04-28T10:56:40  [INFO   ]  [T002/SC3/warehouse_loop] spawning obstacles…
2026-04-28T10:57:10  [INFO   ]  [T002/SC3/warehouse_loop] waiting 20s for planner…
2026-04-28T10:57:20  [DEBUG  ]  [T002/SC3/warehouse_loop] heartbeat — 10s remaining
2026-04-28T10:57:30  [INFO   ]  [T002/SC3/warehouse_loop] nav started — 4 goal(s), timeout=180s
2026-04-28T10:57:30  [DEBUG  ]  [T002/SC3/warehouse_loop] initial_dist set from first pose: 16.65m  pos=(-6.65,-8.24)
2026-04-28T10:57:30  [INFO   ]  [T002/SC3/warehouse_loop] 0.0s/180s  pos=(-6.65,-8.24)  dist=16.65m  cmd=(0.00,0.00)  mpc_ok=nan%  solve=nanms
2026-04-28T10:57:35  [INFO   ]  [T002/SC3/warehouse_loop] 5.0s/180s  pos=(-6.26,-8.27)  dist=16.26m  cmd=(0.04,-0.00)  mpc_ok=100%  solve=49.3ms
2026-04-28T10:57:40  [INFO   ]  [T002/SC3/warehouse_loop] 10.0s/180s  pos=(-6.03,-8.31)  dist=16.03m  cmd=(0.23,0.01)  mpc_ok=100%  solve=39.5ms
2026-04-28T10:57:45  [INFO   ]  [T002/SC3/warehouse_loop] 15.0s/180s  pos=(-5.59,-8.33)  dist=15.59m  cmd=(0.31,-0.00)  mpc_ok=100%  solve=32.2ms
2026-04-28T10:57:50  [INFO   ]  [T002/SC3/warehouse_loop] 20.0s/180s  pos=(-5.13,-8.35)  dist=15.13m  cmd=(0.15,-0.03)  mpc_ok=100%  solve=40.8ms
2026-04-28T10:57:55  [INFO   ]  [T002/SC3/warehouse_loop] 25.1s/180s  pos=(-4.70,-8.36)  dist=14.71m  cmd=(0.26,-0.01)  mpc_ok=100%  solve=40.7ms
2026-04-28T10:58:00  [INFO   ]  [T002/SC3/warehouse_loop] 30.1s/180s  pos=(-4.25,-8.38)  dist=14.25m  cmd=(0.25,0.00)  mpc_ok=100%  solve=48.7ms
2026-04-28T10:58:05  [INFO   ]  [T002/SC3/warehouse_loop] 35.1s/180s  pos=(-3.82,-8.40)  dist=13.82m  cmd=(0.30,0.00)  mpc_ok=100%  solve=34.0ms
2026-04-28T10:58:10  [INFO   ]  [T002/SC3/warehouse_loop] 40.1s/180s  pos=(-3.36,-8.41)  dist=13.36m  cmd=(0.02,0.00)  mpc_ok=100%  solve=43.7ms
2026-04-28T10:58:15  [INFO   ]  [T002/SC3/warehouse_loop] 45.1s/180s  pos=(-3.00,-8.41)  dist=13.01m  cmd=(0.24,0.00)  mpc_ok=100%  solve=59.4ms
2026-04-28T10:58:20  [INFO   ]  [T002/SC3/warehouse_loop] 50.1s/180s  pos=(-2.63,-8.43)  dist=12.64m  cmd=(0.05,-0.00)  mpc_ok=100%  solve=52.5ms
2026-04-28T10:58:25  [INFO   ]  [T002/SC3/warehouse_loop] 55.2s/180s  pos=(-2.38,-8.43)  dist=12.39m  cmd=(0.26,-0.01)  mpc_ok=100%  solve=52.0ms
2026-04-28T10:58:30  [INFO   ]  [T002/SC3/warehouse_loop] 60.2s/180s  pos=(-2.07,-8.43)  dist=12.08m  cmd=(0.31,0.00)  mpc_ok=100%  solve=51.8ms
2026-04-28T10:58:35  [INFO   ]  [T002/SC3/warehouse_loop] 65.2s/180s  pos=(-1.76,-8.46)  dist=11.77m  cmd=(0.32,0.01)  mpc_ok=100%  solve=39.7ms
2026-04-28T10:58:40  [INFO   ]  [T002/SC3/warehouse_loop] 70.3s/180s  pos=(-1.35,-8.45)  dist=11.36m  cmd=(0.26,-0.02)  mpc_ok=100%  solve=51.4ms
2026-04-28T10:58:45  [INFO   ]  [T002/SC3/warehouse_loop] 75.3s/180s  pos=(-0.90,-8.47)  dist=10.91m  cmd=(0.23,-0.00)  mpc_ok=100%  solve=47.3ms
2026-04-28T10:58:50  [INFO   ]  [T002/SC3/warehouse_loop] 80.3s/180s  pos=(-0.57,-8.50)  dist=10.58m  cmd=(0.33,0.00)  mpc_ok=100%  solve=41.6ms
2026-04-28T10:58:55  [INFO   ]  [T002/SC3/warehouse_loop] 85.3s/180s  pos=(-0.09,-8.51)  dist=10.11m  cmd=(0.25,0.01)  mpc_ok=100%  solve=33.9ms
2026-04-28T10:59:00  [INFO   ]  [T002/SC3/warehouse_loop] 90.3s/180s  pos=(0.38,-8.53)  dist=9.63m  cmd=(0.16,-0.00)  mpc_ok=100%  solve=45.0ms
2026-04-28T10:59:05  [INFO   ]  [T002/SC3/warehouse_loop] 95.3s/180s  pos=(0.67,-8.56)  dist=9.34m  cmd=(0.24,0.00)  mpc_ok=100%  solve=39.2ms
2026-04-28T10:59:10  [INFO   ]  [T002/SC3/warehouse_loop] 100.3s/180s  pos=(1.18,-8.58)  dist=8.84m  cmd=(0.13,0.00)  mpc_ok=100%  solve=47.1ms
2026-04-28T10:59:15  [INFO   ]  [T002/SC3/warehouse_loop] 105.4s/180s  pos=(1.63,-8.59)  dist=8.39m  cmd=(0.25,-0.01)  mpc_ok=100%  solve=55.3ms
2026-04-28T10:59:20  [INFO   ]  [T002/SC3/warehouse_loop] 110.4s/180s  pos=(1.96,-8.59)  dist=8.07m  cmd=(0.36,-0.01)  mpc_ok=100%  solve=35.1ms
2026-04-28T10:59:25  [INFO   ]  [T002/SC3/warehouse_loop] 115.4s/180s  pos=(2.55,-8.60)  dist=7.47m  cmd=(0.19,0.00)  mpc_ok=100%  solve=43.9ms
2026-04-28T10:59:30  [INFO   ]  [T002/SC3/warehouse_loop] 120.4s/180s  pos=(3.02,-8.55)  dist=7.00m  cmd=(0.12,0.00)  mpc_ok=100%  solve=38.5ms
2026-04-28T10:59:35  [INFO   ]  [T002/SC3/warehouse_loop] 125.4s/180s  pos=(3.48,-8.49)  dist=6.54m  cmd=(0.32,-0.04)  mpc_ok=100%  solve=44.0ms
2026-04-28T10:59:40  [INFO   ]  [T002/SC3/warehouse_loop] 130.5s/180s  pos=(4.05,-8.54)  dist=5.97m  cmd=(0.20,-0.05)  mpc_ok=100%  solve=41.7ms
2026-04-28T10:59:45  [INFO   ]  [T002/SC3/warehouse_loop] 135.5s/180s  pos=(4.60,-8.56)  dist=5.42m  cmd=(0.24,-0.01)  mpc_ok=100%  solve=49.7ms
2026-04-28T10:59:50  [INFO   ]  [T002/SC3/warehouse_loop] 140.5s/180s  pos=(5.06,-8.51)  dist=4.96m  cmd=(0.31,0.01)  mpc_ok=100%  solve=29.6ms
2026-04-28T10:59:55  [INFO   ]  [T002/SC3/warehouse_loop] 145.5s/180s  pos=(5.61,-8.46)  dist=4.42m  cmd=(0.32,-0.03)  mpc_ok=100%  solve=41.9ms
2026-04-28T11:00:00  [INFO   ]  [T002/SC3/warehouse_loop] 150.5s/180s  pos=(6.10,-8.49)  dist=3.93m  cmd=(0.25,-0.00)  mpc_ok=100%  solve=39.5ms
2026-04-28T11:00:05  [INFO   ]  [T002/SC3/warehouse_loop] 155.6s/180s  pos=(6.38,-8.50)  dist=3.66m  cmd=(0.26,-0.02)  mpc_ok=100%  solve=37.5ms
2026-04-28T11:00:10  [INFO   ]  [T002/SC3/warehouse_loop] 160.6s/180s  pos=(6.80,-8.45)  dist=3.23m  cmd=(0.30,0.01)  mpc_ok=100%  solve=43.5ms
2026-04-28T11:00:15  [INFO   ]  [T002/SC3/warehouse_loop] 165.6s/180s  pos=(7.46,-8.39)  dist=2.57m  cmd=(0.23,-0.01)  mpc_ok=100%  solve=53.8ms
2026-04-28T11:00:20  [INFO   ]  [T002/SC3/warehouse_loop] 170.7s/180s  pos=(7.83,-8.40)  dist=2.21m  cmd=(0.06,-0.03)  mpc_ok=100%  solve=59.9ms
2026-04-28T11:00:25  [INFO   ]  [T002/SC3/warehouse_loop] 175.7s/180s  pos=(8.22,-8.43)  dist=1.83m  cmd=(0.10,-0.02)  mpc_ok=100%  solve=38.5ms
2026-04-28T11:00:30  [INFO   ]  [T002/SC3/warehouse_loop] nav done — goals 0/4 (0%)  elapsed=180s  failure=None
2026-04-28T11:00:31  [DEBUG  ]  RosbagRecorder stopped  pid=25309
2026-04-28T11:00:31  [INFO   ]    → sc=warehouse_loop  goals=0%  score=0.312  weighted=0.0780  running=0.1479  dist=24.81  obs=0.999  scans=1593
2026-04-28T11:00:31  [INFO   ]  ── Scenario 4/6: warehouse_cross_aisle  (3 goals)  weight=0.20 ──
2026-04-28T11:00:31  [INFO   ]  [T002/SC4/warehouse_cross_aisle] starting
2026-04-28T11:00:31  [INFO   ]    [sim] reusing Gazebo for world=warehouse.world  — resetting robot pose
2026-04-28T11:00:36  [DEBUG  ]    [sim] reset strategy 'gazebo/set_entity_state' timed out (5s) — trying next
2026-04-28T11:00:41  [DEBUG  ]    [sim] reset strategy '/reset_robot_pose service' timed out (5s) — trying next
2026-04-28T11:00:42  [DEBUG  ]    [sim] reset strategy '/initialpose topic' returned 1 — trying next
2026-04-28T11:00:42  [WARNING]    [sim] all robot-reset strategies failed for scenario 'warehouse_cross_aisle'  pos=(-4.00, 8.00) — continuing without reset
2026-04-28T11:00:42  [DEBUG  ]  RosbagRecorder started  pid=26021  dir=/media/lorenzo/writable/Go2_navigation/tuning_results/trial_002/scenario_warehouse_cross_aisle/rosbag
2026-04-28T11:00:42  [INFO   ]  [T002/SC4/warehouse_cross_aisle] waiting 10s for Gazebo bridge…
2026-04-28T11:00:52  [INFO   ]  [T002/SC4/warehouse_cross_aisle] spawning obstacles…
2026-04-28T11:01:17  [INFO   ]  [T002/SC4/warehouse_cross_aisle] waiting 20s for planner…
2026-04-28T11:01:27  [DEBUG  ]  [T002/SC4/warehouse_cross_aisle] heartbeat — 10s remaining
2026-04-28T11:01:37  [INFO   ]  [T002/SC4/warehouse_cross_aisle] nav started — 3 goal(s), timeout=150s
2026-04-28T11:01:37  [INFO   ]  [T002/SC4/warehouse_cross_aisle] 0.0s/150s  waiting for pose…
2026-04-28T11:01:37  [DEBUG  ]  [T002/SC4/warehouse_cross_aisle] initial_dist set from first pose: 16.03m  pos=(9.76,-8.22)
2026-04-28T11:01:42  [INFO   ]  [T002/SC4/warehouse_cross_aisle] 5.0s/150s  pos=(9.76,-8.24)  dist=16.04m  cmd=(0.00,-0.00)  mpc_ok=100%  solve=42.5ms
2026-04-28T11:01:47  [INFO   ]  [T002/SC4/warehouse_cross_aisle] 10.1s/150s  pos=(9.76,-8.24)  dist=16.04m  cmd=(0.00,-0.00)  mpc_ok=100%  solve=49.7ms
2026-04-28T11:01:52  [INFO   ]  [T002/SC4/warehouse_cross_aisle] 15.1s/150s  pos=(9.76,-8.24)  dist=16.04m  cmd=(0.00,-0.00)  mpc_ok=100%  solve=46.1ms
2026-04-28T11:01:57  [INFO   ]  [T002/SC4/warehouse_cross_aisle] 20.1s/150s  pos=(9.76,-8.24)  dist=16.04m  cmd=(0.00,-0.00)  mpc_ok=100%  solve=46.4ms
2026-04-28T11:02:02  [INFO   ]  [T002/SC4/warehouse_cross_aisle] 25.1s/150s  pos=(9.76,-8.24)  dist=16.04m  cmd=(0.00,-0.00)  mpc_ok=100%  solve=42.2ms
2026-04-28T11:02:07  [WARNING]  [T002/SC4/warehouse_cross_aisle] early termination — insufficient progress over 30s (Δ=-0.001 < 0.02)
2026-04-28T11:02:07  [INFO   ]  [T002/SC4/warehouse_cross_aisle] nav done — goals 0/3 (0%)  elapsed=30s  failure=early_term: insufficient progress over 30s (Δ=-0.001 < 0.02)
2026-04-28T11:02:07  [DEBUG  ]  RosbagRecorder stopped  pid=26021
2026-04-28T11:02:07  [INFO   ]    → sc=warehouse_cross_aisle  goals=0%  score=0.330  weighted=0.0660  running=0.2139  dist=5.77  obs=1.000  scans=271
2026-04-28T11:02:07  [INFO   ]  ── Scenario 5/6: office_traverse  (3 goals)  weight=0.20 ──
2026-04-28T11:02:07  [INFO   ]  [T002/SC5/office_traverse] starting
2026-04-28T11:02:07  [DEBUG  ]  Sending SIGTERM to sim_launch  pgid=24832
2026-04-28T11:02:07  [DEBUG  ]  sim_launch exited cleanly
2026-04-28T11:02:15  [DEBUG  ]    [sim] killed
2026-04-28T11:02:26  [INFO   ]    [sim] launched  pid=26313  world=indoor_office.world
2026-04-28T11:02:26  [DEBUG  ]  RosbagRecorder started  pid=26790  dir=/media/lorenzo/writable/Go2_navigation/tuning_results/trial_002/scenario_office_traverse/rosbag
2026-04-28T11:02:26  [INFO   ]  [T002/SC5/office_traverse] waiting 10s for Gazebo bridge…
2026-04-28T11:02:36  [INFO   ]  [T002/SC5/office_traverse] spawning obstacles…
2026-04-28T11:03:00  [INFO   ]  [T002/SC5/office_traverse] waiting 20s for planner…
2026-04-28T11:03:10  [DEBUG  ]  [T002/SC5/office_traverse] heartbeat — 10s remaining
2026-04-28T11:03:20  [INFO   ]  [T002/SC5/office_traverse] nav started — 3 goal(s), timeout=150s
2026-04-28T11:03:20  [DEBUG  ]  [T002/SC5/office_traverse] initial_dist set from first pose: 4.15m  pos=(3.31,-4.09)
2026-04-28T11:03:20  [INFO   ]  [T002/SC5/office_traverse] 0.0s/150s  pos=(3.31,-4.09)  dist=4.15m  cmd=(0.00,0.00)  mpc_ok=nan%  solve=nanms
2026-04-28T11:03:25  [INFO   ]  [T002/SC5/office_traverse] 5.0s/150s  pos=(3.15,-3.24)  dist=3.35m  cmd=(0.80,-0.30)  mpc_ok=100%  solve=176.8ms
2026-04-28T11:03:30  [INFO   ]  [T002/SC5/office_traverse] 10.0s/150s  pos=(3.60,-2.18)  dist=2.21m  cmd=(-0.13,0.11)  mpc_ok=100%  solve=35.3ms
2026-04-28T11:03:35  [INFO   ]  [T002/SC5/office_traverse] 15.1s/150s  pos=(3.08,-2.94)  dist=3.08m  cmd=(0.80,-0.08)  mpc_ok=100%  solve=40.8ms
2026-04-28T11:03:40  [INFO   ]  [T002/SC5/office_traverse] 20.1s/150s  pos=(2.74,-2.67)  dist=2.95m  cmd=(0.80,-0.00)  mpc_ok=100%  solve=103.2ms
2026-04-28T11:03:45  [INFO   ]  [T002/SC5/office_traverse] 25.1s/150s  pos=(2.65,-1.69)  dist=2.16m  cmd=(0.35,-0.30)  mpc_ok=100%  solve=47.0ms
2026-04-28T11:03:50  [INFO   ]  [T002/SC5/office_traverse] 30.2s/150s  pos=(3.47,-1.60)  dist=1.68m  cmd=(0.32,-0.30)  mpc_ok=100%  solve=42.7ms
2026-04-28T11:03:55  [INFO   ]  [T002/SC5/office_traverse] 35.2s/150s  pos=(3.45,-2.21)  dist=2.28m  cmd=(0.44,0.30)  mpc_ok=100%  solve=87.8ms
2026-04-28T11:03:57  [WARNING]  [T002/SC5/office_traverse] early termination — insufficient progress over 30s (Δ=0.016 < 0.02)
2026-04-28T11:03:57  [INFO   ]  [T002/SC5/office_traverse] nav done — goals 0/3 (0%)  elapsed=37s  failure=early_term: insufficient progress over 30s (Δ=0.016 < 0.02)
2026-04-28T11:03:58  [DEBUG  ]  RosbagRecorder stopped  pid=26790
2026-04-28T11:03:58  [INFO   ]    → sc=office_traverse  goals=0%  score=0.353  weighted=0.0707  running=0.2846  dist=8.59  obs=0.997  scans=297
2026-04-28T11:03:58  [INFO   ]  ── Scenario 6/6: office_corridor  (3 goals)  weight=0.15 ──
2026-04-28T11:03:58  [INFO   ]  [T002/SC6/office_corridor] starting
2026-04-28T11:03:58  [INFO   ]    [sim] reusing Gazebo for world=indoor_office.world  — resetting robot pose
2026-04-28T11:04:03  [DEBUG  ]    [sim] reset strategy 'gazebo/set_entity_state' timed out (5s) — trying next
2026-04-28T11:04:08  [DEBUG  ]    [sim] reset strategy '/reset_robot_pose service' timed out (5s) — trying next
2026-04-28T11:04:09  [DEBUG  ]    [sim] reset strategy '/initialpose topic' returned 1 — trying next
2026-04-28T11:04:09  [WARNING]    [sim] all robot-reset strategies failed for scenario 'office_corridor'  pos=(-4.00, -6.00) — continuing without reset
2026-04-28T11:04:09  [DEBUG  ]  RosbagRecorder started  pid=27440  dir=/media/lorenzo/writable/Go2_navigation/tuning_results/trial_002/scenario_office_corridor/rosbag
2026-04-28T11:04:09  [INFO   ]  [T002/SC6/office_corridor] waiting 10s for Gazebo bridge…
2026-04-28T11:04:19  [INFO   ]  [T002/SC6/office_corridor] spawning obstacles…
2026-04-28T11:04:44  [INFO   ]  [T002/SC6/office_corridor] waiting 20s for planner…
2026-04-28T11:04:54  [DEBUG  ]  [T002/SC6/office_corridor] heartbeat — 10s remaining
2026-04-28T11:05:04  [INFO   ]  [T002/SC6/office_corridor] nav started — 3 goal(s), timeout=150s
2026-04-28T11:05:04  [DEBUG  ]  [T002/SC6/office_corridor] initial_dist set from first pose: 7.87m  pos=(3.87,0.04)
2026-04-28T11:05:04  [INFO   ]  [T002/SC6/office_corridor] 0.0s/150s  pos=(3.87,0.04)  dist=7.87m  cmd=(0.00,0.00)  mpc_ok=nan%  solve=nanms
2026-04-28T11:05:09  [INFO   ]  [T002/SC6/office_corridor] 5.0s/150s  pos=(3.87,0.04)  dist=7.87m  cmd=(-0.00,-0.00)  mpc_ok=100%  solve=51.4ms
2026-04-28T11:05:14  [INFO   ]  [T002/SC6/office_corridor] 10.1s/150s  pos=(3.87,0.04)  dist=7.87m  cmd=(-0.00,-0.00)  mpc_ok=100%  solve=40.8ms
2026-04-28T11:05:19  [INFO   ]  [T002/SC6/office_corridor] 15.1s/150s  pos=(3.87,0.04)  dist=7.87m  cmd=(-0.00,-0.00)  mpc_ok=100%  solve=44.4ms
2026-04-28T11:05:24  [INFO   ]  [T002/SC6/office_corridor] 20.1s/150s  pos=(3.87,0.04)  dist=7.87m  cmd=(-0.00,-0.00)  mpc_ok=100%  solve=48.6ms
2026-04-28T11:05:29  [INFO   ]  [T002/SC6/office_corridor] 25.1s/150s  pos=(3.87,0.04)  dist=7.87m  cmd=(-0.00,-0.00)  mpc_ok=100%  solve=47.1ms
2026-04-28T11:05:34  [WARNING]  [T002/SC6/office_corridor] early termination — insufficient progress over 30s (Δ=0.000 < 0.02)
2026-04-28T11:05:34  [INFO   ]  [T002/SC6/office_corridor] nav done — goals 0/3 (0%)  elapsed=30s  failure=early_term: insufficient progress over 30s (Δ=0.000 < 0.02)
2026-04-28T11:05:35  [DEBUG  ]  RosbagRecorder stopped  pid=27440
2026-04-28T11:05:35  [INFO   ]    → sc=office_corridor  goals=0%  score=0.330  weighted=0.0495  running=0.3341  dist=3.47  obs=1.000  scans=247
2026-04-28T11:05:35  [DEBUG  ]  Sending SIGTERM to sim_launch  pgid=26313
2026-04-28T11:05:35  [DEBUG  ]  sim_launch exited cleanly
2026-04-28T11:05:43  [DEBUG  ]    [sim] killed
2026-04-28T11:05:43  [INFO   ]  [GP] fitting on 2 observations…
2026-04-28T11:05:43  [INFO   ]  [GP] skipped — need at least 10 observations
2026-04-28T11:05:43  [INFO   ]  [trial 002/50]  aggregate=0.3341  best=0.3376(t001)  elapsed=13.5min  GP=waiting(need at least 10 observations)
2026-04-28T11:05:43  [INFO   ]  ============================================================
2026-04-28T11:05:43  [INFO   ]  Trial 003/50  [RANDOM INIT]  2026-04-28T11:05:43  ETA ~595min
2026-04-28T11:05:43  [INFO   ]  Params: {'grid_std': '0.224', 'mpc_Q_terminal': '180.364', 'mpc_Q_x': '120.731', 'mpc_Q_y': '327.947', 'mpc_Q_yaw': '1.198', 'mpc_W_obs_sigmoid': '101.437'}
2026-04-28T11:05:43  [INFO   ]  ============================================================
2026-04-28T11:05:43  [INFO   ]  ── Scenario 1/6: open_square  (3 goals)  weight=0.10 ──
2026-04-28T11:05:43  [INFO   ]  [T003/SC1/open_square] starting
2026-04-28T11:05:53  [INFO   ]    [sim] launched  pid=27751  world=default.sdf
2026-04-28T11:05:53  [DEBUG  ]  RosbagRecorder started  pid=28229  dir=/media/lorenzo/writable/Go2_navigation/tuning_results/trial_003/scenario_open_square/rosbag
2026-04-28T11:05:53  [INFO   ]  [T003/SC1/open_square] waiting 10s for Gazebo bridge…
2026-04-28T11:06:03  [INFO   ]  [T003/SC1/open_square] spawning obstacles…
2026-04-28T11:06:27  [INFO   ]  [T003/SC1/open_square] waiting 20s for planner…
2026-04-28T11:06:37  [DEBUG  ]  [T003/SC1/open_square] heartbeat — 10s remaining
2026-04-28T11:06:47  [INFO   ]  [T003/SC1/open_square] nav started — 3 goal(s), timeout=300s
2026-04-28T11:06:47  [DEBUG  ]  [T003/SC1/open_square] initial_dist set from first pose: 3.33m  pos=(2.74,-0.70)
2026-04-28T11:06:47  [INFO   ]  [T003/SC1/open_square] 0.0s/300s  pos=(2.74,-0.70)  dist=3.33m  cmd=(0.00,0.00)  mpc_ok=nan%  solve=nanms
2026-04-28T11:06:52  [INFO   ]  [T003/SC1/open_square] 5.0s/300s  pos=(3.41,-1.41)  dist=2.95m  cmd=(0.80,-0.17)  mpc_ok=100%  solve=72.9ms
2026-04-28T11:06:57  [INFO   ]  [T003/SC1/open_square] 10.0s/300s  pos=(3.89,-1.26)  dist=2.46m  cmd=(0.80,-0.22)  mpc_ok=100%  solve=42.3ms
2026-04-28T11:07:02  [INFO   ]  [T003/SC1/open_square] 15.0s/300s  pos=(4.50,-1.34)  dist=2.01m  cmd=(0.80,0.06)  mpc_ok=100%  solve=78.4ms
2026-04-28T11:07:07  [INFO   ]  [T003/SC1/open_square] 20.0s/300s  pos=(5.30,-1.55)  dist=1.70m  cmd=(0.78,0.01)  mpc_ok=100%  solve=36.6ms
2026-04-28T11:07:12  [INFO   ]  [T003/SC1/open_square] 25.0s/300s  pos=(5.79,-1.30)  dist=1.32m  cmd=(0.57,-0.22)  mpc_ok=100%  solve=29.7ms
2026-04-28T11:07:17  [INFO   ]  [T003/SC1/open_square] 30.1s/300s  pos=(6.01,-0.87)  dist=0.87m  cmd=(0.32,-0.30)  mpc_ok=100%  solve=43.7ms
2026-04-28T11:07:22  [INFO   ]  [T003/SC1/open_square] 35.1s/300s  pos=(6.40,-0.62)  dist=0.74m  cmd=(0.34,0.30)  mpc_ok=100%  solve=30.9ms
2026-04-28T11:07:23  [INFO   ]  [T003/SC1/open_square] goal 1/3 reached  pos=(6.23,-0.42)  elapsed=36s
2026-04-28T11:07:27  [INFO   ]  [T003/SC1/open_square] 40.1s/300s  pos=(6.38,0.06)  dist=5.95m  cmd=(0.80,0.05)  mpc_ok=100%  solve=20.5ms
2026-04-28T11:07:32  [INFO   ]  [T003/SC1/open_square] 45.1s/300s  pos=(6.61,0.47)  dist=5.56m  cmd=(0.80,0.22)  mpc_ok=100%  solve=35.1ms
2026-04-28T11:07:37  [INFO   ]  [T003/SC1/open_square] 50.1s/300s  pos=(6.65,0.99)  dist=5.06m  cmd=(0.80,0.18)  mpc_ok=100%  solve=25.5ms
2026-04-28T11:07:42  [INFO   ]  [T003/SC1/open_square] 55.1s/300s  pos=(6.59,1.85)  dist=4.20m  cmd=(0.80,-0.02)  mpc_ok=100%  solve=28.7ms
2026-04-28T11:07:47  [INFO   ]  [T003/SC1/open_square] 60.1s/300s  pos=(6.34,2.17)  dist=3.85m  cmd=(0.80,-0.04)  mpc_ok=100%  solve=50.8ms
2026-04-28T11:07:52  [INFO   ]  [T003/SC1/open_square] 65.2s/300s  pos=(6.43,2.92)  dist=3.11m  cmd=(0.80,-0.10)  mpc_ok=100%  solve=25.3ms
2026-04-28T11:07:57  [INFO   ]  [T003/SC1/open_square] 70.2s/300s  pos=(6.45,3.13)  dist=2.90m  cmd=(0.80,-0.01)  mpc_ok=100%  solve=22.6ms
2026-04-28T11:08:02  [INFO   ]  [T003/SC1/open_square] 75.2s/300s  pos=(6.32,3.48)  dist=2.55m  cmd=(0.80,-0.11)  mpc_ok=100%  solve=26.4ms
2026-04-28T11:08:07  [INFO   ]  [T003/SC1/open_square] 80.2s/300s  pos=(6.19,4.42)  dist=1.59m  cmd=(0.73,-0.26)  mpc_ok=100%  solve=41.7ms
2026-04-28T11:08:12  [INFO   ]  [T003/SC1/open_square] 85.2s/300s  pos=(6.23,5.07)  dist=0.95m  cmd=(0.53,-0.08)  mpc_ok=100%  solve=32.9ms
2026-04-28T11:08:16  [INFO   ]  [T003/SC1/open_square] goal 2/3 reached  pos=(6.19,5.54)  elapsed=89s
2026-04-28T11:08:17  [INFO   ]  [T003/SC1/open_square] 90.2s/300s  pos=(6.18,5.57)  dist=6.19m  cmd=(0.33,0.00)  mpc_ok=100%  solve=39.9ms
2026-04-28T11:08:22  [INFO   ]  [T003/SC1/open_square] 95.3s/300s  pos=(5.88,5.83)  dist=5.88m  cmd=(0.00,0.00)  mpc_ok=100%  solve=34.0ms
2026-04-28T11:08:27  [INFO   ]  [T003/SC1/open_square] 100.3s/300s  pos=(6.01,5.76)  dist=6.01m  cmd=(0.00,0.00)  mpc_ok=100%  solve=33.1ms
2026-04-28T11:08:32  [INFO   ]  [T003/SC1/open_square] 105.3s/300s  pos=(6.10,5.72)  dist=6.10m  cmd=(0.12,-0.08)  mpc_ok=100%  solve=53.1ms
2026-04-28T11:08:37  [INFO   ]  [T003/SC1/open_square] 110.3s/300s  pos=(6.06,5.82)  dist=6.07m  cmd=(0.12,-0.00)  mpc_ok=100%  solve=43.9ms
2026-04-28T11:08:42  [INFO   ]  [T003/SC1/open_square] 115.3s/300s  pos=(6.07,5.80)  dist=6.07m  cmd=(0.02,-0.01)  mpc_ok=100%  solve=44.2ms
2026-04-28T11:08:45  [WARNING]  [T003/SC1/open_square] early termination — insufficient progress over 30s (Δ=0.019 < 0.02)
2026-04-28T11:08:45  [INFO   ]  [T003/SC1/open_square] nav done — goals 2/3 (67%)  elapsed=118s  failure=early_term: insufficient progress over 30s (Δ=0.019 < 0.02)
2026-04-28T11:08:47  [DEBUG  ]  RosbagRecorder stopped  pid=28229
2026-04-28T11:08:47  [INFO   ]    → sc=open_square  goals=67%  score=0.428  weighted=0.0428  running=0.0428  dist=6.10  obs=0.999  scans=463
2026-04-28T11:08:47  [INFO   ]  ── Scenario 2/6: open_zigzag  (3 goals)  weight=0.10 ──
2026-04-28T11:08:47  [INFO   ]  [T003/SC2/open_zigzag] starting
2026-04-28T11:08:47  [INFO   ]    [sim] reusing Gazebo for world=default.sdf  — resetting robot pose
2026-04-28T11:08:52  [DEBUG  ]    [sim] reset strategy 'gazebo/set_entity_state' timed out (5s) — trying next
2026-04-28T11:08:57  [DEBUG  ]    [sim] reset strategy '/reset_robot_pose service' timed out (5s) — trying next
2026-04-28T11:08:58  [DEBUG  ]    [sim] reset strategy '/initialpose topic' returned 1 — trying next
2026-04-28T11:08:58  [WARNING]    [sim] all robot-reset strategies failed for scenario 'open_zigzag'  pos=(0.00, 0.00) — continuing without reset
2026-04-28T11:08:58  [DEBUG  ]  RosbagRecorder started  pid=28880  dir=/media/lorenzo/writable/Go2_navigation/tuning_results/trial_003/scenario_open_zigzag/rosbag
2026-04-28T11:08:58  [INFO   ]  [T003/SC2/open_zigzag] waiting 10s for Gazebo bridge…
2026-04-28T11:09:08  [INFO   ]  [T003/SC2/open_zigzag] spawning obstacles…
2026-04-28T11:09:32  [INFO   ]  [T003/SC2/open_zigzag] waiting 20s for planner…
2026-04-28T11:09:42  [DEBUG  ]  [T003/SC2/open_zigzag] heartbeat — 10s remaining
2026-04-28T11:09:52  [INFO   ]  [T003/SC2/open_zigzag] nav started — 3 goal(s), timeout=300s
2026-04-28T11:09:52  [INFO   ]  [T003/SC2/open_zigzag] 0.0s/300s  waiting for pose…
2026-04-28T11:09:52  [DEBUG  ]  [T003/SC2/open_zigzag] initial_dist set from first pose: 10.06m  pos=(6.02,5.82)
2026-04-28T11:09:57  [INFO   ]  [T003/SC2/open_zigzag] 5.0s/300s  pos=(6.02,5.83)  dist=10.06m  cmd=(0.00,-0.00)  mpc_ok=100%  solve=37.0ms
2026-04-28T11:10:02  [INFO   ]  [T003/SC2/open_zigzag] 10.0s/300s  pos=(6.15,5.81)  dist=10.19m  cmd=(0.18,-0.04)  mpc_ok=100%  solve=40.7ms
2026-04-28T11:10:07  [INFO   ]  [T003/SC2/open_zigzag] 15.0s/300s  pos=(6.03,5.85)  dist=10.07m  cmd=(0.00,-0.00)  mpc_ok=100%  solve=36.7ms
2026-04-28T11:10:12  [INFO   ]  [T003/SC2/open_zigzag] 20.0s/300s  pos=(6.03,5.85)  dist=10.07m  cmd=(0.00,-0.00)  mpc_ok=100%  solve=34.3ms
2026-04-28T11:10:17  [INFO   ]  [T003/SC2/open_zigzag] 25.0s/300s  pos=(6.03,5.85)  dist=10.07m  cmd=(0.00,-0.00)  mpc_ok=100%  solve=38.0ms
2026-04-28T11:10:22  [WARNING]  [T003/SC2/open_zigzag] early termination — insufficient progress over 30s (Δ=-0.001 < 0.02)
2026-04-28T11:10:22  [INFO   ]  [T003/SC2/open_zigzag] nav done — goals 0/3 (0%)  elapsed=30s  failure=early_term: insufficient progress over 30s (Δ=-0.001 < 0.02)
2026-04-28T11:10:23  [DEBUG  ]  RosbagRecorder stopped  pid=28880
2026-04-28T11:10:23  [INFO   ]    → sc=open_zigzag  goals=0%  score=0.329  weighted=0.0329  running=0.0757  dist=7.32  obs=0.991  scans=129
2026-04-28T11:10:23  [INFO   ]  ── Scenario 3/6: warehouse_loop  (4 goals)  weight=0.25 ──
2026-04-28T11:10:23  [INFO   ]  [T003/SC3/warehouse_loop] starting
2026-04-28T11:10:23  [DEBUG  ]  Sending SIGTERM to sim_launch  pgid=27751
2026-04-28T11:10:23  [DEBUG  ]  sim_launch exited cleanly
2026-04-28T11:10:31  [DEBUG  ]    [sim] killed
2026-04-28T11:10:41  [INFO   ]    [sim] launched  pid=29172  world=warehouse.world
2026-04-28T11:10:41  [DEBUG  ]  RosbagRecorder started  pid=29649  dir=/media/lorenzo/writable/Go2_navigation/tuning_results/trial_003/scenario_warehouse_loop/rosbag
2026-04-28T11:10:41  [INFO   ]  [T003/SC3/warehouse_loop] waiting 10s for Gazebo bridge…
2026-04-28T11:10:51  [INFO   ]  [T003/SC3/warehouse_loop] spawning obstacles…
2026-04-28T11:11:21  [INFO   ]  [T003/SC3/warehouse_loop] waiting 20s for planner…
2026-04-28T11:11:31  [DEBUG  ]  [T003/SC3/warehouse_loop] heartbeat — 10s remaining
2026-04-28T11:11:41  [INFO   ]  [T003/SC3/warehouse_loop] nav started — 4 goal(s), timeout=180s
2026-04-28T11:11:41  [INFO   ]  [T003/SC3/warehouse_loop] 0.0s/180s  waiting for pose…
2026-04-28T11:11:41  [DEBUG  ]  [T003/SC3/warehouse_loop] initial_dist set from first pose: 16.19m  pos=(-6.19,-8.25)
2026-04-28T11:11:46  [INFO   ]  [T003/SC3/warehouse_loop] 5.0s/180s  pos=(-5.73,-8.24)  dist=15.74m  cmd=(0.33,0.01)  mpc_ok=100%  solve=18.9ms
2026-04-28T11:11:51  [INFO   ]  [T003/SC3/warehouse_loop] 10.1s/180s  pos=(-5.37,-8.28)  dist=15.38m  cmd=(0.69,0.05)  mpc_ok=100%  solve=28.3ms
2026-04-28T11:11:56  [INFO   ]  [T003/SC3/warehouse_loop] 15.1s/180s  pos=(-4.57,-8.27)  dist=14.58m  cmd=(0.32,0.00)  mpc_ok=100%  solve=35.1ms
2026-04-28T11:12:02  [INFO   ]  [T003/SC3/warehouse_loop] 20.1s/180s  pos=(-4.00,-8.28)  dist=14.00m  cmd=(0.36,0.00)  mpc_ok=100%  solve=28.4ms
2026-04-28T11:12:07  [INFO   ]  [T003/SC3/warehouse_loop] 25.1s/180s  pos=(-3.49,-8.28)  dist=13.49m  cmd=(0.34,0.01)  mpc_ok=100%  solve=27.5ms
2026-04-28T11:12:12  [INFO   ]  [T003/SC3/warehouse_loop] 30.1s/180s  pos=(-2.92,-8.28)  dist=12.92m  cmd=(0.03,-0.00)  mpc_ok=100%  solve=42.0ms
2026-04-28T11:12:17  [INFO   ]  [T003/SC3/warehouse_loop] 35.1s/180s  pos=(-2.49,-8.28)  dist=12.49m  cmd=(0.29,0.01)  mpc_ok=100%  solve=32.4ms
2026-04-28T11:12:22  [INFO   ]  [T003/SC3/warehouse_loop] 40.2s/180s  pos=(-2.03,-8.28)  dist=12.04m  cmd=(0.04,0.00)  mpc_ok=100%  solve=20.6ms
2026-04-28T11:12:27  [INFO   ]  [T003/SC3/warehouse_loop] 45.2s/180s  pos=(-1.62,-8.29)  dist=11.62m  cmd=(0.30,-0.01)  mpc_ok=100%  solve=27.5ms
2026-04-28T11:12:32  [INFO   ]  [T003/SC3/warehouse_loop] 50.2s/180s  pos=(-1.22,-8.28)  dist=11.22m  cmd=(0.00,0.00)  mpc_ok=100%  solve=33.0ms
2026-04-28T11:12:37  [INFO   ]  [T003/SC3/warehouse_loop] 55.2s/180s  pos=(-0.81,-8.27)  dist=10.81m  cmd=(0.32,-0.00)  mpc_ok=100%  solve=40.1ms
2026-04-28T11:12:42  [INFO   ]  [T003/SC3/warehouse_loop] 60.2s/180s  pos=(-0.35,-8.25)  dist=10.35m  cmd=(0.26,-0.02)  mpc_ok=100%  solve=34.3ms
2026-04-28T11:12:47  [INFO   ]  [T003/SC3/warehouse_loop] 65.3s/180s  pos=(0.06,-8.25)  dist=9.94m  cmd=(0.31,-0.03)  mpc_ok=100%  solve=23.4ms
2026-04-28T11:12:52  [INFO   ]  [T003/SC3/warehouse_loop] 70.3s/180s  pos=(0.45,-8.24)  dist=9.55m  cmd=(0.29,-0.01)  mpc_ok=100%  solve=27.1ms
2026-04-28T11:12:57  [INFO   ]  [T003/SC3/warehouse_loop] 75.3s/180s  pos=(0.89,-8.26)  dist=9.11m  cmd=(0.30,-0.01)  mpc_ok=100%  solve=26.3ms
2026-04-28T11:13:02  [INFO   ]  [T003/SC3/warehouse_loop] 80.3s/180s  pos=(1.35,-8.26)  dist=8.66m  cmd=(0.07,0.00)  mpc_ok=100%  solve=27.2ms
2026-04-28T11:13:07  [INFO   ]  [T003/SC3/warehouse_loop] 85.3s/180s  pos=(1.41,-8.28)  dist=8.59m  cmd=(0.80,-0.12)  mpc_ok=100%  solve=29.0ms
2026-04-28T11:13:12  [INFO   ]  [T003/SC3/warehouse_loop] 90.4s/180s  pos=(1.66,-8.47)  dist=8.35m  cmd=(0.80,0.28)  mpc_ok=100%  solve=31.0ms
2026-04-28T11:13:17  [INFO   ]  [T003/SC3/warehouse_loop] 95.4s/180s  pos=(2.71,-8.28)  dist=7.30m  cmd=(0.59,0.00)  mpc_ok=100%  solve=51.8ms
2026-04-28T11:13:22  [INFO   ]  [T003/SC3/warehouse_loop] 100.4s/180s  pos=(3.31,-8.31)  dist=6.70m  cmd=(0.15,-0.02)  mpc_ok=100%  solve=47.6ms
2026-04-28T11:13:27  [INFO   ]  [T003/SC3/warehouse_loop] 105.4s/180s  pos=(3.66,-8.30)  dist=6.34m  cmd=(0.43,-0.07)  mpc_ok=100%  solve=30.9ms
2026-04-28T11:13:32  [INFO   ]  [T003/SC3/warehouse_loop] 110.4s/180s  pos=(3.99,-8.32)  dist=6.01m  cmd=(0.80,-0.04)  mpc_ok=100%  solve=26.4ms
2026-04-28T11:13:37  [INFO   ]  [T003/SC3/warehouse_loop] 115.4s/180s  pos=(4.65,-8.31)  dist=5.35m  cmd=(0.80,-0.04)  mpc_ok=100%  solve=27.4ms
2026-04-28T11:13:42  [INFO   ]  [T003/SC3/warehouse_loop] 120.4s/180s  pos=(5.03,-8.33)  dist=4.98m  cmd=(0.80,-0.06)  mpc_ok=100%  solve=33.7ms
2026-04-28T11:13:47  [INFO   ]  [T003/SC3/warehouse_loop] 125.5s/180s  pos=(5.59,-8.36)  dist=4.42m  cmd=(0.80,0.11)  mpc_ok=100%  solve=21.7ms
2026-04-28T11:13:52  [INFO   ]  [T003/SC3/warehouse_loop] 130.5s/180s  pos=(6.07,-8.37)  dist=3.94m  cmd=(0.80,-0.04)  mpc_ok=100%  solve=28.4ms
2026-04-28T11:13:57  [INFO   ]  [T003/SC3/warehouse_loop] 135.5s/180s  pos=(6.71,-8.36)  dist=3.31m  cmd=(0.80,0.03)  mpc_ok=100%  solve=31.9ms
2026-04-28T11:14:02  [INFO   ]  [T003/SC3/warehouse_loop] 140.5s/180s  pos=(7.46,-8.26)  dist=2.56m  cmd=(0.80,-0.04)  mpc_ok=100%  solve=33.7ms
2026-04-28T11:14:07  [INFO   ]  [T003/SC3/warehouse_loop] 145.5s/180s  pos=(8.32,-8.24)  dist=1.70m  cmd=(0.51,0.00)  mpc_ok=100%  solve=33.2ms
2026-04-28T11:14:12  [INFO   ]  [T003/SC3/warehouse_loop] 150.6s/180s  pos=(9.00,-8.25)  dist=1.03m  cmd=(0.29,0.04)  mpc_ok=100%  solve=31.0ms
2026-04-28T11:14:17  [INFO   ]  [T003/SC3/warehouse_loop] 155.6s/180s  pos=(9.28,-8.24)  dist=0.75m  cmd=(0.30,-0.01)  mpc_ok=100%  solve=37.5ms
2026-04-28T11:14:22  [INFO   ]  [T003/SC3/warehouse_loop] 160.6s/180s  pos=(9.48,-8.23)  dist=0.57m  cmd=(0.27,0.03)  mpc_ok=100%  solve=31.0ms
2026-04-28T11:14:22  [INFO   ]  [T003/SC3/warehouse_loop] goal 1/4 reached  pos=(9.55,-8.22)  elapsed=161s
2026-04-28T11:14:27  [INFO   ]  [T003/SC3/warehouse_loop] 165.6s/180s  pos=(9.54,-8.21)  dist=8.22m  cmd=(0.00,0.00)  mpc_ok=100%  solve=47.7ms
2026-04-28T11:14:32  [INFO   ]  [T003/SC3/warehouse_loop] 170.6s/180s  pos=(9.27,-8.19)  dist=8.22m  cmd=(-0.04,0.08)  mpc_ok=100%  solve=44.2ms
2026-04-28T11:14:37  [INFO   ]  [T003/SC3/warehouse_loop] 175.6s/180s  pos=(8.67,-7.89)  dist=8.00m  cmd=(0.30,0.06)  mpc_ok=100%  solve=44.9ms
2026-04-28T11:14:41  [INFO   ]  [T003/SC3/warehouse_loop] nav done — goals 1/4 (25%)  elapsed=180s  failure=None
2026-04-28T11:14:43  [DEBUG  ]  RosbagRecorder stopped  pid=29649
2026-04-28T11:14:43  [INFO   ]    → sc=warehouse_loop  goals=25%  score=0.351  weighted=0.0877  running=0.1634  dist=23.92  obs=0.996  scans=1292
2026-04-28T11:14:43  [INFO   ]  ── Scenario 4/6: warehouse_cross_aisle  (3 goals)  weight=0.20 ──
2026-04-28T11:14:43  [INFO   ]  [T003/SC4/warehouse_cross_aisle] starting
2026-04-28T11:14:43  [INFO   ]    [sim] reusing Gazebo for world=warehouse.world  — resetting robot pose
2026-04-28T11:14:48  [DEBUG  ]    [sim] reset strategy 'gazebo/set_entity_state' timed out (5s) — trying next
2026-04-28T11:14:53  [DEBUG  ]    [sim] reset strategy '/reset_robot_pose service' timed out (5s) — trying next
2026-04-28T11:14:54  [DEBUG  ]    [sim] reset strategy '/initialpose topic' returned 1 — trying next
2026-04-28T11:14:54  [WARNING]    [sim] all robot-reset strategies failed for scenario 'warehouse_cross_aisle'  pos=(-4.00, 8.00) — continuing without reset
2026-04-28T11:14:54  [DEBUG  ]  RosbagRecorder started  pid=30361  dir=/media/lorenzo/writable/Go2_navigation/tuning_results/trial_003/scenario_warehouse_cross_aisle/rosbag
2026-04-28T11:14:54  [INFO   ]  [T003/SC4/warehouse_cross_aisle] waiting 10s for Gazebo bridge…
2026-04-28T11:15:04  [INFO   ]  [T003/SC4/warehouse_cross_aisle] spawning obstacles…
2026-04-28T11:15:28  [INFO   ]  [T003/SC4/warehouse_cross_aisle] waiting 20s for planner…
2026-04-28T11:15:38  [DEBUG  ]  [T003/SC4/warehouse_cross_aisle] heartbeat — 10s remaining
2026-04-28T11:15:48  [INFO   ]  [T003/SC4/warehouse_cross_aisle] nav started — 3 goal(s), timeout=150s
2026-04-28T11:15:48  [INFO   ]  [T003/SC4/warehouse_cross_aisle] 0.1s/150s  waiting for pose…
2026-04-28T11:15:48  [DEBUG  ]  [T003/SC4/warehouse_cross_aisle] initial_dist set from first pose: 12.78m  pos=(7.72,-5.08)
2026-04-28T11:15:53  [INFO   ]  [T003/SC4/warehouse_cross_aisle] 5.1s/150s  pos=(7.72,-4.41)  dist=12.52m  cmd=(0.80,0.10)  mpc_ok=100%  solve=43.0ms
2026-04-28T11:15:58  [INFO   ]  [T003/SC4/warehouse_cross_aisle] 10.1s/150s  pos=(7.89,-3.79)  dist=12.48m  cmd=(0.80,-0.00)  mpc_ok=100%  solve=31.0ms
2026-04-28T11:16:03  [INFO   ]  [T003/SC4/warehouse_cross_aisle] 15.1s/150s  pos=(8.27,-3.20)  dist=12.68m  cmd=(0.80,-0.11)  mpc_ok=100%  solve=28.7ms
2026-04-28T11:16:08  [INFO   ]  [T003/SC4/warehouse_cross_aisle] 20.1s/150s  pos=(8.37,-2.87)  dist=12.70m  cmd=(0.80,-0.08)  mpc_ok=100%  solve=43.3ms
2026-04-28T11:16:13  [INFO   ]  [T003/SC4/warehouse_cross_aisle] 25.1s/150s  pos=(8.66,-2.27)  dist=12.86m  cmd=(0.80,0.03)  mpc_ok=100%  solve=34.6ms
2026-04-28T11:16:18  [WARNING]  [T003/SC4/warehouse_cross_aisle] early termination — insufficient progress over 30s (Δ=-0.031 < 0.02)
2026-04-28T11:16:18  [INFO   ]  [T003/SC4/warehouse_cross_aisle] nav done — goals 0/3 (0%)  elapsed=30s  failure=early_term: insufficient progress over 30s (Δ=-0.031 < 0.02)
2026-04-28T11:16:19  [DEBUG  ]  RosbagRecorder stopped  pid=30361
2026-04-28T11:16:19  [INFO   ]    → sc=warehouse_cross_aisle  goals=0%  score=0.325  weighted=0.0651  running=0.2285  dist=8.17  obs=1.000  scans=244
2026-04-28T11:16:19  [INFO   ]  ── Scenario 5/6: office_traverse  (3 goals)  weight=0.20 ──
2026-04-28T11:16:19  [INFO   ]  [T003/SC5/office_traverse] starting
2026-04-28T11:16:19  [DEBUG  ]  Sending SIGTERM to sim_launch  pgid=29172
2026-04-28T11:16:19  [DEBUG  ]  sim_launch exited cleanly
2026-04-28T11:16:27  [DEBUG  ]    [sim] killed
2026-04-28T11:16:37  [INFO   ]    [sim] launched  pid=30653  world=indoor_office.world
2026-04-28T11:16:37  [DEBUG  ]  RosbagRecorder started  pid=31130  dir=/media/lorenzo/writable/Go2_navigation/tuning_results/trial_003/scenario_office_traverse/rosbag
2026-04-28T11:16:37  [INFO   ]  [T003/SC5/office_traverse] waiting 10s for Gazebo bridge…
2026-04-28T11:16:47  [INFO   ]  [T003/SC5/office_traverse] spawning obstacles…
2026-04-28T11:17:11  [INFO   ]  [T003/SC5/office_traverse] waiting 20s for planner…
2026-04-28T11:17:21  [DEBUG  ]  [T003/SC5/office_traverse] heartbeat — 10s remaining
2026-04-28T11:17:31  [INFO   ]  [T003/SC5/office_traverse] nav started — 3 goal(s), timeout=150s
2026-04-28T11:17:31  [INFO   ]  [T003/SC5/office_traverse] 0.0s/150s  waiting for pose…
2026-04-28T11:17:31  [DEBUG  ]  [T003/SC5/office_traverse] initial_dist set from first pose: 5.70m  pos=(2.58,-5.52)
2026-04-28T11:17:36  [INFO   ]  [T003/SC5/office_traverse] 5.0s/150s  pos=(3.34,-4.91)  dist=4.95m  cmd=(0.75,-0.05)  mpc_ok=100%  solve=31.1ms
2026-04-28T11:17:41  [INFO   ]  [T003/SC5/office_traverse] 10.1s/150s  pos=(3.41,-3.72)  dist=3.77m  cmd=(0.46,-0.30)  mpc_ok=100%  solve=63.3ms
2026-04-28T11:17:46  [INFO   ]  [T003/SC5/office_traverse] 15.1s/150s  pos=(3.41,-3.20)  dist=3.25m  cmd=(0.80,-0.30)  mpc_ok=100%  solve=36.6ms
2026-04-28T11:17:51  [INFO   ]  [T003/SC5/office_traverse] 20.1s/150s  pos=(3.57,-2.10)  dist=2.15m  cmd=(0.15,-0.04)  mpc_ok=100%  solve=62.8ms
2026-04-28T11:17:57  [INFO   ]  [T003/SC5/office_traverse] 25.2s/150s  pos=(2.95,-2.43)  dist=2.65m  cmd=(0.80,-0.04)  mpc_ok=100%  solve=168.7ms
2026-04-28T11:18:02  [INFO   ]  [T003/SC5/office_traverse] 30.2s/150s  pos=(2.33,-1.88)  dist=2.51m  cmd=(0.35,-0.30)  mpc_ok=100%  solve=99.2ms
2026-04-28T11:18:07  [INFO   ]  [T003/SC5/office_traverse] 35.2s/150s  pos=(3.24,-1.95)  dist=2.09m  cmd=(0.67,-0.30)  mpc_ok=100%  solve=63.2ms
2026-04-28T11:18:12  [INFO   ]  [T003/SC5/office_traverse] 40.2s/150s  pos=(4.01,-0.82)  dist=0.82m  cmd=(0.28,-0.30)  mpc_ok=100%  solve=36.0ms
2026-04-28T11:18:17  [INFO   ]  [T003/SC5/office_traverse] 45.3s/150s  pos=(4.15,-0.74)  dist=0.76m  cmd=(0.34,0.30)  mpc_ok=100%  solve=46.0ms
2026-04-28T11:18:21  [INFO   ]  [T003/SC5/office_traverse] goal 1/3 reached  pos=(3.62,-0.31)  elapsed=50s
2026-04-28T11:18:22  [INFO   ]  [T003/SC5/office_traverse] 50.3s/150s  pos=(3.69,-0.19)  dist=3.71m  cmd=(0.11,-0.21)  mpc_ok=100%  solve=25.2ms
2026-04-28T11:18:27  [INFO   ]  [T003/SC5/office_traverse] 55.3s/150s  pos=(3.61,0.28)  dist=3.24m  cmd=(0.80,0.14)  mpc_ok=100%  solve=19.3ms
2026-04-28T11:18:32  [INFO   ]  [T003/SC5/office_traverse] 60.3s/150s  pos=(3.04,1.15)  dist=2.54m  cmd=(0.80,-0.23)  mpc_ok=100%  solve=43.8ms
2026-04-28T11:18:37  [INFO   ]  [T003/SC5/office_traverse] 65.3s/150s  pos=(3.03,2.64)  dist=1.30m  cmd=(0.48,-0.20)  mpc_ok=100%  solve=91.6ms
2026-04-28T11:18:42  [INFO   ]  [T003/SC5/office_traverse] 70.3s/150s  pos=(3.11,2.98)  dist=1.03m  cmd=(0.26,0.30)  mpc_ok=100%  solve=73.5ms
2026-04-28T11:18:47  [INFO   ]  [T003/SC5/office_traverse] 75.3s/150s  pos=(2.34,3.31)  dist=1.67m  cmd=(0.80,-0.09)  mpc_ok=100%  solve=134.3ms
2026-04-28T11:18:52  [INFO   ]  [T003/SC5/office_traverse] 80.3s/150s  pos=(2.80,4.20)  dist=1.40m  cmd=(0.48,-0.30)  mpc_ok=100%  solve=84.5ms
2026-04-28T11:18:57  [INFO   ]  [T003/SC5/office_traverse] 85.3s/150s  pos=(2.84,4.21)  dist=1.36m  cmd=(-0.49,-0.13)  mpc_ok=100%  solve=55.3ms
2026-04-28T11:19:02  [INFO   ]  [T003/SC5/office_traverse] 90.3s/150s  pos=(2.47,3.36)  dist=1.54m  cmd=(0.06,0.29)  mpc_ok=100%  solve=34.0ms
2026-04-28T11:19:04  [WARNING]  [T003/SC5/office_traverse] early termination — insufficient progress over 30s (Δ=0.020 < 0.02)
2026-04-28T11:19:04  [INFO   ]  [T003/SC5/office_traverse] nav done — goals 1/3 (33%)  elapsed=93s  failure=early_term: insufficient progress over 30s (Δ=0.020 < 0.02)
2026-04-28T11:19:05  [DEBUG  ]  RosbagRecorder stopped  pid=31130
2026-04-28T11:19:05  [INFO   ]    → sc=office_traverse  goals=33%  score=0.464  weighted=0.0928  running=0.3213  dist=2.67  obs=0.997  scans=781
2026-04-28T11:19:05  [INFO   ]  ── Scenario 6/6: office_corridor  (3 goals)  weight=0.15 ──
2026-04-28T11:19:05  [INFO   ]  [T003/SC6/office_corridor] starting
2026-04-28T11:19:05  [INFO   ]    [sim] reusing Gazebo for world=indoor_office.world  — resetting robot pose
2026-04-28T11:19:10  [DEBUG  ]    [sim] reset strategy 'gazebo/set_entity_state' timed out (5s) — trying next
2026-04-28T11:19:15  [DEBUG  ]    [sim] reset strategy '/reset_robot_pose service' timed out (5s) — trying next
2026-04-28T11:19:16  [DEBUG  ]    [sim] reset strategy '/initialpose topic' returned 1 — trying next
2026-04-28T11:19:16  [WARNING]    [sim] all robot-reset strategies failed for scenario 'office_corridor'  pos=(-4.00, -6.00) — continuing without reset
2026-04-28T11:19:16  [DEBUG  ]  RosbagRecorder started  pid=31780  dir=/media/lorenzo/writable/Go2_navigation/tuning_results/trial_003/scenario_office_corridor/rosbag
2026-04-28T11:19:16  [INFO   ]  [T003/SC6/office_corridor] waiting 10s for Gazebo bridge…
2026-04-28T11:19:26  [INFO   ]  [T003/SC6/office_corridor] spawning obstacles…
2026-04-28T11:19:50  [INFO   ]  [T003/SC6/office_corridor] waiting 20s for planner…
2026-04-28T11:20:00  [DEBUG  ]  [T003/SC6/office_corridor] heartbeat — 10s remaining
2026-04-28T11:20:10  [INFO   ]  [T003/SC6/office_corridor] nav started — 3 goal(s), timeout=150s
2026-04-28T11:20:10  [INFO   ]  [T003/SC6/office_corridor] 0.0s/150s  waiting for pose…
2026-04-28T11:20:10  [DEBUG  ]  [T003/SC6/office_corridor] initial_dist set from first pose: 7.18m  pos=(2.16,3.69)
2026-04-28T11:20:15  [INFO   ]  [T003/SC6/office_corridor] 5.0s/150s  pos=(2.07,4.20)  dist=7.38m  cmd=(0.80,-0.09)  mpc_ok=100%  solve=49.0ms
2026-04-28T11:20:20  [INFO   ]  [T003/SC6/office_corridor] 10.0s/150s  pos=(2.83,4.52)  dist=8.19m  cmd=(0.41,-0.30)  mpc_ok=100%  solve=39.5ms
2026-04-28T11:20:25  [INFO   ]  [T003/SC6/office_corridor] 15.1s/150s  pos=(2.83,4.97)  dist=8.45m  cmd=(0.15,-0.30)  mpc_ok=90%  solve=144.1ms
2026-04-28T11:20:30  [INFO   ]  [T003/SC6/office_corridor] 20.1s/150s  pos=(2.86,5.23)  dist=8.63m  cmd=(0.08,-0.00)  mpc_ok=95%  solve=99.8ms
2026-04-28T11:20:35  [INFO   ]  [T003/SC6/office_corridor] 25.1s/150s  pos=(2.63,4.00)  dist=7.74m  cmd=(0.00,0.01)  mpc_ok=95%  solve=122.1ms
2026-04-28T11:20:40  [WARNING]  [T003/SC6/office_corridor] early termination — insufficient progress over 30s (Δ=-0.153 < 0.02)
2026-04-28T11:20:40  [INFO   ]  [T003/SC6/office_corridor] nav done — goals 0/3 (0%)  elapsed=30s  failure=early_term: insufficient progress over 30s (Δ=-0.153 < 0.02)
2026-04-28T11:20:41  [DEBUG  ]  RosbagRecorder stopped  pid=31780
2026-04-28T11:20:41  [INFO   ]    → sc=office_corridor  goals=0%  score=0.294  weighted=0.0441  running=0.3654  dist=1.62  obs=1.000  scans=251
2026-04-28T11:20:41  [DEBUG  ]  Sending SIGTERM to sim_launch  pgid=30653
2026-04-28T11:20:41  [DEBUG  ]  sim_launch exited cleanly
2026-04-28T11:20:49  [DEBUG  ]    [sim] killed
2026-04-28T11:20:49  [INFO   ]  [GP] fitting on 3 observations…
2026-04-28T11:20:49  [INFO   ]  [GP] skipped — need at least 10 observations
2026-04-28T11:20:49  [INFO   ]  *** NEW BEST  score=0.3654 (+0.0278)  trial=003 ***
2026-04-28T11:20:49  [INFO   ]  [trial 003/50]  aggregate=0.3654  best=0.3654(t003)  elapsed=15.1min  GP=waiting(need at least 10 observations)
2026-04-28T11:20:49  [INFO   ]  ============================================================
2026-04-28T11:20:49  [INFO   ]  Trial 004/50  [RANDOM INIT]  2026-04-28T11:20:49  ETA ~625min
2026-04-28T11:20:49  [INFO   ]  Params: {'grid_std': '0.175', 'mpc_Q_terminal': '40.697', 'mpc_Q_x': '367.007', 'mpc_Q_y': '316.604', 'mpc_Q_yaw': '3.262', 'mpc_W_obs_sigmoid': '191.322'}
2026-04-28T11:20:49  [INFO   ]  ============================================================
2026-04-28T11:20:49  [INFO   ]  ── Scenario 1/6: open_square  (3 goals)  weight=0.10 ──
2026-04-28T11:20:49  [INFO   ]  [T004/SC1/open_square] starting
2026-04-28T11:20:59  [INFO   ]    [sim] launched  pid=32091  world=default.sdf
2026-04-28T11:20:59  [DEBUG  ]  RosbagRecorder started  pid=32569  dir=/media/lorenzo/writable/Go2_navigation/tuning_results/trial_004/scenario_open_square/rosbag
2026-04-28T11:20:59  [INFO   ]  [T004/SC1/open_square] waiting 10s for Gazebo bridge…
2026-04-28T11:21:09  [INFO   ]  [T004/SC1/open_square] spawning obstacles…
2026-04-28T11:21:34  [INFO   ]  [T004/SC1/open_square] waiting 20s for planner…
2026-04-28T11:21:44  [DEBUG  ]  [T004/SC1/open_square] heartbeat — 10s remaining
2026-04-28T11:21:54  [INFO   ]  [T004/SC1/open_square] nav started — 3 goal(s), timeout=300s
2026-04-28T11:21:54  [INFO   ]  [T004/SC1/open_square] 0.1s/300s  waiting for pose…
2026-04-28T11:21:54  [DEBUG  ]  [T004/SC1/open_square] initial_dist set from first pose: 2.79m  pos=(3.75,-1.65)
2026-04-28T11:21:59  [INFO   ]  [T004/SC1/open_square] 5.1s/300s  pos=(4.55,-2.07)  dist=2.53m  cmd=(0.80,-0.17)  mpc_ok=100%  solve=60.5ms
2026-04-28T11:22:04  [INFO   ]  [T004/SC1/open_square] 10.1s/300s  pos=(5.36,-2.01)  dist=2.11m  cmd=(0.80,-0.30)  mpc_ok=100%  solve=54.6ms
2026-04-28T11:22:09  [INFO   ]  [T004/SC1/open_square] 15.1s/300s  pos=(5.87,-1.98)  dist=1.98m  cmd=(0.80,-0.30)  mpc_ok=100%  solve=44.2ms
2026-04-28T11:22:14  [INFO   ]  [T004/SC1/open_square] 20.2s/300s  pos=(6.36,-1.08)  dist=1.14m  cmd=(0.41,-0.30)  mpc_ok=100%  solve=134.7ms
2026-04-28T11:22:19  [INFO   ]  [T004/SC1/open_square] 25.2s/300s  pos=(6.70,-0.54)  dist=0.89m  cmd=(0.42,-0.09)  mpc_ok=100%  solve=54.2ms
2026-04-28T11:22:24  [INFO   ]  [T004/SC1/open_square] 30.2s/300s  pos=(6.46,-0.37)  dist=0.59m  cmd=(0.00,0.17)  mpc_ok=100%  solve=44.0ms
2026-04-28T11:22:29  [INFO   ]  [T004/SC1/open_square] 35.2s/300s  pos=(6.41,-0.38)  dist=0.56m  cmd=(0.27,-0.07)  mpc_ok=100%  solve=27.4ms
2026-04-28T11:22:32  [INFO   ]  [T004/SC1/open_square] goal 1/3 reached  pos=(6.29,-0.38)  elapsed=38s
2026-04-28T11:22:34  [INFO   ]  [T004/SC1/open_square] 40.2s/300s  pos=(6.29,-0.32)  dist=6.33m  cmd=(0.29,-0.30)  mpc_ok=100%  solve=49.7ms
2026-04-28T11:22:39  [INFO   ]  [T004/SC1/open_square] 45.2s/300s  pos=(6.57,0.47)  dist=5.56m  cmd=(0.80,-0.11)  mpc_ok=100%  solve=70.5ms
2026-04-28T11:22:44  [INFO   ]  [T004/SC1/open_square] 50.3s/300s  pos=(6.57,1.32)  dist=4.71m  cmd=(0.80,-0.06)  mpc_ok=100%  solve=24.5ms
2026-04-28T11:22:49  [INFO   ]  [T004/SC1/open_square] 55.3s/300s  pos=(6.48,1.84)  dist=4.19m  cmd=(0.80,-0.06)  mpc_ok=100%  solve=44.7ms
2026-04-28T11:22:54  [INFO   ]  [T004/SC1/open_square] 60.4s/300s  pos=(6.03,2.65)  dist=3.35m  cmd=(0.80,-0.23)  mpc_ok=100%  solve=25.0ms
2026-04-28T11:22:59  [INFO   ]  [T004/SC1/open_square] 65.4s/300s  pos=(6.03,3.25)  dist=2.75m  cmd=(0.80,-0.12)  mpc_ok=100%  solve=26.2ms
2026-04-28T11:23:04  [INFO   ]  [T004/SC1/open_square] 70.4s/300s  pos=(6.09,3.85)  dist=2.16m  cmd=(0.80,0.03)  mpc_ok=100%  solve=35.9ms
2026-04-28T11:23:09  [INFO   ]  [T004/SC1/open_square] 75.4s/300s  pos=(6.05,4.58)  dist=1.42m  cmd=(0.79,-0.03)  mpc_ok=100%  solve=36.8ms
2026-04-28T11:23:14  [INFO   ]  [T004/SC1/open_square] 80.4s/300s  pos=(6.08,5.23)  dist=0.77m  cmd=(0.45,0.03)  mpc_ok=100%  solve=39.5ms
2026-04-28T11:23:16  [INFO   ]  [T004/SC1/open_square] goal 2/3 reached  pos=(6.09,5.51)  elapsed=82s
2026-04-28T11:23:18  [WARNING]  [T004/SC1/open_square] early termination — MPC success rate 65% < 70%
2026-04-28T11:23:18  [INFO   ]  [T004/SC1/open_square] nav done — goals 2/3 (67%)  elapsed=84s  failure=early_term: MPC success rate 65% < 70%
2026-04-28T11:23:19  [DEBUG  ]  RosbagRecorder stopped  pid=32569
2026-04-28T11:23:19  [INFO   ]    → sc=open_square  goals=67%  score=0.457  weighted=0.0457  running=0.0457  dist=6.09  obs=0.999  scans=579
2026-04-28T11:23:19  [INFO   ]  ── Scenario 2/6: open_zigzag  (3 goals)  weight=0.10 ──
2026-04-28T11:23:19  [INFO   ]  [T004/SC2/open_zigzag] starting
2026-04-28T11:23:19  [INFO   ]    [sim] reusing Gazebo for world=default.sdf  — resetting robot pose
2026-04-28T11:23:24  [DEBUG  ]    [sim] reset strategy 'gazebo/set_entity_state' timed out (5s) — trying next
2026-04-28T11:23:29  [DEBUG  ]    [sim] reset strategy '/reset_robot_pose service' timed out (5s) — trying next
2026-04-28T11:23:30  [DEBUG  ]    [sim] reset strategy '/initialpose topic' returned 1 — trying next
2026-04-28T11:23:30  [WARNING]    [sim] all robot-reset strategies failed for scenario 'open_zigzag'  pos=(0.00, 0.00) — continuing without reset
2026-04-28T11:23:30  [DEBUG  ]  RosbagRecorder started  pid=33220  dir=/media/lorenzo/writable/Go2_navigation/tuning_results/trial_004/scenario_open_zigzag/rosbag
2026-04-28T11:23:30  [INFO   ]  [T004/SC2/open_zigzag] waiting 10s for Gazebo bridge…
2026-04-28T11:23:41  [INFO   ]  [T004/SC2/open_zigzag] spawning obstacles…
2026-04-28T11:24:04  [INFO   ]  [T004/SC2/open_zigzag] waiting 20s for planner…
2026-04-28T11:24:15  [DEBUG  ]  [T004/SC2/open_zigzag] heartbeat — 10s remaining
2026-04-28T11:24:25  [INFO   ]  [T004/SC2/open_zigzag] nav started — 3 goal(s), timeout=300s
2026-04-28T11:24:25  [INFO   ]  [T004/SC2/open_zigzag] 0.0s/300s  waiting for pose…
2026-04-28T11:24:25  [DEBUG  ]  [T004/SC2/open_zigzag] initial_dist set from first pose: 4.12m  pos=(0.04,5.82)
2026-04-28T11:24:30  [INFO   ]  [T004/SC2/open_zigzag] 5.0s/300s  pos=(0.02,5.85)  dist=4.11m  cmd=(0.17,-0.00)  mpc_ok=0%  solve=6.5ms
2026-04-28T11:24:35  [INFO   ]  [T004/SC2/open_zigzag] 10.0s/300s  pos=(0.15,5.82)  dist=4.23m  cmd=(0.28,0.02)  mpc_ok=0%  solve=4.7ms
2026-04-28T11:24:40  [INFO   ]  [T004/SC2/open_zigzag] 15.1s/300s  pos=(0.04,5.85)  dist=4.12m  cmd=(0.19,-0.00)  mpc_ok=0%  solve=2.3ms
2026-04-28T11:24:45  [INFO   ]  [T004/SC2/open_zigzag] 20.1s/300s  pos=(0.08,5.82)  dist=4.16m  cmd=(0.14,-0.03)  mpc_ok=0%  solve=2.1ms
2026-04-28T11:24:50  [INFO   ]  [T004/SC2/open_zigzag] 25.1s/300s  pos=(0.09,5.83)  dist=4.18m  cmd=(0.16,-0.00)  mpc_ok=0%  solve=1.7ms
2026-04-28T11:24:55  [WARNING]  [T004/SC2/open_zigzag] early termination — insufficient progress over 30s (Δ=0.004 < 0.02)
2026-04-28T11:24:55  [INFO   ]  [T004/SC2/open_zigzag] nav done — goals 0/3 (0%)  elapsed=30s  failure=early_term: insufficient progress over 30s (Δ=0.004 < 0.02)
2026-04-28T11:24:55  [DEBUG  ]  RosbagRecorder stopped  pid=33220
2026-04-28T11:24:55  [INFO   ]    → sc=open_zigzag  goals=0%  score=0.261  weighted=0.0261  running=0.0718  dist=4.16  obs=1.000  scans=175
2026-04-28T11:24:55  [INFO   ]  ── Scenario 3/6: warehouse_loop  (4 goals)  weight=0.25 ──
2026-04-28T11:24:55  [INFO   ]  [T004/SC3/warehouse_loop] starting
2026-04-28T11:24:55  [DEBUG  ]  Sending SIGTERM to sim_launch  pgid=32091
2026-04-28T11:24:55  [DEBUG  ]  sim_launch exited cleanly
2026-04-28T11:25:04  [DEBUG  ]    [sim] killed
2026-04-28T11:25:14  [INFO   ]    [sim] launched  pid=33512  world=warehouse.world
2026-04-28T11:25:14  [DEBUG  ]  RosbagRecorder started  pid=33989  dir=/media/lorenzo/writable/Go2_navigation/tuning_results/trial_004/scenario_warehouse_loop/rosbag
2026-04-28T11:25:14  [INFO   ]  [T004/SC3/warehouse_loop] waiting 10s for Gazebo bridge…
2026-04-28T11:25:24  [INFO   ]  [T004/SC3/warehouse_loop] spawning obstacles…
2026-04-28T11:25:54  [INFO   ]  [T004/SC3/warehouse_loop] waiting 20s for planner…
2026-04-28T11:26:04  [DEBUG  ]  [T004/SC3/warehouse_loop] heartbeat — 10s remaining
2026-04-28T11:26:14  [INFO   ]  [T004/SC3/warehouse_loop] nav started — 4 goal(s), timeout=180s
2026-04-28T11:26:14  [INFO   ]  [T004/SC3/warehouse_loop] 0.0s/180s  waiting for pose…
2026-04-28T11:26:14  [DEBUG  ]  [T004/SC3/warehouse_loop] initial_dist set from first pose: 15.94m  pos=(-5.94,-8.16)
2026-04-28T11:26:19  [INFO   ]  [T004/SC3/warehouse_loop] 5.0s/180s  pos=(-5.61,-8.20)  dist=15.61m  cmd=(0.27,-0.02)  mpc_ok=100%  solve=30.6ms
2026-04-28T11:26:24  [INFO   ]  [T004/SC3/warehouse_loop] 10.0s/180s  pos=(-5.01,-8.25)  dist=15.01m  cmd=(0.28,0.01)  mpc_ok=100%  solve=29.1ms
2026-04-28T11:26:29  [INFO   ]  [T004/SC3/warehouse_loop] 15.0s/180s  pos=(-4.55,-8.26)  dist=14.55m  cmd=(0.32,-0.00)  mpc_ok=100%  solve=28.7ms
2026-04-28T11:26:34  [INFO   ]  [T004/SC3/warehouse_loop] 20.0s/180s  pos=(-4.05,-8.26)  dist=14.05m  cmd=(0.30,-0.01)  mpc_ok=100%  solve=33.2ms
2026-04-28T11:26:39  [INFO   ]  [T004/SC3/warehouse_loop] 25.1s/180s  pos=(-3.53,-8.28)  dist=13.54m  cmd=(0.33,0.00)  mpc_ok=100%  solve=25.4ms
2026-04-28T11:26:44  [INFO   ]  [T004/SC3/warehouse_loop] 30.1s/180s  pos=(-2.96,-8.27)  dist=12.96m  cmd=(0.08,0.01)  mpc_ok=100%  solve=25.2ms
2026-04-28T11:26:49  [INFO   ]  [T004/SC3/warehouse_loop] 35.1s/180s  pos=(-2.50,-8.25)  dist=12.50m  cmd=(0.27,-0.01)  mpc_ok=100%  solve=25.3ms
2026-04-28T11:26:54  [INFO   ]  [T004/SC3/warehouse_loop] 40.1s/180s  pos=(-2.02,-8.27)  dist=12.02m  cmd=(0.32,0.01)  mpc_ok=100%  solve=35.0ms
2026-04-28T11:26:59  [INFO   ]  [T004/SC3/warehouse_loop] 45.1s/180s  pos=(-1.51,-8.30)  dist=11.51m  cmd=(0.28,0.00)  mpc_ok=100%  solve=24.5ms
2026-04-28T11:27:04  [INFO   ]  [T004/SC3/warehouse_loop] 50.2s/180s  pos=(-1.15,-8.31)  dist=11.16m  cmd=(0.05,0.01)  mpc_ok=100%  solve=27.6ms
2026-04-28T11:27:09  [INFO   ]  [T004/SC3/warehouse_loop] 55.2s/180s  pos=(-0.63,-8.31)  dist=10.64m  cmd=(0.27,0.02)  mpc_ok=100%  solve=23.6ms
2026-04-28T11:27:14  [INFO   ]  [T004/SC3/warehouse_loop] 60.2s/180s  pos=(-0.04,-8.31)  dist=10.05m  cmd=(0.26,-0.02)  mpc_ok=100%  solve=27.7ms
2026-04-28T11:27:19  [INFO   ]  [T004/SC3/warehouse_loop] 65.2s/180s  pos=(0.50,-8.31)  dist=9.50m  cmd=(0.24,0.00)  mpc_ok=100%  solve=28.8ms
2026-04-28T11:27:24  [INFO   ]  [T004/SC3/warehouse_loop] 70.2s/180s  pos=(0.95,-8.30)  dist=9.06m  cmd=(0.27,-0.01)  mpc_ok=100%  solve=29.2ms
2026-04-28T11:27:29  [INFO   ]  [T004/SC3/warehouse_loop] 75.2s/180s  pos=(1.44,-8.32)  dist=8.57m  cmd=(0.26,-0.03)  mpc_ok=100%  solve=45.8ms
2026-04-28T11:27:34  [INFO   ]  [T004/SC3/warehouse_loop] 80.3s/180s  pos=(1.82,-8.35)  dist=8.19m  cmd=(0.33,0.03)  mpc_ok=100%  solve=27.5ms
2026-04-28T11:27:39  [INFO   ]  [T004/SC3/warehouse_loop] 85.3s/180s  pos=(2.49,-8.36)  dist=7.52m  cmd=(0.29,-0.00)  mpc_ok=100%  solve=39.6ms
2026-04-28T11:27:44  [INFO   ]  [T004/SC3/warehouse_loop] 90.3s/180s  pos=(2.88,-8.37)  dist=7.13m  cmd=(0.26,0.00)  mpc_ok=100%  solve=26.4ms
2026-04-28T11:27:49  [INFO   ]  [T004/SC3/warehouse_loop] 95.3s/180s  pos=(3.48,-8.36)  dist=6.53m  cmd=(0.29,-0.00)  mpc_ok=100%  solve=30.6ms
2026-04-28T11:27:54  [INFO   ]  [T004/SC3/warehouse_loop] 100.3s/180s  pos=(3.88,-8.37)  dist=6.13m  cmd=(0.25,-0.00)  mpc_ok=100%  solve=27.9ms
2026-04-28T11:27:59  [INFO   ]  [T004/SC3/warehouse_loop] 105.3s/180s  pos=(4.42,-8.36)  dist=5.59m  cmd=(0.18,0.00)  mpc_ok=100%  solve=24.9ms
2026-04-28T11:28:04  [INFO   ]  [T004/SC3/warehouse_loop] 110.4s/180s  pos=(4.78,-8.35)  dist=5.23m  cmd=(0.36,-0.00)  mpc_ok=100%  solve=28.5ms
2026-04-28T11:28:09  [INFO   ]  [T004/SC3/warehouse_loop] 115.4s/180s  pos=(5.19,-8.34)  dist=4.83m  cmd=(0.40,-0.03)  mpc_ok=100%  solve=32.1ms
2026-04-28T11:28:14  [INFO   ]  [T004/SC3/warehouse_loop] 120.4s/180s  pos=(5.67,-8.36)  dist=4.34m  cmd=(0.34,-0.01)  mpc_ok=100%  solve=29.7ms
2026-04-28T11:28:19  [INFO   ]  [T004/SC3/warehouse_loop] 125.4s/180s  pos=(6.19,-8.38)  dist=3.83m  cmd=(0.16,-0.00)  mpc_ok=100%  solve=30.6ms
2026-04-28T11:28:25  [INFO   ]  [T004/SC3/warehouse_loop] 130.5s/180s  pos=(6.68,-8.40)  dist=3.35m  cmd=(0.27,0.02)  mpc_ok=100%  solve=30.0ms
2026-04-28T11:28:30  [INFO   ]  [T004/SC3/warehouse_loop] 135.5s/180s  pos=(7.08,-8.36)  dist=2.94m  cmd=(0.27,0.02)  mpc_ok=100%  solve=34.4ms
2026-04-28T11:28:35  [INFO   ]  [T004/SC3/warehouse_loop] 140.5s/180s  pos=(7.54,-8.35)  dist=2.49m  cmd=(0.15,-0.01)  mpc_ok=100%  solve=27.0ms
2026-04-28T11:28:40  [INFO   ]  [T004/SC3/warehouse_loop] 145.5s/180s  pos=(8.14,-8.36)  dist=1.89m  cmd=(0.01,-0.00)  mpc_ok=100%  solve=47.3ms
2026-04-28T11:28:45  [INFO   ]  [T004/SC3/warehouse_loop] 150.6s/180s  pos=(8.53,-8.40)  dist=1.52m  cmd=(0.28,-0.00)  mpc_ok=100%  solve=33.7ms
2026-04-28T11:28:50  [INFO   ]  [T004/SC3/warehouse_loop] 155.6s/180s  pos=(9.12,-8.38)  dist=0.96m  cmd=(0.02,-0.00)  mpc_ok=100%  solve=36.8ms
2026-04-28T11:28:55  [INFO   ]  [T004/SC3/warehouse_loop] 160.6s/180s  pos=(9.27,-8.24)  dist=0.77m  cmd=(0.32,-0.04)  mpc_ok=100%  solve=53.1ms
2026-04-28T11:29:00  [INFO   ]  [T004/SC3/warehouse_loop] 165.6s/180s  pos=(9.50,-8.26)  dist=0.56m  cmd=(0.28,0.02)  mpc_ok=100%  solve=60.8ms
2026-04-28T11:29:00  [INFO   ]  [T004/SC3/warehouse_loop] goal 1/4 reached  pos=(9.56,-8.21)  elapsed=166s
2026-04-28T11:29:05  [INFO   ]  [T004/SC3/warehouse_loop] 170.6s/180s  pos=(9.18,-8.04)  dist=8.08m  cmd=(0.25,0.20)  mpc_ok=100%  solve=65.2ms
2026-04-28T11:29:10  [INFO   ]  [T004/SC3/warehouse_loop] 175.6s/180s  pos=(8.45,-7.66)  dist=7.82m  cmd=(0.39,0.08)  mpc_ok=100%  solve=45.6ms
2026-04-28T11:29:14  [INFO   ]  [T004/SC3/warehouse_loop] nav done — goals 1/4 (25%)  elapsed=180s  failure=None
2026-04-28T11:29:15  [DEBUG  ]  RosbagRecorder stopped  pid=33989
2026-04-28T11:29:15  [INFO   ]    → sc=warehouse_loop  goals=25%  score=0.352  weighted=0.0879  running=0.1597  dist=23.34  obs=0.996  scans=1514
2026-04-28T11:29:15  [INFO   ]  ── Scenario 4/6: warehouse_cross_aisle  (3 goals)  weight=0.20 ──
2026-04-28T11:29:15  [INFO   ]  [T004/SC4/warehouse_cross_aisle] starting
2026-04-28T11:29:15  [INFO   ]    [sim] reusing Gazebo for world=warehouse.world  — resetting robot pose
2026-04-28T11:29:20  [DEBUG  ]    [sim] reset strategy 'gazebo/set_entity_state' timed out (5s) — trying next
2026-04-28T11:29:25  [DEBUG  ]    [sim] reset strategy '/reset_robot_pose service' timed out (5s) — trying next
2026-04-28T11:29:26  [DEBUG  ]    [sim] reset strategy '/initialpose topic' returned 1 — trying next
2026-04-28T11:29:26  [WARNING]    [sim] all robot-reset strategies failed for scenario 'warehouse_cross_aisle'  pos=(-4.00, 8.00) — continuing without reset
2026-04-28T11:29:26  [DEBUG  ]  RosbagRecorder started  pid=34685  dir=/media/lorenzo/writable/Go2_navigation/tuning_results/trial_004/scenario_warehouse_cross_aisle/rosbag
2026-04-28T11:29:26  [INFO   ]  [T004/SC4/warehouse_cross_aisle] waiting 10s for Gazebo bridge…
2026-04-28T11:29:36  [INFO   ]  [T004/SC4/warehouse_cross_aisle] spawning obstacles…
2026-04-28T11:30:00  [INFO   ]  [T004/SC4/warehouse_cross_aisle] waiting 20s for planner…
2026-04-28T11:30:10  [DEBUG  ]  [T004/SC4/warehouse_cross_aisle] heartbeat — 10s remaining
2026-04-28T11:30:20  [INFO   ]  [T004/SC4/warehouse_cross_aisle] nav started — 3 goal(s), timeout=150s
2026-04-28T11:30:20  [INFO   ]  [T004/SC4/warehouse_cross_aisle] 0.0s/150s  waiting for pose…
2026-04-28T11:30:20  [DEBUG  ]  [T004/SC4/warehouse_cross_aisle] initial_dist set from first pose: 13.84m  pos=(9.84,-0.17)
2026-04-28T11:30:25  [INFO   ]  [T004/SC4/warehouse_cross_aisle] 5.0s/150s  pos=(9.49,-0.98)  dist=13.52m  cmd=(-0.03,0.30)  mpc_ok=100%  solve=44.9ms
2026-04-28T11:30:30  [INFO   ]  [T004/SC4/warehouse_cross_aisle] 10.0s/150s  pos=(8.85,-1.80)  dist=12.97m  cmd=(0.80,0.18)  mpc_ok=100%  solve=31.0ms
2026-04-28T11:30:35  [INFO   ]  [T004/SC4/warehouse_cross_aisle] 15.0s/150s  pos=(8.60,-2.58)  dist=12.86m  cmd=(0.80,-0.12)  mpc_ok=100%  solve=36.3ms
2026-04-28T11:30:40  [INFO   ]  [T004/SC4/warehouse_cross_aisle] 20.0s/150s  pos=(8.17,-3.26)  dist=12.60m  cmd=(0.80,0.04)  mpc_ok=100%  solve=39.7ms
2026-04-28T11:30:45  [INFO   ]  [T004/SC4/warehouse_cross_aisle] 25.1s/150s  pos=(7.58,-3.87)  dist=12.21m  cmd=(0.33,-0.07)  mpc_ok=100%  solve=61.1ms
2026-04-28T11:30:50  [INFO   ]  [T004/SC4/warehouse_cross_aisle] 30.1s/150s  pos=(7.43,-4.24)  dist=12.19m  cmd=(0.04,-0.00)  mpc_ok=100%  solve=49.0ms
2026-04-28T11:30:55  [INFO   ]  [T004/SC4/warehouse_cross_aisle] 35.1s/150s  pos=(7.48,-4.45)  dist=12.31m  cmd=(0.01,0.00)  mpc_ok=100%  solve=43.6ms
2026-04-28T11:31:00  [INFO   ]  [T004/SC4/warehouse_cross_aisle] 40.1s/150s  pos=(7.49,-4.41)  dist=12.31m  cmd=(0.28,0.00)  mpc_ok=100%  solve=93.9ms
2026-04-28T11:31:05  [INFO   ]  [T004/SC4/warehouse_cross_aisle] 45.1s/150s  pos=(7.49,-4.45)  dist=12.32m  cmd=(0.00,0.00)  mpc_ok=100%  solve=49.6ms
2026-04-28T11:31:10  [WARNING]  [T004/SC4/warehouse_cross_aisle] early termination — insufficient progress over 30s (Δ=0.020 < 0.02)
2026-04-28T11:31:10  [INFO   ]  [T004/SC4/warehouse_cross_aisle] nav done — goals 0/3 (0%)  elapsed=50s  failure=early_term: insufficient progress over 30s (Δ=0.020 < 0.02)
2026-04-28T11:31:11  [DEBUG  ]  RosbagRecorder stopped  pid=34685
2026-04-28T11:31:11  [INFO   ]    → sc=warehouse_cross_aisle  goals=0%  score=0.398  weighted=0.0795  running=0.2392  dist=4.99  obs=0.994  scans=435
2026-04-28T11:31:11  [INFO   ]  ── Scenario 5/6: office_traverse  (3 goals)  weight=0.20 ──
2026-04-28T11:31:11  [INFO   ]  [T004/SC5/office_traverse] starting
2026-04-28T11:31:11  [DEBUG  ]  Sending SIGTERM to sim_launch  pgid=33512
2026-04-28T11:31:11  [DEBUG  ]  sim_launch exited cleanly
2026-04-28T11:31:19  [DEBUG  ]    [sim] killed
2026-04-28T11:31:29  [INFO   ]    [sim] launched  pid=34977  world=indoor_office.world
2026-04-28T11:31:29  [DEBUG  ]  RosbagRecorder started  pid=35454  dir=/media/lorenzo/writable/Go2_navigation/tuning_results/trial_004/scenario_office_traverse/rosbag
2026-04-28T11:31:29  [INFO   ]  [T004/SC5/office_traverse] waiting 10s for Gazebo bridge…
2026-04-28T11:31:39  [INFO   ]  [T004/SC5/office_traverse] spawning obstacles…
2026-04-28T11:32:03  [INFO   ]  [T004/SC5/office_traverse] waiting 20s for planner…
2026-04-28T11:32:13  [DEBUG  ]  [T004/SC5/office_traverse] heartbeat — 10s remaining
2026-04-28T11:32:23  [INFO   ]  [T004/SC5/office_traverse] nav started — 3 goal(s), timeout=150s
2026-04-28T11:32:23  [INFO   ]  [T004/SC5/office_traverse] 0.0s/150s  waiting for pose…
2026-04-28T11:32:23  [DEBUG  ]  [T004/SC5/office_traverse] initial_dist set from first pose: 4.71m  pos=(3.89,-4.71)
2026-04-28T11:32:28  [INFO   ]  [T004/SC5/office_traverse] 5.1s/150s  pos=(4.39,-3.75)  dist=3.77m  cmd=(0.54,-0.29)  mpc_ok=100%  solve=47.0ms
2026-04-28T11:32:33  [INFO   ]  [T004/SC5/office_traverse] 10.1s/150s  pos=(4.17,-2.29)  dist=2.29m  cmd=(0.20,-0.30)  mpc_ok=100%  solve=35.5ms
2026-04-28T11:32:38  [INFO   ]  [T004/SC5/office_traverse] 15.1s/150s  pos=(4.33,-1.93)  dist=1.96m  cmd=(0.61,0.30)  mpc_ok=100%  solve=41.7ms
2026-04-28T11:32:43  [INFO   ]  [T004/SC5/office_traverse] 20.1s/150s  pos=(3.66,-2.28)  dist=2.30m  cmd=(0.80,-0.10)  mpc_ok=100%  solve=49.1ms
2026-04-28T11:32:48  [INFO   ]  [T004/SC5/office_traverse] 25.2s/150s  pos=(2.74,-1.73)  dist=2.14m  cmd=(0.62,-0.30)  mpc_ok=100%  solve=38.3ms
2026-04-28T11:32:53  [INFO   ]  [T004/SC5/office_traverse] 30.2s/150s  pos=(3.57,-1.21)  dist=1.28m  cmd=(0.21,-0.30)  mpc_ok=100%  solve=49.0ms
2026-04-28T11:32:58  [INFO   ]  [T004/SC5/office_traverse] 35.2s/150s  pos=(2.65,-1.55)  dist=2.06m  cmd=(0.54,0.13)  mpc_ok=100%  solve=100.8ms
2026-04-28T11:33:04  [INFO   ]  [T004/SC5/office_traverse] 40.3s/150s  pos=(3.63,-1.13)  dist=1.19m  cmd=(0.18,-0.18)  mpc_ok=100%  solve=45.3ms
2026-04-28T11:33:09  [INFO   ]  [T004/SC5/office_traverse] 45.3s/150s  pos=(3.18,-0.85)  dist=1.18m  cmd=(0.41,-0.29)  mpc_ok=100%  solve=70.1ms
2026-04-28T11:33:12  [INFO   ]  [T004/SC5/office_traverse] goal 1/3 reached  pos=(3.51,-0.09)  elapsed=49s
2026-04-28T11:33:14  [INFO   ]  [T004/SC5/office_traverse] 50.3s/150s  pos=(3.74,-0.13)  dist=3.64m  cmd=(0.09,0.05)  mpc_ok=100%  solve=32.6ms
2026-04-28T11:33:19  [INFO   ]  [T004/SC5/office_traverse] 55.3s/150s  pos=(3.06,0.52)  dist=3.13m  cmd=(0.80,-0.24)  mpc_ok=100%  solve=29.6ms
2026-04-28T11:33:24  [INFO   ]  [T004/SC5/office_traverse] 60.4s/150s  pos=(2.75,1.47)  dist=2.38m  cmd=(0.80,0.14)  mpc_ok=100%  solve=37.4ms
2026-04-28T11:33:29  [INFO   ]  [T004/SC5/office_traverse] 65.4s/150s  pos=(2.17,2.16)  dist=2.27m  cmd=(0.80,-0.17)  mpc_ok=100%  solve=39.5ms
2026-04-28T11:33:34  [INFO   ]  [T004/SC5/office_traverse] 70.4s/150s  pos=(2.43,3.49)  dist=1.57m  cmd=(0.67,-0.27)  mpc_ok=100%  solve=69.8ms
2026-04-28T11:33:39  [INFO   ]  [T004/SC5/office_traverse] 75.4s/150s  pos=(2.84,4.12)  dist=1.32m  cmd=(-0.06,-0.30)  mpc_ok=100%  solve=138.7ms
2026-04-28T11:33:44  [INFO   ]  [T004/SC5/office_traverse] 80.4s/150s  pos=(3.00,3.81)  dist=1.05m  cmd=(0.11,0.21)  mpc_ok=95%  solve=113.7ms
2026-04-28T11:33:49  [INFO   ]  [T004/SC5/office_traverse] 85.4s/150s  pos=(2.79,4.16)  dist=1.38m  cmd=(0.50,-0.18)  mpc_ok=100%  solve=180.5ms
2026-04-28T11:33:54  [INFO   ]  [T004/SC5/office_traverse] 90.5s/150s  pos=(2.84,4.19)  dist=1.35m  cmd=(-0.10,-0.27)  mpc_ok=100%  solve=80.1ms
2026-04-28T11:33:59  [INFO   ]  [T004/SC5/office_traverse] 95.5s/150s  pos=(2.87,3.91)  dist=1.20m  cmd=(0.12,-0.09)  mpc_ok=100%  solve=60.3ms
2026-04-28T11:34:04  [INFO   ]  [T004/SC5/office_traverse] 100.5s/150s  pos=(2.88,4.01)  dist=1.23m  cmd=(-0.16,-0.28)  mpc_ok=100%  solve=179.1ms
2026-04-28T11:34:08  [WARNING]  [T004/SC5/office_traverse] early termination — insufficient progress over 30s (Δ=0.019 < 0.02)
2026-04-28T11:34:08  [INFO   ]  [T004/SC5/office_traverse] nav done — goals 1/3 (33%)  elapsed=104s  failure=early_term: insufficient progress over 30s (Δ=0.019 < 0.02)
2026-04-28T11:34:08  [DEBUG  ]  RosbagRecorder stopped  pid=35454
2026-04-28T11:34:08  [INFO   ]    → sc=office_traverse  goals=33%  score=0.451  weighted=0.0902  running=0.3294  dist=3.18  obs=0.992  scans=886
2026-04-28T11:34:08  [INFO   ]  ── Scenario 6/6: office_corridor  (3 goals)  weight=0.15 ──
2026-04-28T11:34:08  [INFO   ]  [T004/SC6/office_corridor] starting
2026-04-28T11:34:08  [INFO   ]    [sim] reusing Gazebo for world=indoor_office.world  — resetting robot pose
2026-04-28T11:34:13  [DEBUG  ]    [sim] reset strategy 'gazebo/set_entity_state' timed out (5s) — trying next
2026-04-28T11:34:18  [DEBUG  ]    [sim] reset strategy '/reset_robot_pose service' timed out (5s) — trying next
2026-04-28T11:34:20  [DEBUG  ]    [sim] reset strategy '/initialpose topic' returned 1 — trying next
2026-04-28T11:34:20  [WARNING]    [sim] all robot-reset strategies failed for scenario 'office_corridor'  pos=(-4.00, -6.00) — continuing without reset
2026-04-28T11:34:20  [DEBUG  ]  RosbagRecorder started  pid=36120  dir=/media/lorenzo/writable/Go2_navigation/tuning_results/trial_004/scenario_office_corridor/rosbag
2026-04-28T11:34:20  [INFO   ]  [T004/SC6/office_corridor] waiting 10s for Gazebo bridge…
2026-04-28T11:34:30  [INFO   ]  [T004/SC6/office_corridor] spawning obstacles…
2026-04-28T11:34:54  [INFO   ]  [T004/SC6/office_corridor] waiting 20s for planner…
2026-04-28T11:35:04  [DEBUG  ]  [T004/SC6/office_corridor] heartbeat — 10s remaining
2026-04-28T11:35:14  [INFO   ]  [T004/SC6/office_corridor] nav started — 3 goal(s), timeout=150s
2026-04-28T11:35:14  [INFO   ]  [T004/SC6/office_corridor] 0.0s/150s  waiting for pose…
2026-04-28T11:35:14  [DEBUG  ]  [T004/SC6/office_corridor] initial_dist set from first pose: 8.06m  pos=(2.61,4.61)
2026-04-28T11:35:19  [INFO   ]  [T004/SC6/office_corridor] 5.0s/150s  pos=(2.02,3.90)  dist=7.17m  cmd=(0.60,-0.30)  mpc_ok=0%  solve=1.7ms
2026-04-28T11:35:24  [INFO   ]  [T004/SC6/office_corridor] 10.1s/150s  pos=(1.01,3.50)  dist=6.11m  cmd=(-0.68,0.09)  mpc_ok=0%  solve=1.7ms
2026-04-28T11:35:29  [INFO   ]  [T004/SC6/office_corridor] 15.1s/150s  pos=(-0.39,3.85)  dist=5.28m  cmd=(0.61,0.16)  mpc_ok=0%  solve=1.7ms
2026-04-28T11:35:34  [INFO   ]  [T004/SC6/office_corridor] 20.1s/150s  pos=(-0.15,4.16)  dist=5.67m  cmd=(0.41,-0.30)  mpc_ok=0%  solve=1.6ms
2026-04-28T11:35:39  [INFO   ]  [T004/SC6/office_corridor] 25.2s/150s  pos=(0.47,3.34)  dist=5.58m  cmd=(0.80,-0.24)  mpc_ok=0%  solve=1.6ms
2026-04-28T11:35:44  [WARNING]  [T004/SC6/office_corridor] early termination — MPC success rate 0% < 70%
2026-04-28T11:35:44  [INFO   ]  [T004/SC6/office_corridor] nav done — goals 0/3 (0%)  elapsed=30s  failure=early_term: MPC success rate 0% < 70%
2026-04-28T11:35:45  [DEBUG  ]  RosbagRecorder stopped  pid=36120
2026-04-28T11:35:45  [INFO   ]    → sc=office_corridor  goals=0%  score=0.203  weighted=0.0305  running=0.3599  dist=3.98  obs=0.979  scans=271
2026-04-28T11:35:45  [DEBUG  ]  Sending SIGTERM to sim_launch  pgid=34977
2026-04-28T11:35:45  [DEBUG  ]  sim_launch exited cleanly
2026-04-28T11:35:53  [DEBUG  ]    [sim] killed
2026-04-28T11:35:53  [INFO   ]  [GP] fitting on 4 observations…
2026-04-28T11:35:53  [INFO   ]  [GP] skipped — need at least 10 observations
2026-04-28T11:35:53  [INFO   ]  [trial 004/50]  aggregate=0.3599  best=0.3654(t003)  elapsed=15.1min  GP=waiting(need at least 10 observations)
2026-04-28T11:35:53  [INFO   ]  ============================================================
2026-04-28T11:35:53  [INFO   ]  Trial 005/50  [RANDOM INIT]  2026-04-28T11:35:53  ETA ~632min
2026-04-28T11:35:53  [INFO   ]  Params: {'grid_std': '0.161', 'mpc_Q_terminal': '114.686', 'mpc_Q_x': '205.753', 'mpc_Q_y': '179.310', 'mpc_Q_yaw': '1.540', 'mpc_W_obs_sigmoid': '226.016'}
2026-04-28T11:35:53  [INFO   ]  ============================================================
2026-04-28T11:35:53  [INFO   ]  ── Scenario 1/6: open_square  (3 goals)  weight=0.10 ──
2026-04-28T11:35:53  [INFO   ]  [T005/SC1/open_square] starting
2026-04-28T11:36:03  [INFO   ]    [sim] launched  pid=36431  world=default.sdf
2026-04-28T11:36:03  [DEBUG  ]  RosbagRecorder started  pid=36909  dir=/media/lorenzo/writable/Go2_navigation/tuning_results/trial_005/scenario_open_square/rosbag
2026-04-28T11:36:03  [INFO   ]  [T005/SC1/open_square] waiting 10s for Gazebo bridge…
2026-04-28T11:36:13  [INFO   ]  [T005/SC1/open_square] spawning obstacles…
2026-04-28T11:36:37  [INFO   ]  [T005/SC1/open_square] waiting 20s for planner…
2026-04-28T11:36:47  [DEBUG  ]  [T005/SC1/open_square] heartbeat — 10s remaining
2026-04-28T11:36:57  [INFO   ]  [T005/SC1/open_square] nav started — 3 goal(s), timeout=300s
2026-04-28T11:36:57  [INFO   ]  [T005/SC1/open_square] 0.1s/300s  waiting for pose…
2026-04-28T11:36:57  [DEBUG  ]  [T005/SC1/open_square] initial_dist set from first pose: 3.23m  pos=(3.32,-1.80)
2026-04-28T11:37:02  [INFO   ]  [T005/SC1/open_square] 5.1s/300s  pos=(4.07,-2.12)  dist=2.86m  cmd=(0.80,0.09)  mpc_ok=100%  solve=34.5ms
2026-04-28T11:37:07  [INFO   ]  [T005/SC1/open_square] 10.1s/300s  pos=(4.94,-2.15)  dist=2.39m  cmd=(0.80,-0.20)  mpc_ok=100%  solve=50.7ms
2026-04-28T11:37:12  [INFO   ]  [T005/SC1/open_square] 15.1s/300s  pos=(5.91,-2.04)  dist=2.04m  cmd=(0.76,-0.30)  mpc_ok=100%  solve=48.8ms
2026-04-28T11:37:17  [INFO   ]  [T005/SC1/open_square] 20.1s/300s  pos=(6.68,-1.64)  dist=1.78m  cmd=(0.80,0.15)  mpc_ok=100%  solve=36.5ms
2026-04-28T11:37:22  [INFO   ]  [T005/SC1/open_square] 25.2s/300s  pos=(6.22,-1.22)  dist=1.24m  cmd=(0.32,-0.22)  mpc_ok=100%  solve=43.1ms
2026-04-28T11:37:27  [INFO   ]  [T005/SC1/open_square] 30.2s/300s  pos=(6.27,-1.05)  dist=1.09m  cmd=(0.32,0.03)  mpc_ok=100%  solve=60.9ms
2026-04-28T11:37:32  [INFO   ]  [T005/SC1/open_square] 35.2s/300s  pos=(6.47,-0.80)  dist=0.93m  cmd=(0.30,0.22)  mpc_ok=100%  solve=76.7ms
2026-04-28T11:37:37  [INFO   ]  [T005/SC1/open_square] 40.2s/300s  pos=(6.62,-0.64)  dist=0.89m  cmd=(0.35,-0.06)  mpc_ok=100%  solve=49.5ms
2026-04-28T11:37:42  [INFO   ]  [T005/SC1/open_square] 45.2s/300s  pos=(6.39,-0.39)  dist=0.55m  cmd=(0.05,0.00)  mpc_ok=100%  solve=48.7ms
2026-04-28T11:37:47  [INFO   ]  [T005/SC1/open_square] 50.2s/300s  pos=(6.52,-0.16)  dist=0.55m  cmd=(0.16,0.11)  mpc_ok=100%  solve=69.8ms
2026-04-28T11:37:49  [INFO   ]  [T005/SC1/open_square] goal 1/3 reached  pos=(6.48,-0.13)  elapsed=52s
2026-04-28T11:37:52  [INFO   ]  [T005/SC1/open_square] 55.3s/300s  pos=(6.51,-0.31)  dist=6.33m  cmd=(0.53,-0.11)  mpc_ok=100%  solve=40.9ms
2026-04-28T11:37:58  [INFO   ]  [T005/SC1/open_square] 60.3s/300s  pos=(6.76,0.20)  dist=5.85m  cmd=(0.80,0.23)  mpc_ok=100%  solve=24.4ms
2026-04-28T11:38:03  [INFO   ]  [T005/SC1/open_square] 65.3s/300s  pos=(6.61,0.86)  dist=5.18m  cmd=(0.80,-0.04)  mpc_ok=100%  solve=31.1ms
2026-04-28T11:38:08  [INFO   ]  [T005/SC1/open_square] 70.4s/300s  pos=(6.24,1.18)  dist=4.82m  cmd=(0.80,-0.30)  mpc_ok=100%  solve=16.9ms
2026-04-28T11:38:13  [INFO   ]  [T005/SC1/open_square] 75.4s/300s  pos=(6.56,1.68)  dist=4.36m  cmd=(0.80,0.30)  mpc_ok=100%  solve=56.0ms
2026-04-28T11:38:18  [INFO   ]  [T005/SC1/open_square] 80.4s/300s  pos=(6.41,2.41)  dist=3.62m  cmd=(0.80,-0.03)  mpc_ok=100%  solve=27.4ms
2026-04-28T11:38:23  [INFO   ]  [T005/SC1/open_square] 85.4s/300s  pos=(6.02,3.02)  dist=2.98m  cmd=(0.80,0.10)  mpc_ok=100%  solve=32.5ms
2026-04-28T11:38:28  [INFO   ]  [T005/SC1/open_square] 90.5s/300s  pos=(6.21,3.33)  dist=2.68m  cmd=(0.80,-0.02)  mpc_ok=100%  solve=41.8ms
2026-04-28T11:38:33  [INFO   ]  [T005/SC1/open_square] 95.5s/300s  pos=(6.09,3.61)  dist=2.39m  cmd=(0.80,0.03)  mpc_ok=100%  solve=30.1ms
2026-04-28T11:38:38  [INFO   ]  [T005/SC1/open_square] 100.5s/300s  pos=(6.21,3.92)  dist=2.09m  cmd=(0.80,0.09)  mpc_ok=100%  solve=38.6ms
2026-04-28T11:38:43  [INFO   ]  [T005/SC1/open_square] 105.5s/300s  pos=(6.20,4.16)  dist=1.85m  cmd=(0.80,0.18)  mpc_ok=100%  solve=30.7ms
2026-04-28T11:38:48  [INFO   ]  [T005/SC1/open_square] 110.6s/300s  pos=(6.07,4.43)  dist=1.57m  cmd=(0.79,-0.19)  mpc_ok=100%  solve=36.5ms
2026-04-28T11:38:53  [INFO   ]  [T005/SC1/open_square] 115.6s/300s  pos=(6.23,4.73)  dist=1.29m  cmd=(0.66,0.22)  mpc_ok=100%  solve=45.2ms
2026-04-28T11:38:58  [INFO   ]  [T005/SC1/open_square] 120.6s/300s  pos=(6.30,5.24)  dist=0.82m  cmd=(0.41,0.04)  mpc_ok=100%  solve=39.1ms
2026-04-28T11:39:00  [INFO   ]  [T005/SC1/open_square] goal 2/3 reached  pos=(6.17,5.54)  elapsed=123s
2026-04-28T11:39:03  [INFO   ]  [T005/SC1/open_square] 125.6s/300s  pos=(6.19,5.79)  dist=6.19m  cmd=(0.30,0.02)  mpc_ok=100%  solve=47.2ms
2026-04-28T11:39:08  [INFO   ]  [T005/SC1/open_square] 130.6s/300s  pos=(6.09,5.84)  dist=6.09m  cmd=(0.00,-0.00)  mpc_ok=100%  solve=51.2ms
2026-04-28T11:39:13  [INFO   ]  [T005/SC1/open_square] 135.6s/300s  pos=(6.10,5.81)  dist=6.10m  cmd=(0.24,-0.11)  mpc_ok=100%  solve=61.4ms
2026-04-28T11:39:15  [WARNING]  [T005/SC1/open_square] early termination — insufficient progress over 30s (Δ=0.020 < 0.02)
2026-04-28T11:39:15  [INFO   ]  [T005/SC1/open_square] nav done — goals 2/3 (67%)  elapsed=138s  failure=early_term: insufficient progress over 30s (Δ=0.020 < 0.02)
2026-04-28T11:39:16  [DEBUG  ]  RosbagRecorder stopped  pid=36909
2026-04-28T11:39:16  [INFO   ]    → sc=open_square  goals=67%  score=0.444  weighted=0.0444  running=0.0444  dist=6.08  obs=0.998  scans=698
2026-04-28T11:39:16  [INFO   ]  ── Scenario 2/6: open_zigzag  (3 goals)  weight=0.10 ──
2026-04-28T11:39:16  [INFO   ]  [T005/SC2/open_zigzag] starting
2026-04-28T11:39:16  [INFO   ]    [sim] reusing Gazebo for world=default.sdf  — resetting robot pose
2026-04-28T11:39:21  [DEBUG  ]    [sim] reset strategy 'gazebo/set_entity_state' timed out (5s) — trying next
2026-04-28T11:39:26  [DEBUG  ]    [sim] reset strategy '/reset_robot_pose service' timed out (5s) — trying next
2026-04-28T11:39:28  [DEBUG  ]    [sim] reset strategy '/initialpose topic' returned 1 — trying next
2026-04-28T11:39:28  [WARNING]    [sim] all robot-reset strategies failed for scenario 'open_zigzag'  pos=(0.00, 0.00) — continuing without reset
2026-04-28T11:39:28  [DEBUG  ]  RosbagRecorder started  pid=37559  dir=/media/lorenzo/writable/Go2_navigation/tuning_results/trial_005/scenario_open_zigzag/rosbag
2026-04-28T11:39:28  [INFO   ]  [T005/SC2/open_zigzag] waiting 10s for Gazebo bridge…
2026-04-28T11:39:38  [INFO   ]  [T005/SC2/open_zigzag] spawning obstacles…
2026-04-28T11:40:02  [INFO   ]  [T005/SC2/open_zigzag] waiting 20s for planner…
2026-04-28T11:40:12  [DEBUG  ]  [T005/SC2/open_zigzag] heartbeat — 10s remaining
2026-04-28T11:40:22  [INFO   ]  [T005/SC2/open_zigzag] nav started — 3 goal(s), timeout=300s
2026-04-28T11:40:22  [INFO   ]  [T005/SC2/open_zigzag] 0.0s/300s  waiting for pose…
2026-04-28T11:40:22  [DEBUG  ]  [T005/SC2/open_zigzag] initial_dist set from first pose: 10.28m  pos=(6.24,5.81)
2026-04-28T11:40:27  [INFO   ]  [T005/SC2/open_zigzag] 5.0s/300s  pos=(6.15,5.91)  dist=10.19m  cmd=(0.00,-0.00)  mpc_ok=100%  solve=38.4ms
2026-04-28T11:40:32  [INFO   ]  [T005/SC2/open_zigzag] 10.1s/300s  pos=(6.15,5.92)  dist=10.19m  cmd=(0.00,-0.00)  mpc_ok=100%  solve=36.9ms
2026-04-28T11:40:37  [INFO   ]  [T005/SC2/open_zigzag] 15.1s/300s  pos=(6.15,5.92)  dist=10.19m  cmd=(0.00,-0.00)  mpc_ok=100%  solve=29.7ms
2026-04-28T11:40:42  [INFO   ]  [T005/SC2/open_zigzag] 20.1s/300s  pos=(6.15,5.92)  dist=10.19m  cmd=(0.00,-0.00)  mpc_ok=100%  solve=36.8ms
2026-04-28T11:40:47  [INFO   ]  [T005/SC2/open_zigzag] 25.1s/300s  pos=(6.14,5.92)  dist=10.18m  cmd=(0.00,-0.00)  mpc_ok=100%  solve=26.5ms
2026-04-28T11:40:52  [WARNING]  [T005/SC2/open_zigzag] early termination — insufficient progress over 30s (Δ=0.009 < 0.02)
2026-04-28T11:40:52  [INFO   ]  [T005/SC2/open_zigzag] nav done — goals 0/3 (0%)  elapsed=30s  failure=early_term: insufficient progress over 30s (Δ=0.009 < 0.02)
2026-04-28T11:40:53  [DEBUG  ]  RosbagRecorder stopped  pid=37559
2026-04-28T11:40:53  [INFO   ]    → sc=open_zigzag  goals=0%  score=0.333  weighted=0.0333  running=0.0777  dist=7.38  obs=1.000  scans=259
2026-04-28T11:40:53  [INFO   ]  ── Scenario 3/6: warehouse_loop  (4 goals)  weight=0.25 ──
2026-04-28T11:40:53  [INFO   ]  [T005/SC3/warehouse_loop] starting
2026-04-28T11:40:53  [DEBUG  ]  Sending SIGTERM to sim_launch  pgid=36431
2026-04-28T11:40:53  [DEBUG  ]  sim_launch exited cleanly
2026-04-28T11:41:01  [DEBUG  ]    [sim] killed
2026-04-28T11:41:12  [INFO   ]    [sim] launched  pid=37852  world=warehouse.world
2026-04-28T11:41:12  [DEBUG  ]  RosbagRecorder started  pid=38329  dir=/media/lorenzo/writable/Go2_navigation/tuning_results/trial_005/scenario_warehouse_loop/rosbag
2026-04-28T11:41:12  [INFO   ]  [T005/SC3/warehouse_loop] waiting 10s for Gazebo bridge…
2026-04-28T11:41:22  [INFO   ]  [T005/SC3/warehouse_loop] spawning obstacles…
2026-04-28T11:41:40  [WARNING]    [sim] obstacle spawn timed out  name=tuner_obs_0
2026-04-28T11:41:57  [INFO   ]  [T005/SC3/warehouse_loop] waiting 20s for planner…
2026-04-28T11:42:07  [DEBUG  ]  [T005/SC3/warehouse_loop] heartbeat — 10s remaining
2026-04-28T11:42:17  [INFO   ]  [T005/SC3/warehouse_loop] nav started — 4 goal(s), timeout=180s
2026-04-28T11:42:17  [INFO   ]  [T005/SC3/warehouse_loop] 0.1s/180s  waiting for pose…
2026-04-28T11:42:22  [INFO   ]  [T005/SC3/warehouse_loop] 5.1s/180s  waiting for pose…
2026-04-28T11:42:27  [INFO   ]  [T005/SC3/warehouse_loop] 10.1s/180s  waiting for pose…
2026-04-28T11:42:32  [INFO   ]  [T005/SC3/warehouse_loop] 15.1s/180s  waiting for pose…
2026-04-28T11:42:37  [INFO   ]  [T005/SC3/warehouse_loop] 20.2s/180s  waiting for pose…
2026-04-28T11:42:42  [INFO   ]  [T005/SC3/warehouse_loop] 25.2s/180s  waiting for pose…
2026-04-28T11:42:47  [INFO   ]  [T005/SC3/warehouse_loop] 30.2s/180s  waiting for pose…
2026-04-28T11:42:52  [INFO   ]  [T005/SC3/warehouse_loop] 35.3s/180s  waiting for pose…
2026-04-28T11:42:57  [INFO   ]  [T005/SC3/warehouse_loop] 40.3s/180s  waiting for pose…
2026-04-28T11:43:02  [INFO   ]  [T005/SC3/warehouse_loop] 45.3s/180s  waiting for pose…
2026-04-28T11:43:08  [INFO   ]  [T005/SC3/warehouse_loop] 50.4s/180s  waiting for pose…
2026-04-28T11:43:13  [INFO   ]  [T005/SC3/warehouse_loop] 55.4s/180s  waiting for pose…
2026-04-28T11:43:18  [INFO   ]  [T005/SC3/warehouse_loop] 60.4s/180s  waiting for pose…
2026-04-28T11:43:23  [INFO   ]  [T005/SC3/warehouse_loop] 65.5s/180s  waiting for pose…
2026-04-28T11:43:28  [INFO   ]  [T005/SC3/warehouse_loop] 70.5s/180s  waiting for pose…
2026-04-28T11:43:33  [INFO   ]  [T005/SC3/warehouse_loop] 75.5s/180s  waiting for pose…
2026-04-28T11:43:38  [INFO   ]  [T005/SC3/warehouse_loop] 80.5s/180s  waiting for pose…
2026-04-28T11:43:43  [INFO   ]  [T005/SC3/warehouse_loop] 85.6s/180s  waiting for pose…
2026-04-28T11:43:48  [INFO   ]  [T005/SC3/warehouse_loop] 90.6s/180s  waiting for pose…
2026-04-28T11:43:53  [INFO   ]  [T005/SC3/warehouse_loop] 95.6s/180s  waiting for pose…
2026-04-28T11:43:57  [WARNING]  [T005/SC3/warehouse_loop] early termination — no pose data after 100s
2026-04-28T11:43:57  [INFO   ]  [T005/SC3/warehouse_loop] nav done — goals 0/4 (0%)  elapsed=100s  failure=early_term: no pose data after 100s
2026-04-28T11:44:05  [WARNING]  RosbagRecorder SIGTERM timed out — sending SIGKILL  pid=38329
2026-04-28T11:44:05  [INFO   ]    → sc=warehouse_loop  goals=0%  score=0.000  weighted=0.0000  running=0.0777  dist=nan  obs=nan  scans=0
2026-04-28T11:44:05  [INFO   ]  ── Scenario 4/6: warehouse_cross_aisle  (3 goals)  weight=0.20 ──
2026-04-28T11:44:05  [INFO   ]  [T005/SC4/warehouse_cross_aisle] starting
2026-04-28T11:44:05  [INFO   ]    [sim] reusing Gazebo for world=warehouse.world  — resetting robot pose
2026-04-28T11:44:10  [DEBUG  ]    [sim] reset strategy 'gazebo/set_entity_state' timed out (5s) — trying next
2026-04-28T11:44:15  [DEBUG  ]    [sim] reset strategy '/reset_robot_pose service' timed out (5s) — trying next
2026-04-28T11:44:17  [DEBUG  ]    [sim] reset strategy '/initialpose topic' returned 1 — trying next
2026-04-28T11:44:17  [WARNING]    [sim] all robot-reset strategies failed for scenario 'warehouse_cross_aisle'  pos=(-4.00, 8.00) — continuing without reset
2026-04-28T11:44:17  [DEBUG  ]  RosbagRecorder started  pid=39007  dir=/media/lorenzo/writable/Go2_navigation/tuning_results/trial_005/scenario_warehouse_cross_aisle/rosbag
2026-04-28T11:44:17  [INFO   ]  [T005/SC4/warehouse_cross_aisle] waiting 10s for Gazebo bridge…
2026-04-28T11:44:27  [INFO   ]  [T005/SC4/warehouse_cross_aisle] spawning obstacles…
2026-04-28T11:44:50  [INFO   ]  [T005/SC4/warehouse_cross_aisle] waiting 20s for planner…
2026-04-28T11:45:00  [DEBUG  ]  [T005/SC4/warehouse_cross_aisle] heartbeat — 10s remaining
2026-04-28T11:45:10  [INFO   ]  [T005/SC4/warehouse_cross_aisle] nav started — 3 goal(s), timeout=150s
2026-04-28T11:45:10  [INFO   ]  [T005/SC4/warehouse_cross_aisle] 0.1s/150s  waiting for pose…
2026-04-28T11:45:15  [INFO   ]  [T005/SC4/warehouse_cross_aisle] 5.1s/150s  waiting for pose…
2026-04-28T11:45:20  [INFO   ]  [T005/SC4/warehouse_cross_aisle] 10.1s/150s  waiting for pose…
2026-04-28T11:45:25  [INFO   ]  [T005/SC4/warehouse_cross_aisle] 15.1s/150s  waiting for pose…
2026-04-28T11:45:30  [INFO   ]  [T005/SC4/warehouse_cross_aisle] 20.2s/150s  waiting for pose…
2026-04-28T11:45:35  [INFO   ]  [T005/SC4/warehouse_cross_aisle] 25.2s/150s  waiting for pose…
2026-04-28T11:45:40  [INFO   ]  [T005/SC4/warehouse_cross_aisle] 30.2s/150s  waiting for pose…
2026-04-28T11:45:43  [DEBUG  ]  [T005/SC4/warehouse_cross_aisle] initial_dist set from first pose: 10.00m  pos=(-10.00,-8.00)
2026-04-28T11:45:43  [WARNING]  [T005/SC4/warehouse_cross_aisle] early termination — insufficient progress over 30s (Δ=-0.002 < 0.02)
2026-04-28T11:45:43  [INFO   ]  [T005/SC4/warehouse_cross_aisle] nav done — goals 0/3 (0%)  elapsed=33s  failure=early_term: insufficient progress over 30s (Δ=-0.002 < 0.02)
2026-04-28T11:45:43  [DEBUG  ]  RosbagRecorder stopped  pid=39007
2026-04-28T11:45:43  [INFO   ]    → sc=warehouse_cross_aisle  goals=0%  score=0.210  weighted=0.0420  running=0.1197  dist=14.04  obs=0.000  scans=0
2026-04-28T11:45:43  [INFO   ]  ── Scenario 5/6: office_traverse  (3 goals)  weight=0.20 ──
2026-04-28T11:45:43  [INFO   ]  [T005/SC5/office_traverse] starting
2026-04-28T11:45:43  [DEBUG  ]  Sending SIGTERM to sim_launch  pgid=37852
2026-04-28T11:45:43  [DEBUG  ]  sim_launch exited cleanly
2026-04-28T11:45:52  [DEBUG  ]    [sim] killed
2026-04-28T11:46:02  [INFO   ]    [sim] launched  pid=39299  world=indoor_office.world
2026-04-28T11:46:02  [DEBUG  ]  RosbagRecorder started  pid=39776  dir=/media/lorenzo/writable/Go2_navigation/tuning_results/trial_005/scenario_office_traverse/rosbag
2026-04-28T11:46:02  [INFO   ]  [T005/SC5/office_traverse] waiting 10s for Gazebo bridge…
2026-04-28T11:46:12  [INFO   ]  [T005/SC5/office_traverse] spawning obstacles…
2026-04-28T11:46:36  [INFO   ]  [T005/SC5/office_traverse] waiting 20s for planner…
2026-04-28T11:46:46  [DEBUG  ]  [T005/SC5/office_traverse] heartbeat — 10s remaining
2026-04-28T11:46:56  [INFO   ]  [T005/SC5/office_traverse] nav started — 3 goal(s), timeout=150s
2026-04-28T11:46:56  [INFO   ]  [T005/SC5/office_traverse] 0.1s/150s  waiting for pose…
2026-04-28T11:46:56  [DEBUG  ]  [T005/SC5/office_traverse] initial_dist set from first pose: 3.17m  pos=(3.52,-3.13)
2026-04-28T11:47:01  [INFO   ]  [T005/SC5/office_traverse] 5.1s/150s  pos=(3.14,-2.32)  dist=2.48m  cmd=(0.35,-0.27)  mpc_ok=100%  solve=110.0ms
2026-04-28T11:47:06  [INFO   ]  [T005/SC5/office_traverse] 10.1s/150s  pos=(3.07,-1.16)  dist=1.49m  cmd=(0.48,-0.30)  mpc_ok=100%  solve=33.2ms
2026-04-28T11:47:11  [INFO   ]  [T005/SC5/office_traverse] 15.1s/150s  pos=(3.54,-1.60)  dist=1.66m  cmd=(-0.56,0.02)  mpc_ok=100%  solve=34.9ms
2026-04-28T11:47:16  [INFO   ]  [T005/SC5/office_traverse] 20.1s/150s  pos=(3.02,-1.61)  dist=1.88m  cmd=(0.80,-0.30)  mpc_ok=100%  solve=43.0ms
2026-04-28T11:47:21  [INFO   ]  [T005/SC5/office_traverse] 25.1s/150s  pos=(3.93,-1.78)  dist=1.78m  cmd=(-0.30,-0.06)  mpc_ok=100%  solve=30.7ms
2026-04-28T11:47:26  [INFO   ]  [T005/SC5/office_traverse] 30.1s/150s  pos=(3.02,-2.35)  dist=2.55m  cmd=(0.80,-0.10)  mpc_ok=100%  solve=65.2ms
2026-04-28T11:47:31  [INFO   ]  [T005/SC5/office_traverse] 35.1s/150s  pos=(2.79,-1.36)  dist=1.82m  cmd=(0.60,-0.30)  mpc_ok=100%  solve=35.2ms
2026-04-28T11:47:35  [WARNING]  [T005/SC5/office_traverse] early termination — insufficient progress over 30s (Δ=0.014 < 0.02)
2026-04-28T11:47:35  [INFO   ]  [T005/SC5/office_traverse] nav done — goals 0/3 (0%)  elapsed=39s  failure=early_term: insufficient progress over 30s (Δ=0.014 < 0.02)
2026-04-28T11:47:36  [DEBUG  ]  RosbagRecorder stopped  pid=39776
2026-04-28T11:47:36  [INFO   ]    → sc=office_traverse  goals=0%  score=0.340  weighted=0.0680  running=0.1877  dist=8.16  obs=0.989  scans=337
2026-04-28T11:47:36  [INFO   ]  ── Scenario 6/6: office_corridor  (3 goals)  weight=0.15 ──
2026-04-28T11:47:36  [INFO   ]  [T005/SC6/office_corridor] starting
2026-04-28T11:47:36  [INFO   ]    [sim] reusing Gazebo for world=indoor_office.world  — resetting robot pose
2026-04-28T11:47:41  [DEBUG  ]    [sim] reset strategy 'gazebo/set_entity_state' timed out (5s) — trying next
2026-04-28T11:47:46  [DEBUG  ]    [sim] reset strategy '/reset_robot_pose service' timed out (5s) — trying next
2026-04-28T11:47:47  [DEBUG  ]    [sim] reset strategy '/initialpose topic' returned 1 — trying next
2026-04-28T11:47:47  [WARNING]    [sim] all robot-reset strategies failed for scenario 'office_corridor'  pos=(-4.00, -6.00) — continuing without reset
2026-04-28T11:47:47  [DEBUG  ]  RosbagRecorder started  pid=40426  dir=/media/lorenzo/writable/Go2_navigation/tuning_results/trial_005/scenario_office_corridor/rosbag
2026-04-28T11:47:47  [INFO   ]  [T005/SC6/office_corridor] waiting 10s for Gazebo bridge…
2026-04-28T11:47:57  [INFO   ]  [T005/SC6/office_corridor] spawning obstacles…
2026-04-28T11:48:21  [INFO   ]  [T005/SC6/office_corridor] waiting 20s for planner…
2026-04-28T11:48:31  [DEBUG  ]  [T005/SC6/office_corridor] heartbeat — 10s remaining
2026-04-28T11:48:41  [INFO   ]  [T005/SC6/office_corridor] nav started — 3 goal(s), timeout=150s
2026-04-28T11:48:41  [INFO   ]  [T005/SC6/office_corridor] 0.0s/150s  waiting for pose…
2026-04-28T11:48:41  [DEBUG  ]  [T005/SC6/office_corridor] initial_dist set from first pose: 7.91m  pos=(3.91,-0.15)
2026-04-28T11:48:46  [INFO   ]  [T005/SC6/office_corridor] 5.1s/150s  pos=(3.91,-0.15)  dist=7.91m  cmd=(0.00,-0.00)  mpc_ok=100%  solve=35.1ms
2026-04-28T11:48:51  [INFO   ]  [T005/SC6/office_corridor] 10.1s/150s  pos=(3.91,-0.15)  dist=7.91m  cmd=(0.00,-0.00)  mpc_ok=100%  solve=30.5ms
2026-04-28T11:48:56  [INFO   ]  [T005/SC6/office_corridor] 15.1s/150s  pos=(3.91,-0.15)  dist=7.91m  cmd=(0.00,-0.00)  mpc_ok=100%  solve=38.9ms
2026-04-28T11:49:01  [INFO   ]  [T005/SC6/office_corridor] 20.1s/150s  pos=(3.91,-0.14)  dist=7.91m  cmd=(0.00,-0.00)  mpc_ok=100%  solve=40.7ms
2026-04-28T11:49:07  [INFO   ]  [T005/SC6/office_corridor] 25.1s/150s  pos=(3.91,-0.13)  dist=7.91m  cmd=(0.00,-0.00)  mpc_ok=100%  solve=39.2ms
2026-04-28T11:49:11  [WARNING]  [T005/SC6/office_corridor] early termination — insufficient progress over 30s (Δ=0.000 < 0.02)
2026-04-28T11:49:11  [INFO   ]  [T005/SC6/office_corridor] nav done — goals 0/3 (0%)  elapsed=30s  failure=early_term: insufficient progress over 30s (Δ=0.000 < 0.02)
2026-04-28T11:49:12  [DEBUG  ]  RosbagRecorder stopped  pid=40426
2026-04-28T11:49:12  [INFO   ]    → sc=office_corridor  goals=0%  score=0.330  weighted=0.0495  running=0.2372  dist=3.65  obs=1.000  scans=261
2026-04-28T11:49:12  [DEBUG  ]  Sending SIGTERM to sim_launch  pgid=39299
2026-04-28T11:49:12  [DEBUG  ]  sim_launch exited cleanly
2026-04-28T11:49:21  [DEBUG  ]    [sim] killed
2026-04-28T11:49:21  [INFO   ]  [GP] fitting on 5 observations…
2026-04-28T11:49:21  [INFO   ]  [GP] skipped — need at least 10 observations
2026-04-28T11:49:21  [INFO   ]  [trial 005/50]  aggregate=0.2372  best=0.3654(t003)  elapsed=13.5min  GP=waiting(need at least 10 observations)
2026-04-28T11:49:21  [INFO   ]  ============================================================
2026-04-28T11:49:21  [INFO   ]  Trial 006/50  [RANDOM INIT]  2026-04-28T11:49:21  ETA ~616min
2026-04-28T11:49:21  [INFO   ]  Params: {'grid_std': '0.184', 'mpc_Q_terminal': '273.831', 'mpc_Q_x': '375.417', 'mpc_Q_y': '248.875', 'mpc_Q_yaw': '2.499', 'mpc_W_obs_sigmoid': '314.155'}
2026-04-28T11:49:21  [INFO   ]  ============================================================
2026-04-28T11:49:21  [INFO   ]  ── Scenario 1/6: open_square  (3 goals)  weight=0.10 ──
2026-04-28T11:49:21  [INFO   ]  [T006/SC1/open_square] starting
2026-04-28T11:49:31  [INFO   ]    [sim] launched  pid=40737  world=default.sdf
2026-04-28T11:49:31  [DEBUG  ]  RosbagRecorder started  pid=41215  dir=/media/lorenzo/writable/Go2_navigation/tuning_results/trial_006/scenario_open_square/rosbag
2026-04-28T11:49:31  [INFO   ]  [T006/SC1/open_square] waiting 10s for Gazebo bridge…
2026-04-28T11:49:41  [INFO   ]  [T006/SC1/open_square] spawning obstacles…
2026-04-28T11:50:04  [INFO   ]  [T006/SC1/open_square] waiting 20s for planner…
2026-04-28T11:50:14  [DEBUG  ]  [T006/SC1/open_square] heartbeat — 10s remaining
2026-04-28T11:50:24  [INFO   ]  [T006/SC1/open_square] nav started — 3 goal(s), timeout=300s
2026-04-28T11:50:24  [INFO   ]  [T006/SC1/open_square] 0.1s/300s  waiting for pose…
2026-04-28T11:50:24  [DEBUG  ]  [T006/SC1/open_square] initial_dist set from first pose: 3.19m  pos=(3.36,-1.79)
2026-04-28T11:50:29  [INFO   ]  [T006/SC1/open_square] 5.1s/300s  pos=(3.91,-1.91)  dist=2.83m  cmd=(0.80,0.00)  mpc_ok=100%  solve=109.3ms
2026-04-28T11:50:34  [INFO   ]  [T006/SC1/open_square] 10.1s/300s  pos=(5.10,-2.26)  dist=2.43m  cmd=(0.80,-0.30)  mpc_ok=100%  solve=39.7ms
2026-04-28T11:50:39  [INFO   ]  [T006/SC1/open_square] 15.1s/300s  pos=(5.64,-2.23)  dist=2.26m  cmd=(0.80,-0.30)  mpc_ok=100%  solve=65.0ms
2026-04-28T11:50:44  [INFO   ]  [T006/SC1/open_square] 20.1s/300s  pos=(6.03,-2.23)  dist=2.23m  cmd=(0.80,-0.23)  mpc_ok=100%  solve=51.6ms
2026-04-28T11:50:49  [INFO   ]  [T006/SC1/open_square] 25.1s/300s  pos=(6.57,-1.60)  dist=1.70m  cmd=(0.76,0.26)  mpc_ok=100%  solve=38.7ms
2026-04-28T11:50:54  [INFO   ]  [T006/SC1/open_square] 30.1s/300s  pos=(6.79,-0.67)  dist=1.04m  cmd=(0.39,-0.14)  mpc_ok=100%  solve=49.0ms
2026-04-28T11:50:59  [INFO   ]  [T006/SC1/open_square] 35.1s/300s  pos=(6.84,-0.21)  dist=0.87m  cmd=(0.00,0.30)  mpc_ok=100%  solve=69.7ms
2026-04-28T11:51:04  [INFO   ]  [T006/SC1/open_square] 40.1s/300s  pos=(6.65,-0.53)  dist=0.83m  cmd=(0.20,-0.30)  mpc_ok=100%  solve=49.5ms
2026-04-28T11:51:09  [INFO   ]  [T006/SC1/open_square] 45.1s/300s  pos=(6.65,-0.26)  dist=0.70m  cmd=(0.13,0.30)  mpc_ok=100%  solve=25.6ms
2026-04-28T11:51:11  [INFO   ]  [T006/SC1/open_square] goal 1/3 reached  pos=(6.26,-0.43)  elapsed=47s
2026-04-28T11:51:14  [INFO   ]  [T006/SC1/open_square] 50.2s/300s  pos=(6.71,-0.01)  dist=6.05m  cmd=(0.79,-0.15)  mpc_ok=100%  solve=19.5ms
2026-04-28T11:51:19  [INFO   ]  [T006/SC1/open_square] 55.2s/300s  pos=(6.79,0.75)  dist=5.31m  cmd=(0.80,0.21)  mpc_ok=100%  solve=15.8ms
2026-04-28T11:51:24  [INFO   ]  [T006/SC1/open_square] 60.2s/300s  pos=(6.14,1.21)  dist=4.80m  cmd=(0.80,0.03)  mpc_ok=100%  solve=36.0ms
2026-04-28T11:51:29  [INFO   ]  [T006/SC1/open_square] 65.2s/300s  pos=(6.28,2.06)  dist=3.95m  cmd=(0.80,0.03)  mpc_ok=100%  solve=24.5ms
2026-04-28T11:51:34  [INFO   ]  [T006/SC1/open_square] 70.2s/300s  pos=(5.97,2.82)  dist=3.18m  cmd=(0.80,-0.01)  mpc_ok=100%  solve=32.4ms
2026-04-28T11:51:39  [INFO   ]  [T006/SC1/open_square] 75.2s/300s  pos=(6.08,3.77)  dist=2.23m  cmd=(0.80,-0.02)  mpc_ok=100%  solve=31.9ms
2026-04-28T11:51:44  [INFO   ]  [T006/SC1/open_square] 80.2s/300s  pos=(6.10,4.53)  dist=1.48m  cmd=(0.80,-0.05)  mpc_ok=100%  solve=26.4ms
2026-04-28T11:51:49  [INFO   ]  [T006/SC1/open_square] 85.3s/300s  pos=(6.12,5.22)  dist=0.79m  cmd=(0.41,-0.09)  mpc_ok=100%  solve=22.9ms
2026-04-28T11:51:51  [INFO   ]  [T006/SC1/open_square] goal 2/3 reached  pos=(6.16,5.53)  elapsed=87s
2026-04-28T11:51:54  [INFO   ]  [T006/SC1/open_square] 90.3s/300s  pos=(6.02,5.73)  dist=6.03m  cmd=(0.04,-0.01)  mpc_ok=100%  solve=38.3ms
2026-04-28T11:51:59  [INFO   ]  [T006/SC1/open_square] 95.3s/300s  pos=(6.07,5.73)  dist=6.08m  cmd=(0.18,0.03)  mpc_ok=100%  solve=34.1ms
2026-04-28T11:52:05  [INFO   ]  [T006/SC1/open_square] 100.4s/300s  pos=(6.00,5.79)  dist=6.01m  cmd=(0.00,-0.00)  mpc_ok=100%  solve=34.8ms
2026-04-28T11:52:10  [INFO   ]  [T006/SC1/open_square] 105.4s/300s  pos=(6.05,5.75)  dist=6.05m  cmd=(0.05,0.03)  mpc_ok=100%  solve=36.6ms
2026-04-28T11:52:15  [INFO   ]  [T006/SC1/open_square] 110.4s/300s  pos=(6.00,5.77)  dist=6.01m  cmd=(0.20,-0.01)  mpc_ok=100%  solve=29.0ms
2026-04-28T11:52:20  [INFO   ]  [T006/SC1/open_square] 115.4s/300s  pos=(6.02,5.77)  dist=6.02m  cmd=(0.18,-0.00)  mpc_ok=100%  solve=29.3ms
2026-04-28T11:52:21  [WARNING]  [T006/SC1/open_square] early termination — insufficient progress over 30s (Δ=0.019 < 0.02)
2026-04-28T11:52:21  [INFO   ]  [T006/SC1/open_square] nav done — goals 2/3 (67%)  elapsed=117s  failure=early_term: insufficient progress over 30s (Δ=0.019 < 0.02)
2026-04-28T11:52:23  [DEBUG  ]  RosbagRecorder stopped  pid=41215
2026-04-28T11:52:23  [INFO   ]    → sc=open_square  goals=67%  score=0.448  weighted=0.0448  running=0.0448  dist=6.03  obs=0.999  scans=664
2026-04-28T11:52:23  [INFO   ]  ── Scenario 2/6: open_zigzag  (3 goals)  weight=0.10 ──
2026-04-28T11:52:23  [INFO   ]  [T006/SC2/open_zigzag] starting
2026-04-28T11:52:23  [INFO   ]    [sim] reusing Gazebo for world=default.sdf  — resetting robot pose
2026-04-28T11:52:28  [DEBUG  ]    [sim] reset strategy 'gazebo/set_entity_state' timed out (5s) — trying next
2026-04-28T11:52:33  [DEBUG  ]    [sim] reset strategy '/reset_robot_pose service' timed out (5s) — trying next
2026-04-28T11:52:34  [DEBUG  ]    [sim] reset strategy '/initialpose topic' returned 1 — trying next
2026-04-28T11:52:34  [WARNING]    [sim] all robot-reset strategies failed for scenario 'open_zigzag'  pos=(0.00, 0.00) — continuing without reset
2026-04-28T11:52:34  [DEBUG  ]  RosbagRecorder started  pid=41865  dir=/media/lorenzo/writable/Go2_navigation/tuning_results/trial_006/scenario_open_zigzag/rosbag
2026-04-28T11:52:34  [INFO   ]  [T006/SC2/open_zigzag] waiting 10s for Gazebo bridge…
2026-04-28T11:52:44  [INFO   ]  [T006/SC2/open_zigzag] spawning obstacles…
2026-04-28T11:53:08  [INFO   ]  [T006/SC2/open_zigzag] waiting 20s for planner…
2026-04-28T11:53:18  [DEBUG  ]  [T006/SC2/open_zigzag] heartbeat — 10s remaining
2026-04-28T11:53:28  [INFO   ]  [T006/SC2/open_zigzag] nav started — 3 goal(s), timeout=300s
2026-04-28T11:53:28  [INFO   ]  [T006/SC2/open_zigzag] 0.0s/300s  waiting for pose…
2026-04-28T11:53:28  [DEBUG  ]  [T006/SC2/open_zigzag] initial_dist set from first pose: 10.03m  pos=(6.01,5.71)
2026-04-28T11:53:33  [INFO   ]  [T006/SC2/open_zigzag] 5.0s/300s  pos=(5.99,5.75)  dist=10.01m  cmd=(0.00,-0.00)  mpc_ok=100%  solve=41.8ms
2026-04-28T11:53:38  [INFO   ]  [T006/SC2/open_zigzag] 10.0s/300s  pos=(5.98,5.79)  dist=10.01m  cmd=(0.01,-0.00)  mpc_ok=100%  solve=41.7ms
2026-04-28T11:53:43  [INFO   ]  [T006/SC2/open_zigzag] 15.1s/300s  pos=(6.05,5.69)  dist=10.08m  cmd=(0.32,-0.01)  mpc_ok=100%  solve=33.7ms
2026-04-28T11:53:48  [INFO   ]  [T006/SC2/open_zigzag] 20.1s/300s  pos=(6.06,5.72)  dist=10.08m  cmd=(0.25,0.02)  mpc_ok=100%  solve=31.4ms
2026-04-28T11:53:53  [INFO   ]  [T006/SC2/open_zigzag] 25.1s/300s  pos=(6.02,5.75)  dist=10.05m  cmd=(0.04,-0.00)  mpc_ok=100%  solve=39.4ms
2026-04-28T11:53:58  [WARNING]  [T006/SC2/open_zigzag] early termination — insufficient progress over 30s (Δ=-0.002 < 0.02)
2026-04-28T11:53:58  [INFO   ]  [T006/SC2/open_zigzag] nav done — goals 0/3 (0%)  elapsed=30s  failure=early_term: insufficient progress over 30s (Δ=-0.002 < 0.02)
2026-04-28T11:53:59  [DEBUG  ]  RosbagRecorder stopped  pid=41865
2026-04-28T11:53:59  [INFO   ]    → sc=open_zigzag  goals=0%  score=0.326  weighted=0.0326  running=0.0774  dist=7.37  obs=0.964  scans=7
2026-04-28T11:53:59  [INFO   ]  ── Scenario 3/6: warehouse_loop  (4 goals)  weight=0.25 ──
2026-04-28T11:53:59  [INFO   ]  [T006/SC3/warehouse_loop] starting
2026-04-28T11:53:59  [DEBUG  ]  Sending SIGTERM to sim_launch  pgid=40737
2026-04-28T11:53:59  [DEBUG  ]  sim_launch exited cleanly
2026-04-28T11:54:07  [DEBUG  ]    [sim] killed
2026-04-28T11:54:17  [INFO   ]    [sim] launched  pid=42157  world=warehouse.world
2026-04-28T11:54:17  [DEBUG  ]  RosbagRecorder started  pid=42634  dir=/media/lorenzo/writable/Go2_navigation/tuning_results/trial_006/scenario_warehouse_loop/rosbag
2026-04-28T11:54:17  [INFO   ]  [T006/SC3/warehouse_loop] waiting 10s for Gazebo bridge…
2026-04-28T11:54:27  [INFO   ]  [T006/SC3/warehouse_loop] spawning obstacles…
2026-04-28T11:54:57  [INFO   ]  [T006/SC3/warehouse_loop] waiting 20s for planner…
2026-04-28T11:55:07  [DEBUG  ]  [T006/SC3/warehouse_loop] heartbeat — 10s remaining
2026-04-28T11:55:17  [INFO   ]  [T006/SC3/warehouse_loop] nav started — 4 goal(s), timeout=180s
2026-04-28T11:55:17  [DEBUG  ]  [T006/SC3/warehouse_loop] initial_dist set from first pose: 15.98m  pos=(-5.98,-8.28)
2026-04-28T11:55:17  [INFO   ]  [T006/SC3/warehouse_loop] 0.0s/180s  pos=(-5.98,-8.28)  dist=15.98m  cmd=(0.00,0.00)  mpc_ok=nan%  solve=nanms
2026-04-28T11:55:22  [INFO   ]  [T006/SC3/warehouse_loop] 5.0s/180s  pos=(-5.53,-8.27)  dist=15.53m  cmd=(0.11,0.00)  mpc_ok=100%  solve=29.0ms
2026-04-28T11:55:27  [INFO   ]  [T006/SC3/warehouse_loop] 10.0s/180s  pos=(-5.14,-8.28)  dist=15.14m  cmd=(0.30,-0.01)  mpc_ok=100%  solve=32.5ms
2026-04-28T11:55:32  [INFO   ]  [T006/SC3/warehouse_loop] 15.1s/180s  pos=(-4.64,-8.28)  dist=14.64m  cmd=(0.27,-0.01)  mpc_ok=100%  solve=47.5ms
2026-04-28T11:55:37  [INFO   ]  [T006/SC3/warehouse_loop] 20.1s/180s  pos=(-4.17,-8.30)  dist=14.17m  cmd=(0.28,0.00)  mpc_ok=100%  solve=28.1ms
2026-04-28T11:55:42  [INFO   ]  [T006/SC3/warehouse_loop] 25.1s/180s  pos=(-3.66,-8.29)  dist=13.66m  cmd=(0.12,-0.00)  mpc_ok=100%  solve=30.2ms
2026-04-28T11:55:47  [INFO   ]  [T006/SC3/warehouse_loop] 30.1s/180s  pos=(-3.18,-8.29)  dist=13.19m  cmd=(0.11,0.00)  mpc_ok=100%  solve=31.8ms
2026-04-28T11:55:52  [INFO   ]  [T006/SC3/warehouse_loop] 35.1s/180s  pos=(-2.70,-8.29)  dist=12.70m  cmd=(0.30,-0.01)  mpc_ok=100%  solve=43.2ms
2026-04-28T11:55:57  [INFO   ]  [T006/SC3/warehouse_loop] 40.1s/180s  pos=(-2.27,-8.29)  dist=12.27m  cmd=(0.38,-0.03)  mpc_ok=100%  solve=29.7ms
2026-04-28T11:56:02  [INFO   ]  [T006/SC3/warehouse_loop] 45.1s/180s  pos=(-1.48,-8.31)  dist=11.48m  cmd=(0.29,-0.02)  mpc_ok=100%  solve=20.1ms
2026-04-28T11:56:07  [INFO   ]  [T006/SC3/warehouse_loop] 50.2s/180s  pos=(-0.88,-8.30)  dist=10.89m  cmd=(0.25,0.01)  mpc_ok=100%  solve=28.1ms
2026-04-28T11:56:12  [INFO   ]  [T006/SC3/warehouse_loop] 55.2s/180s  pos=(-0.53,-8.29)  dist=10.54m  cmd=(0.32,0.02)  mpc_ok=100%  solve=23.2ms
2026-04-28T11:56:17  [INFO   ]  [T006/SC3/warehouse_loop] 60.2s/180s  pos=(0.05,-8.30)  dist=9.95m  cmd=(0.05,-0.00)  mpc_ok=100%  solve=27.9ms
2026-04-28T11:56:22  [INFO   ]  [T006/SC3/warehouse_loop] 65.2s/180s  pos=(0.46,-8.31)  dist=9.55m  cmd=(0.09,-0.01)  mpc_ok=100%  solve=26.8ms
2026-04-28T11:56:27  [INFO   ]  [T006/SC3/warehouse_loop] 70.2s/180s  pos=(1.01,-8.32)  dist=8.99m  cmd=(0.21,-0.01)  mpc_ok=100%  solve=29.8ms
2026-04-28T11:56:32  [INFO   ]  [T006/SC3/warehouse_loop] 75.3s/180s  pos=(1.45,-8.31)  dist=8.56m  cmd=(0.27,-0.02)  mpc_ok=100%  solve=30.5ms
2026-04-28T11:56:37  [INFO   ]  [T006/SC3/warehouse_loop] 80.3s/180s  pos=(1.97,-8.30)  dist=8.03m  cmd=(0.21,0.00)  mpc_ok=100%  solve=25.6ms
2026-04-28T11:56:42  [INFO   ]  [T006/SC3/warehouse_loop] 85.3s/180s  pos=(2.37,-8.33)  dist=7.64m  cmd=(0.11,-0.01)  mpc_ok=100%  solve=34.4ms
2026-04-28T11:56:47  [INFO   ]  [T006/SC3/warehouse_loop] 90.3s/180s  pos=(3.01,-8.31)  dist=7.00m  cmd=(0.22,0.01)  mpc_ok=100%  solve=29.0ms
2026-04-28T11:56:53  [INFO   ]  [T006/SC3/warehouse_loop] 95.3s/180s  pos=(3.56,-8.30)  dist=6.45m  cmd=(0.12,0.00)  mpc_ok=100%  solve=32.9ms
2026-04-28T11:56:58  [INFO   ]  [T006/SC3/warehouse_loop] 100.4s/180s  pos=(3.98,-8.29)  dist=6.03m  cmd=(0.22,0.02)  mpc_ok=100%  solve=28.8ms
2026-04-28T11:57:03  [INFO   ]  [T006/SC3/warehouse_loop] 105.4s/180s  pos=(4.44,-8.30)  dist=5.57m  cmd=(0.24,0.02)  mpc_ok=100%  solve=37.3ms
2026-04-28T11:57:08  [INFO   ]  [T006/SC3/warehouse_loop] 110.4s/180s  pos=(4.80,-8.29)  dist=5.21m  cmd=(0.34,0.01)  mpc_ok=100%  solve=28.6ms
2026-04-28T11:57:13  [INFO   ]  [T006/SC3/warehouse_loop] 115.4s/180s  pos=(5.34,-8.29)  dist=4.67m  cmd=(0.17,-0.01)  mpc_ok=100%  solve=31.8ms
2026-04-28T11:57:18  [INFO   ]  [T006/SC3/warehouse_loop] 120.4s/180s  pos=(5.84,-8.30)  dist=4.17m  cmd=(0.23,0.00)  mpc_ok=100%  solve=25.1ms
2026-04-28T11:57:23  [INFO   ]  [T006/SC3/warehouse_loop] 125.5s/180s  pos=(6.29,-8.29)  dist=3.72m  cmd=(0.30,0.03)  mpc_ok=100%  solve=28.3ms
2026-04-28T11:57:28  [INFO   ]  [T006/SC3/warehouse_loop] 130.5s/180s  pos=(6.77,-8.25)  dist=3.24m  cmd=(0.27,0.03)  mpc_ok=100%  solve=31.0ms
2026-04-28T11:57:33  [INFO   ]  [T006/SC3/warehouse_loop] 135.5s/180s  pos=(7.16,-8.22)  dist=2.85m  cmd=(0.15,-0.02)  mpc_ok=100%  solve=25.5ms
2026-04-28T11:57:38  [INFO   ]  [T006/SC3/warehouse_loop] 140.5s/180s  pos=(7.72,-8.24)  dist=2.29m  cmd=(0.23,0.01)  mpc_ok=100%  solve=30.9ms
2026-04-28T11:57:43  [INFO   ]  [T006/SC3/warehouse_loop] 145.5s/180s  pos=(8.15,-8.23)  dist=1.87m  cmd=(0.27,0.01)  mpc_ok=100%  solve=29.9ms
2026-04-28T11:57:48  [INFO   ]  [T006/SC3/warehouse_loop] 150.5s/180s  pos=(8.65,-8.24)  dist=1.37m  cmd=(0.26,0.00)  mpc_ok=100%  solve=37.0ms
2026-04-28T11:57:53  [INFO   ]  [T006/SC3/warehouse_loop] 155.6s/180s  pos=(9.09,-8.24)  dist=0.94m  cmd=(0.14,0.00)  mpc_ok=100%  solve=36.6ms
2026-04-28T11:57:58  [INFO   ]  [T006/SC3/warehouse_loop] 160.6s/180s  pos=(9.27,-8.24)  dist=0.77m  cmd=(0.27,0.09)  mpc_ok=100%  solve=41.8ms
2026-04-28T11:58:03  [INFO   ]  [T006/SC3/warehouse_loop] 165.6s/180s  pos=(9.57,-8.26)  dist=0.50m  cmd=(0.10,-0.00)  mpc_ok=100%  solve=53.4ms
2026-04-28T11:58:03  [INFO   ]  [T006/SC3/warehouse_loop] goal 1/4 reached  pos=(9.57,-8.25)  elapsed=166s
2026-04-28T11:58:08  [INFO   ]  [T006/SC3/warehouse_loop] 170.6s/180s  pos=(9.32,-8.14)  dist=8.17m  cmd=(0.10,0.30)  mpc_ok=100%  solve=47.9ms
2026-04-28T11:58:13  [INFO   ]  [T006/SC3/warehouse_loop] 175.6s/180s  pos=(8.75,-7.93)  dist=8.03m  cmd=(0.33,0.07)  mpc_ok=100%  solve=62.9ms
2026-04-28T11:58:17  [INFO   ]  [T006/SC3/warehouse_loop] nav done — goals 1/4 (25%)  elapsed=180s  failure=None
2026-04-28T11:58:18  [DEBUG  ]  RosbagRecorder stopped  pid=42634
2026-04-28T11:58:18  [INFO   ]    → sc=warehouse_loop  goals=25%  score=0.353  weighted=0.0882  running=0.1656  dist=23.75  obs=0.998  scans=1502
2026-04-28T11:58:18  [INFO   ]  ── Scenario 4/6: warehouse_cross_aisle  (3 goals)  weight=0.20 ──
2026-04-28T11:58:18  [INFO   ]  [T006/SC4/warehouse_cross_aisle] starting
2026-04-28T11:58:18  [INFO   ]    [sim] reusing Gazebo for world=warehouse.world  — resetting robot pose
2026-04-28T11:58:23  [DEBUG  ]    [sim] reset strategy 'gazebo/set_entity_state' timed out (5s) — trying next
2026-04-28T11:58:28  [DEBUG  ]    [sim] reset strategy '/reset_robot_pose service' timed out (5s) — trying next
2026-04-28T11:58:29  [DEBUG  ]    [sim] reset strategy '/initialpose topic' returned 1 — trying next
2026-04-28T11:58:29  [WARNING]    [sim] all robot-reset strategies failed for scenario 'warehouse_cross_aisle'  pos=(-4.00, 8.00) — continuing without reset
2026-04-28T11:58:30  [DEBUG  ]  RosbagRecorder started  pid=43347  dir=/media/lorenzo/writable/Go2_navigation/tuning_results/trial_006/scenario_warehouse_cross_aisle/rosbag
2026-04-28T11:58:30  [INFO   ]  [T006/SC4/warehouse_cross_aisle] waiting 10s for Gazebo bridge…
2026-04-28T11:58:40  [INFO   ]  [T006/SC4/warehouse_cross_aisle] spawning obstacles…
2026-04-28T11:59:03  [INFO   ]  [T006/SC4/warehouse_cross_aisle] waiting 20s for planner…
2026-04-28T11:59:13  [DEBUG  ]  [T006/SC4/warehouse_cross_aisle] heartbeat — 10s remaining
2026-04-28T11:59:23  [INFO   ]  [T006/SC4/warehouse_cross_aisle] nav started — 3 goal(s), timeout=150s
2026-04-28T11:59:23  [INFO   ]  [T006/SC4/warehouse_cross_aisle] 0.0s/150s  waiting for pose…
2026-04-28T11:59:23  [DEBUG  ]  [T006/SC4/warehouse_cross_aisle] initial_dist set from first pose: 13.78m  pos=(9.78,-0.20)
2026-04-28T11:59:28  [INFO   ]  [T006/SC4/warehouse_cross_aisle] 5.1s/150s  pos=(9.76,-0.22)  dist=13.77m  cmd=(0.00,-0.00)  mpc_ok=100%  solve=40.2ms
2026-04-28T11:59:33  [INFO   ]  [T006/SC4/warehouse_cross_aisle] 10.1s/150s  pos=(9.76,-0.22)  dist=13.77m  cmd=(0.00,-0.00)  mpc_ok=100%  solve=52.8ms
2026-04-28T11:59:38  [INFO   ]  [T006/SC4/warehouse_cross_aisle] 15.1s/150s  pos=(9.77,-0.22)  dist=13.77m  cmd=(0.00,-0.00)  mpc_ok=100%  solve=47.7ms
2026-04-28T11:59:43  [INFO   ]  [T006/SC4/warehouse_cross_aisle] 20.1s/150s  pos=(9.77,-0.22)  dist=13.77m  cmd=(0.00,-0.00)  mpc_ok=100%  solve=42.6ms
2026-04-28T11:59:49  [INFO   ]  [T006/SC4/warehouse_cross_aisle] 25.1s/150s  pos=(9.76,-0.22)  dist=13.77m  cmd=(0.00,-0.00)  mpc_ok=100%  solve=48.1ms
2026-04-28T11:59:53  [WARNING]  [T006/SC4/warehouse_cross_aisle] early termination — insufficient progress over 30s (Δ=0.001 < 0.02)
2026-04-28T11:59:53  [INFO   ]  [T006/SC4/warehouse_cross_aisle] nav done — goals 0/3 (0%)  elapsed=30s  failure=early_term: insufficient progress over 30s (Δ=0.001 < 0.02)
2026-04-28T11:59:54  [DEBUG  ]  RosbagRecorder stopped  pid=43347
2026-04-28T11:59:54  [INFO   ]    → sc=warehouse_cross_aisle  goals=0%  score=0.330  weighted=0.0660  running=0.2316  dist=9.69  obs=1.000  scans=264
2026-04-28T11:59:54  [INFO   ]  ── Scenario 5/6: office_traverse  (3 goals)  weight=0.20 ──
2026-04-28T11:59:54  [INFO   ]  [T006/SC5/office_traverse] starting
2026-04-28T11:59:54  [DEBUG  ]  Sending SIGTERM to sim_launch  pgid=42157
2026-04-28T11:59:54  [DEBUG  ]  sim_launch exited cleanly
2026-04-28T12:00:02  [DEBUG  ]    [sim] killed
2026-04-28T12:00:13  [INFO   ]    [sim] launched  pid=43639  world=indoor_office.world
2026-04-28T12:00:13  [DEBUG  ]  RosbagRecorder started  pid=44116  dir=/media/lorenzo/writable/Go2_navigation/tuning_results/trial_006/scenario_office_traverse/rosbag
2026-04-28T12:00:13  [INFO   ]  [T006/SC5/office_traverse] waiting 10s for Gazebo bridge…
2026-04-28T12:00:23  [INFO   ]  [T006/SC5/office_traverse] spawning obstacles…
2026-04-28T12:00:46  [INFO   ]  [T006/SC5/office_traverse] waiting 20s for planner…
2026-04-28T12:00:56  [DEBUG  ]  [T006/SC5/office_traverse] heartbeat — 10s remaining
2026-04-28T12:01:06  [INFO   ]  [T006/SC5/office_traverse] nav started — 3 goal(s), timeout=150s
2026-04-28T12:01:06  [DEBUG  ]  [T006/SC5/office_traverse] initial_dist set from first pose: 5.43m  pos=(3.93,-5.43)
2026-04-28T12:01:06  [INFO   ]  [T006/SC5/office_traverse] 0.0s/150s  pos=(3.93,-5.43)  dist=5.43m  cmd=(0.00,0.00)  mpc_ok=nan%  solve=nanms
2026-04-28T12:01:11  [INFO   ]  [T006/SC5/office_traverse] 5.0s/150s  pos=(4.40,-4.31)  dist=4.33m  cmd=(0.50,-0.30)  mpc_ok=100%  solve=23.4ms
2026-04-28T12:01:16  [INFO   ]  [T006/SC5/office_traverse] 10.1s/150s  pos=(4.11,-4.14)  dist=4.14m  cmd=(0.80,-0.26)  mpc_ok=100%  solve=50.5ms
2026-04-28T12:01:21  [INFO   ]  [T006/SC5/office_traverse] 15.1s/150s  pos=(3.61,-3.28)  dist=3.30m  cmd=(0.80,-0.17)  mpc_ok=100%  solve=41.9ms
2026-04-28T12:01:26  [INFO   ]  [T006/SC5/office_traverse] 20.1s/150s  pos=(3.22,-2.14)  dist=2.28m  cmd=(0.57,-0.17)  mpc_ok=100%  solve=75.6ms
2026-04-28T12:01:31  [INFO   ]  [T006/SC5/office_traverse] 25.1s/150s  pos=(3.43,-1.41)  dist=1.52m  cmd=(0.26,-0.30)  mpc_ok=100%  solve=38.5ms
2026-04-28T12:01:36  [INFO   ]  [T006/SC5/office_traverse] 30.1s/150s  pos=(4.29,-1.56)  dist=1.59m  cmd=(-0.02,0.28)  mpc_ok=100%  solve=28.5ms
2026-04-28T12:01:41  [INFO   ]  [T006/SC5/office_traverse] 35.1s/150s  pos=(3.42,-1.58)  dist=1.68m  cmd=(0.72,-0.30)  mpc_ok=100%  solve=69.9ms
2026-04-28T12:01:46  [INFO   ]  [T006/SC5/office_traverse] 40.2s/150s  pos=(4.06,-0.61)  dist=0.61m  cmd=(-0.00,-0.23)  mpc_ok=100%  solve=40.4ms
2026-04-28T12:01:52  [INFO   ]  [T006/SC5/office_traverse] 45.2s/150s  pos=(3.30,-0.97)  dist=1.19m  cmd=(0.44,-0.06)  mpc_ok=100%  solve=65.4ms
2026-04-28T12:01:56  [INFO   ]  [T006/SC5/office_traverse] goal 1/3 reached  pos=(3.50,-0.02)  elapsed=49s
2026-04-28T12:01:57  [INFO   ]  [T006/SC5/office_traverse] 50.2s/150s  pos=(3.69,0.08)  dist=3.43m  cmd=(0.21,-0.19)  mpc_ok=100%  solve=27.5ms
2026-04-28T12:02:02  [INFO   ]  [T006/SC5/office_traverse] 55.2s/150s  pos=(3.59,1.28)  dist=2.25m  cmd=(0.80,-0.30)  mpc_ok=100%  solve=52.0ms
2026-04-28T12:02:07  [INFO   ]  [T006/SC5/office_traverse] 60.2s/150s  pos=(2.91,1.97)  dist=1.87m  cmd=(0.80,-0.03)  mpc_ok=100%  solve=45.4ms
2026-04-28T12:02:12  [INFO   ]  [T006/SC5/office_traverse] 65.2s/150s  pos=(2.18,2.52)  dist=2.07m  cmd=(0.80,0.10)  mpc_ok=100%  solve=40.4ms
2026-04-28T12:02:17  [INFO   ]  [T006/SC5/office_traverse] 70.3s/150s  pos=(1.90,3.42)  dist=2.10m  cmd=(0.80,-0.19)  mpc_ok=100%  solve=42.9ms
2026-04-28T12:02:22  [INFO   ]  [T006/SC5/office_traverse] 75.3s/150s  pos=(2.65,4.25)  dist=1.55m  cmd=(0.53,-0.28)  mpc_ok=100%  solve=80.8ms
2026-04-28T12:02:27  [INFO   ]  [T006/SC5/office_traverse] 80.3s/150s  pos=(2.86,3.75)  dist=1.17m  cmd=(-0.32,0.21)  mpc_ok=95%  solve=74.7ms
2026-04-28T12:02:31  [WARNING]  [T006/SC5/office_traverse] early termination — insufficient progress over 30s (Δ=0.018 < 0.02)
2026-04-28T12:02:31  [INFO   ]  [T006/SC5/office_traverse] nav done — goals 1/3 (33%)  elapsed=85s  failure=early_term: insufficient progress over 30s (Δ=0.018 < 0.02)
2026-04-28T12:02:32  [DEBUG  ]  RosbagRecorder stopped  pid=44116
2026-04-28T12:02:32  [INFO   ]    → sc=office_traverse  goals=33%  score=0.470  weighted=0.0939  running=0.3256  dist=2.38  obs=0.992  scans=708
2026-04-28T12:02:32  [INFO   ]  ── Scenario 6/6: office_corridor  (3 goals)  weight=0.15 ──
2026-04-28T12:02:32  [INFO   ]  [T006/SC6/office_corridor] starting
2026-04-28T12:02:32  [INFO   ]    [sim] reusing Gazebo for world=indoor_office.world  — resetting robot pose
2026-04-28T12:02:37  [DEBUG  ]    [sim] reset strategy 'gazebo/set_entity_state' timed out (5s) — trying next
2026-04-28T12:02:42  [DEBUG  ]    [sim] reset strategy '/reset_robot_pose service' timed out (5s) — trying next
2026-04-28T12:02:43  [DEBUG  ]    [sim] reset strategy '/initialpose topic' returned 1 — trying next
2026-04-28T12:02:43  [WARNING]    [sim] all robot-reset strategies failed for scenario 'office_corridor'  pos=(-4.00, -6.00) — continuing without reset
2026-04-28T12:02:43  [DEBUG  ]  RosbagRecorder started  pid=44766  dir=/media/lorenzo/writable/Go2_navigation/tuning_results/trial_006/scenario_office_corridor/rosbag
2026-04-28T12:02:43  [INFO   ]  [T006/SC6/office_corridor] waiting 10s for Gazebo bridge…
2026-04-28T12:02:53  [INFO   ]  [T006/SC6/office_corridor] spawning obstacles…
2026-04-28T12:03:17  [INFO   ]  [T006/SC6/office_corridor] waiting 20s for planner…
2026-04-28T12:03:27  [DEBUG  ]  [T006/SC6/office_corridor] heartbeat — 10s remaining
2026-04-28T12:03:37  [INFO   ]  [T006/SC6/office_corridor] nav started — 3 goal(s), timeout=150s
2026-04-28T12:03:37  [DEBUG  ]  [T006/SC6/office_corridor] initial_dist set from first pose: 5.06m  pos=(-0.17,3.32)
2026-04-28T12:03:37  [INFO   ]  [T006/SC6/office_corridor] 0.0s/150s  pos=(-0.17,3.32)  dist=5.06m  cmd=(0.00,0.00)  mpc_ok=nan%  solve=nanms
2026-04-28T12:03:42  [INFO   ]  [T006/SC6/office_corridor] 5.0s/150s  pos=(0.80,4.22)  dist=6.39m  cmd=(0.80,-0.30)  mpc_ok=100%  solve=62.6ms
2026-04-28T12:03:47  [INFO   ]  [T006/SC6/office_corridor] 10.1s/150s  pos=(2.07,3.56)  dist=7.03m  cmd=(-0.17,-0.30)  mpc_ok=100%  solve=41.9ms
2026-04-28T12:03:52  [INFO   ]  [T006/SC6/office_corridor] 15.1s/150s  pos=(1.41,3.28)  dist=6.32m  cmd=(0.80,0.15)  mpc_ok=100%  solve=27.9ms
2026-04-28T12:03:58  [INFO   ]  [T006/SC6/office_corridor] 20.1s/150s  pos=(1.74,4.02)  dist=7.00m  cmd=(0.80,-0.10)  mpc_ok=100%  solve=42.6ms
2026-04-28T12:04:03  [INFO   ]  [T006/SC6/office_corridor] 25.2s/150s  pos=(2.77,4.41)  dist=8.08m  cmd=(0.27,-0.30)  mpc_ok=100%  solve=59.4ms
2026-04-28T12:04:07  [WARNING]  [T006/SC6/office_corridor] early termination — insufficient progress over 30s (Δ=-0.625 < 0.02)
2026-04-28T12:04:07  [INFO   ]  [T006/SC6/office_corridor] nav done — goals 0/3 (0%)  elapsed=30s  failure=early_term: insufficient progress over 30s (Δ=-0.625 < 0.02)
2026-04-28T12:04:08  [DEBUG  ]  RosbagRecorder stopped  pid=44766
2026-04-28T12:04:08  [INFO   ]    → sc=office_corridor  goals=0%  score=0.383  weighted=0.0575  running=0.3830  dist=1.53  obs=0.997  scans=249
2026-04-28T12:04:08  [DEBUG  ]  Sending SIGTERM to sim_launch  pgid=43639
2026-04-28T12:04:08  [DEBUG  ]  sim_launch exited cleanly
2026-04-28T12:04:16  [DEBUG  ]    [sim] killed
2026-04-28T12:04:16  [INFO   ]  [GP] fitting on 6 observations…
2026-04-28T12:04:16  [INFO   ]  [GP] skipped — need at least 10 observations
2026-04-28T12:04:16  [INFO   ]  *** NEW BEST  score=0.3830 (+0.0177)  trial=006 ***
2026-04-28T12:04:16  [DEBUG  ]  [disk] removed bag  /media/lorenzo/writable/Go2_navigation/tuning_results/trial_001/scenario_open_zigzag/rosbag
2026-04-28T12:04:16  [DEBUG  ]  [disk] removed bag  /media/lorenzo/writable/Go2_navigation/tuning_results/trial_001/scenario_office_corridor/rosbag
2026-04-28T12:04:16  [DEBUG  ]  [disk] removed bag  /media/lorenzo/writable/Go2_navigation/tuning_results/trial_001/scenario_warehouse_loop/rosbag
2026-04-28T12:04:16  [DEBUG  ]  [disk] removed bag  /media/lorenzo/writable/Go2_navigation/tuning_results/trial_001/scenario_office_traverse/rosbag
2026-04-28T12:04:16  [DEBUG  ]  [disk] removed bag  /media/lorenzo/writable/Go2_navigation/tuning_results/trial_001/scenario_warehouse_cross_aisle/rosbag
2026-04-28T12:04:16  [DEBUG  ]  [disk] removed bag  /media/lorenzo/writable/Go2_navigation/tuning_results/trial_001/scenario_open_square/rosbag
2026-04-28T12:04:16  [INFO   ]  [trial 006/50]  aggregate=0.3830  best=0.3830(t006)  elapsed=14.9min  GP=waiting(need at least 10 observations)
2026-04-28T12:04:16  [INFO   ]  ============================================================
2026-04-28T12:04:16  [INFO   ]  Trial 007/50  [RANDOM INIT]  2026-04-28T12:04:16  ETA ~611min
2026-04-28T12:04:16  [INFO   ]  Params: {'grid_std': '0.242', 'mpc_Q_terminal': '161.739', 'mpc_Q_x': '441.210', 'mpc_Q_y': '86.786', 'mpc_Q_yaw': '14.955', 'mpc_W_obs_sigmoid': '294.678'}
2026-04-28T12:04:16  [INFO   ]  ============================================================
2026-04-28T12:04:16  [INFO   ]  ── Scenario 1/6: open_square  (3 goals)  weight=0.10 ──
2026-04-28T12:04:16  [INFO   ]  [T007/SC1/open_square] starting
2026-04-28T12:04:27  [INFO   ]    [sim] launched  pid=45077  world=default.sdf
2026-04-28T12:04:27  [DEBUG  ]  RosbagRecorder started  pid=45555  dir=/media/lorenzo/writable/Go2_navigation/tuning_results/trial_007/scenario_open_square/rosbag
2026-04-28T12:04:27  [INFO   ]  [T007/SC1/open_square] waiting 10s for Gazebo bridge…
2026-04-28T12:04:37  [INFO   ]  [T007/SC1/open_square] spawning obstacles…
2026-04-28T12:05:00  [INFO   ]  [T007/SC1/open_square] waiting 20s for planner…
2026-04-28T12:05:10  [DEBUG  ]  [T007/SC1/open_square] heartbeat — 10s remaining
2026-04-28T12:05:20  [INFO   ]  [T007/SC1/open_square] nav started — 3 goal(s), timeout=300s
2026-04-28T12:05:20  [INFO   ]  [T007/SC1/open_square] 0.0s/300s  waiting for pose…
2026-04-28T12:05:21  [DEBUG  ]  [T007/SC1/open_square] initial_dist set from first pose: 3.81m  pos=(2.19,0.12)
2026-04-28T12:05:25  [INFO   ]  [T007/SC1/open_square] 5.1s/300s  pos=(2.47,0.34)  dist=3.55m  cmd=(0.74,-0.23)  mpc_ok=100%  solve=44.5ms
2026-04-28T12:05:30  [INFO   ]  [T007/SC1/open_square] 10.1s/300s  pos=(2.38,-0.27)  dist=3.63m  cmd=(0.80,0.21)  mpc_ok=100%  solve=43.3ms
2026-04-28T12:05:35  [INFO   ]  [T007/SC1/open_square] 15.1s/300s  pos=(2.79,-0.27)  dist=3.23m  cmd=(0.48,0.30)  mpc_ok=100%  solve=51.4ms
2026-04-28T12:05:40  [INFO   ]  [T007/SC1/open_square] 20.1s/300s  pos=(3.15,0.38)  dist=2.87m  cmd=(0.80,-0.01)  mpc_ok=100%  solve=45.1ms
2026-04-28T12:05:45  [INFO   ]  [T007/SC1/open_square] 25.2s/300s  pos=(3.61,0.85)  dist=2.54m  cmd=(0.35,-0.03)  mpc_ok=100%  solve=107.2ms
2026-04-28T12:05:50  [INFO   ]  [T007/SC1/open_square] 30.2s/300s  pos=(3.74,-0.16)  dist=2.27m  cmd=(0.22,-0.30)  mpc_ok=100%  solve=38.6ms
2026-04-28T12:05:55  [INFO   ]  [T007/SC1/open_square] 35.2s/300s  pos=(3.61,-0.87)  dist=2.55m  cmd=(0.80,-0.30)  mpc_ok=100%  solve=37.7ms
2026-04-28T12:06:00  [INFO   ]  [T007/SC1/open_square] 40.2s/300s  pos=(4.25,-1.81)  dist=2.52m  cmd=(0.80,0.00)  mpc_ok=100%  solve=47.5ms
2026-04-28T12:06:05  [INFO   ]  [T007/SC1/open_square] 45.2s/300s  pos=(4.82,-1.99)  dist=2.32m  cmd=(0.80,-0.30)  mpc_ok=100%  solve=47.0ms
2026-04-28T12:06:11  [INFO   ]  [T007/SC1/open_square] 50.2s/300s  pos=(5.73,-1.72)  dist=1.74m  cmd=(0.72,-0.13)  mpc_ok=100%  solve=48.9ms
2026-04-28T12:06:16  [INFO   ]  [T007/SC1/open_square] 55.3s/300s  pos=(6.10,-1.29)  dist=1.29m  cmd=(0.59,0.07)  mpc_ok=100%  solve=121.4ms
2026-04-28T12:06:21  [INFO   ]  [T007/SC1/open_square] 60.3s/300s  pos=(6.18,-0.63)  dist=0.65m  cmd=(0.24,0.13)  mpc_ok=100%  solve=132.0ms
2026-04-28T12:06:22  [INFO   ]  [T007/SC1/open_square] goal 1/3 reached  pos=(6.22,-0.44)  elapsed=62s
2026-04-28T12:06:26  [INFO   ]  [T007/SC1/open_square] 65.3s/300s  pos=(6.41,-0.00)  dist=6.02m  cmd=(0.72,-0.02)  mpc_ok=100%  solve=34.6ms
2026-04-28T12:06:31  [INFO   ]  [T007/SC1/open_square] 70.4s/300s  pos=(6.50,0.26)  dist=5.76m  cmd=(0.80,0.10)  mpc_ok=100%  solve=34.9ms
2026-04-28T12:06:36  [INFO   ]  [T007/SC1/open_square] 75.4s/300s  pos=(6.54,0.88)  dist=5.15m  cmd=(0.80,0.04)  mpc_ok=100%  solve=47.8ms
2026-04-28T12:06:41  [INFO   ]  [T007/SC1/open_square] 80.4s/300s  pos=(6.54,1.85)  dist=4.18m  cmd=(0.80,0.18)  mpc_ok=100%  solve=20.3ms
2026-04-28T12:06:46  [INFO   ]  [T007/SC1/open_square] 85.4s/300s  pos=(6.41,2.59)  dist=3.44m  cmd=(0.80,0.08)  mpc_ok=100%  solve=25.1ms
2026-04-28T12:06:51  [INFO   ]  [T007/SC1/open_square] 90.5s/300s  pos=(5.98,3.36)  dist=2.64m  cmd=(0.80,-0.10)  mpc_ok=100%  solve=15.6ms
2026-04-28T12:06:56  [INFO   ]  [T007/SC1/open_square] 95.5s/300s  pos=(6.06,4.32)  dist=1.68m  cmd=(0.80,-0.04)  mpc_ok=100%  solve=30.3ms
2026-04-28T12:07:01  [INFO   ]  [T007/SC1/open_square] 100.5s/300s  pos=(6.08,5.10)  dist=0.90m  cmd=(0.44,0.00)  mpc_ok=100%  solve=35.4ms
2026-04-28T12:07:03  [INFO   ]  [T007/SC1/open_square] goal 2/3 reached  pos=(6.06,5.50)  elapsed=103s
2026-04-28T12:07:06  [INFO   ]  [T007/SC1/open_square] 105.5s/300s  pos=(5.95,5.63)  dist=5.96m  cmd=(0.19,0.01)  mpc_ok=100%  solve=36.3ms
2026-04-28T12:07:11  [INFO   ]  [T007/SC1/open_square] 110.5s/300s  pos=(5.88,5.68)  dist=5.89m  cmd=(0.12,-0.00)  mpc_ok=100%  solve=30.8ms
2026-04-28T12:07:16  [INFO   ]  [T007/SC1/open_square] 115.5s/300s  pos=(5.91,5.68)  dist=5.92m  cmd=(0.00,0.00)  mpc_ok=100%  solve=28.2ms
2026-04-28T12:07:21  [INFO   ]  [T007/SC1/open_square] 120.6s/300s  pos=(5.90,5.67)  dist=5.91m  cmd=(0.13,0.00)  mpc_ok=100%  solve=32.9ms
2026-04-28T12:07:26  [INFO   ]  [T007/SC1/open_square] 125.6s/300s  pos=(5.94,5.64)  dist=5.95m  cmd=(0.11,-0.01)  mpc_ok=100%  solve=37.5ms
2026-04-28T12:07:31  [INFO   ]  [T007/SC1/open_square] 130.6s/300s  pos=(5.95,5.64)  dist=5.96m  cmd=(0.14,-0.02)  mpc_ok=100%  solve=35.9ms
2026-04-28T12:07:33  [WARNING]  [T007/SC1/open_square] early termination — insufficient progress over 30s (Δ=0.020 < 0.02)
2026-04-28T12:07:33  [INFO   ]  [T007/SC1/open_square] nav done — goals 2/3 (67%)  elapsed=132s  failure=early_term: insufficient progress over 30s (Δ=0.020 < 0.02)
2026-04-28T12:07:34  [DEBUG  ]  RosbagRecorder stopped  pid=45555
2026-04-28T12:07:34  [INFO   ]    → sc=open_square  goals=67%  score=0.405  weighted=0.0405  running=0.0405  dist=5.97  obs=1.000  scans=665
2026-04-28T12:07:34  [INFO   ]  ── Scenario 2/6: open_zigzag  (3 goals)  weight=0.10 ──
2026-04-28T12:07:34  [INFO   ]  [T007/SC2/open_zigzag] starting
2026-04-28T12:07:34  [INFO   ]    [sim] reusing Gazebo for world=default.sdf  — resetting robot pose
2026-04-28T12:07:39  [DEBUG  ]    [sim] reset strategy 'gazebo/set_entity_state' timed out (5s) — trying next
2026-04-28T12:07:44  [DEBUG  ]    [sim] reset strategy '/reset_robot_pose service' timed out (5s) — trying next
2026-04-28T12:07:45  [DEBUG  ]    [sim] reset strategy '/initialpose topic' returned 1 — trying next
2026-04-28T12:07:45  [WARNING]    [sim] all robot-reset strategies failed for scenario 'open_zigzag'  pos=(0.00, 0.00) — continuing without reset
2026-04-28T12:07:45  [DEBUG  ]  RosbagRecorder started  pid=46205  dir=/media/lorenzo/writable/Go2_navigation/tuning_results/trial_007/scenario_open_zigzag/rosbag
2026-04-28T12:07:45  [INFO   ]  [T007/SC2/open_zigzag] waiting 10s for Gazebo bridge…
2026-04-28T12:07:55  [INFO   ]  [T007/SC2/open_zigzag] spawning obstacles…
2026-04-28T12:08:19  [INFO   ]  [T007/SC2/open_zigzag] waiting 20s for planner…
2026-04-28T12:08:29  [DEBUG  ]  [T007/SC2/open_zigzag] heartbeat — 10s remaining
2026-04-28T12:08:39  [INFO   ]  [T007/SC2/open_zigzag] nav started — 3 goal(s), timeout=300s
2026-04-28T12:08:39  [DEBUG  ]  [T007/SC2/open_zigzag] initial_dist set from first pose: 9.84m  pos=(5.81,5.73)
2026-04-28T12:08:39  [INFO   ]  [T007/SC2/open_zigzag] 0.0s/300s  pos=(5.81,5.73)  dist=9.84m  cmd=(0.00,0.00)  mpc_ok=nan%  solve=nanms
2026-04-28T12:08:44  [INFO   ]  [T007/SC2/open_zigzag] 5.0s/300s  pos=(5.81,5.73)  dist=9.84m  cmd=(0.00,0.00)  mpc_ok=100%  solve=42.0ms
2026-04-28T12:08:49  [INFO   ]  [T007/SC2/open_zigzag] 10.0s/300s  pos=(5.81,5.73)  dist=9.84m  cmd=(0.00,0.00)  mpc_ok=100%  solve=37.0ms
2026-04-28T12:08:54  [INFO   ]  [T007/SC2/open_zigzag] 15.0s/300s  pos=(5.81,5.73)  dist=9.84m  cmd=(0.00,0.00)  mpc_ok=100%  solve=37.0ms
2026-04-28T12:08:59  [INFO   ]  [T007/SC2/open_zigzag] 20.1s/300s  pos=(5.81,5.73)  dist=9.84m  cmd=(0.00,0.00)  mpc_ok=100%  solve=37.7ms
2026-04-28T12:09:04  [INFO   ]  [T007/SC2/open_zigzag] 25.1s/300s  pos=(5.81,5.73)  dist=9.84m  cmd=(0.00,0.00)  mpc_ok=100%  solve=41.8ms
2026-04-28T12:09:09  [WARNING]  [T007/SC2/open_zigzag] early termination — insufficient progress over 30s (Δ=-0.000 < 0.02)
2026-04-28T12:09:09  [INFO   ]  [T007/SC2/open_zigzag] nav done — goals 0/3 (0%)  elapsed=30s  failure=early_term: insufficient progress over 30s (Δ=-0.000 < 0.02)
2026-04-28T12:09:10  [DEBUG  ]  RosbagRecorder stopped  pid=46205
2026-04-28T12:09:10  [INFO   ]    → sc=open_zigzag  goals=0%  score=0.210  weighted=0.0210  running=0.0615  dist=7.21  obs=0.000  scans=0
2026-04-28T12:09:10  [INFO   ]  ── Scenario 3/6: warehouse_loop  (4 goals)  weight=0.25 ──
2026-04-28T12:09:10  [INFO   ]  [T007/SC3/warehouse_loop] starting
2026-04-28T12:09:10  [DEBUG  ]  Sending SIGTERM to sim_launch  pgid=45077
2026-04-28T12:09:10  [DEBUG  ]  sim_launch exited cleanly
2026-04-28T12:09:18  [DEBUG  ]    [sim] killed
2026-04-28T12:09:29  [INFO   ]    [sim] launched  pid=46497  world=warehouse.world
2026-04-28T12:09:29  [DEBUG  ]  RosbagRecorder started  pid=46974  dir=/media/lorenzo/writable/Go2_navigation/tuning_results/trial_007/scenario_warehouse_loop/rosbag
2026-04-28T12:09:29  [INFO   ]  [T007/SC3/warehouse_loop] waiting 10s for Gazebo bridge…
2026-04-28T12:09:39  [INFO   ]  [T007/SC3/warehouse_loop] spawning obstacles…
2026-04-28T12:10:09  [INFO   ]  [T007/SC3/warehouse_loop] waiting 20s for planner…
2026-04-28T12:10:19  [DEBUG  ]  [T007/SC3/warehouse_loop] heartbeat — 10s remaining
2026-04-28T12:10:29  [INFO   ]  [T007/SC3/warehouse_loop] nav started — 4 goal(s), timeout=180s
2026-04-28T12:10:29  [INFO   ]  [T007/SC3/warehouse_loop] 0.1s/180s  waiting for pose…
2026-04-28T12:10:29  [DEBUG  ]  [T007/SC3/warehouse_loop] initial_dist set from first pose: 15.95m  pos=(-5.95,-8.19)
2026-04-28T12:10:34  [INFO   ]  [T007/SC3/warehouse_loop] 5.1s/180s  pos=(-5.04,-8.21)  dist=15.04m  cmd=(0.74,0.04)  mpc_ok=100%  solve=32.3ms
2026-04-28T12:10:39  [INFO   ]  [T007/SC3/warehouse_loop] 10.1s/180s  pos=(-4.16,-8.21)  dist=14.16m  cmd=(0.32,0.00)  mpc_ok=100%  solve=28.8ms
2026-04-28T12:10:44  [INFO   ]  [T007/SC3/warehouse_loop] 15.1s/180s  pos=(-3.75,-8.19)  dist=13.75m  cmd=(0.23,-0.02)  mpc_ok=100%  solve=26.8ms
2026-04-28T12:10:49  [INFO   ]  [T007/SC3/warehouse_loop] 20.1s/180s  pos=(-3.13,-8.18)  dist=13.13m  cmd=(0.38,0.03)  mpc_ok=100%  solve=15.4ms
2026-04-28T12:10:54  [INFO   ]  [T007/SC3/warehouse_loop] 25.1s/180s  pos=(-2.54,-8.18)  dist=12.54m  cmd=(0.47,-0.01)  mpc_ok=100%  solve=21.0ms
2026-04-28T12:10:59  [INFO   ]  [T007/SC3/warehouse_loop] 30.2s/180s  pos=(-1.78,-8.19)  dist=11.78m  cmd=(0.53,0.01)  mpc_ok=100%  solve=24.2ms
2026-04-28T12:11:04  [INFO   ]  [T007/SC3/warehouse_loop] 35.2s/180s  pos=(-1.08,-8.21)  dist=11.08m  cmd=(0.35,-0.01)  mpc_ok=100%  solve=15.7ms
2026-04-28T12:11:09  [INFO   ]  [T007/SC3/warehouse_loop] 40.2s/180s  pos=(-0.53,-8.21)  dist=10.53m  cmd=(0.05,0.00)  mpc_ok=100%  solve=29.6ms
2026-04-28T12:11:14  [INFO   ]  [T007/SC3/warehouse_loop] 45.2s/180s  pos=(-0.14,-8.20)  dist=10.14m  cmd=(0.37,-0.00)  mpc_ok=100%  solve=26.5ms
2026-04-28T12:11:19  [INFO   ]  [T007/SC3/warehouse_loop] 50.3s/180s  pos=(0.44,-8.22)  dist=9.56m  cmd=(0.22,0.00)  mpc_ok=100%  solve=32.5ms
2026-04-28T12:11:24  [INFO   ]  [T007/SC3/warehouse_loop] 55.3s/180s  pos=(0.74,-8.22)  dist=9.26m  cmd=(0.54,-0.02)  mpc_ok=100%  solve=17.4ms
2026-04-28T12:11:29  [INFO   ]  [T007/SC3/warehouse_loop] 60.3s/180s  pos=(1.43,-8.23)  dist=8.57m  cmd=(0.31,0.01)  mpc_ok=100%  solve=31.6ms
2026-04-28T12:11:34  [INFO   ]  [T007/SC3/warehouse_loop] 65.3s/180s  pos=(1.88,-8.22)  dist=8.13m  cmd=(0.33,0.01)  mpc_ok=100%  solve=28.4ms
2026-04-28T12:11:39  [INFO   ]  [T007/SC3/warehouse_loop] 70.3s/180s  pos=(2.42,-8.21)  dist=7.58m  cmd=(0.32,-0.04)  mpc_ok=100%  solve=22.0ms
2026-04-28T12:11:44  [INFO   ]  [T007/SC3/warehouse_loop] 75.3s/180s  pos=(3.19,-8.21)  dist=6.81m  cmd=(0.46,-0.00)  mpc_ok=100%  solve=17.6ms
2026-04-28T12:11:49  [INFO   ]  [T007/SC3/warehouse_loop] 80.4s/180s  pos=(3.82,-8.19)  dist=6.18m  cmd=(0.30,0.02)  mpc_ok=100%  solve=33.2ms
2026-04-28T12:11:54  [INFO   ]  [T007/SC3/warehouse_loop] 85.4s/180s  pos=(4.30,-8.16)  dist=5.70m  cmd=(0.25,0.01)  mpc_ok=100%  solve=27.9ms
2026-04-28T12:11:59  [INFO   ]  [T007/SC3/warehouse_loop] 90.4s/180s  pos=(4.84,-8.15)  dist=5.16m  cmd=(0.14,-0.00)  mpc_ok=100%  solve=26.3ms
2026-04-28T12:12:04  [INFO   ]  [T007/SC3/warehouse_loop] 95.4s/180s  pos=(5.28,-8.16)  dist=4.73m  cmd=(0.21,0.00)  mpc_ok=100%  solve=25.1ms
2026-04-28T12:12:09  [INFO   ]  [T007/SC3/warehouse_loop] 100.4s/180s  pos=(5.79,-8.17)  dist=4.21m  cmd=(0.22,-0.00)  mpc_ok=100%  solve=26.2ms
2026-04-28T12:12:14  [INFO   ]  [T007/SC3/warehouse_loop] 105.4s/180s  pos=(6.10,-8.14)  dist=3.90m  cmd=(0.68,-0.01)  mpc_ok=100%  solve=14.8ms
2026-04-28T12:12:19  [INFO   ]  [T007/SC3/warehouse_loop] 110.4s/180s  pos=(7.01,-8.17)  dist=3.00m  cmd=(0.37,0.01)  mpc_ok=100%  solve=29.3ms
2026-04-28T12:12:24  [INFO   ]  [T007/SC3/warehouse_loop] 115.5s/180s  pos=(7.68,-8.15)  dist=2.33m  cmd=(0.03,-0.00)  mpc_ok=100%  solve=55.6ms
2026-04-28T12:12:29  [INFO   ]  [T007/SC3/warehouse_loop] 120.5s/180s  pos=(8.11,-8.17)  dist=1.90m  cmd=(0.30,-0.02)  mpc_ok=100%  solve=31.3ms
2026-04-28T12:12:34  [INFO   ]  [T007/SC3/warehouse_loop] 125.5s/180s  pos=(8.76,-8.19)  dist=1.25m  cmd=(0.35,-0.08)  mpc_ok=100%  solve=46.2ms
2026-04-28T12:12:39  [INFO   ]  [T007/SC3/warehouse_loop] 130.6s/180s  pos=(9.09,-8.23)  dist=0.94m  cmd=(0.28,0.02)  mpc_ok=100%  solve=35.4ms
2026-04-28T12:12:44  [INFO   ]  [T007/SC3/warehouse_loop] 135.6s/180s  pos=(9.28,-8.19)  dist=0.74m  cmd=(0.09,-0.03)  mpc_ok=100%  solve=31.1ms
2026-04-28T12:12:49  [INFO   ]  [T007/SC3/warehouse_loop] goal 1/4 reached  pos=(9.54,-8.18)  elapsed=140s
2026-04-28T12:12:49  [INFO   ]  [T007/SC3/warehouse_loop] 140.6s/180s  pos=(9.54,-8.18)  dist=8.19m  cmd=(0.00,-0.00)  mpc_ok=100%  solve=74.2ms
2026-04-28T12:12:54  [INFO   ]  [T007/SC3/warehouse_loop] 145.6s/180s  pos=(9.30,-8.19)  dist=8.22m  cmd=(0.00,0.00)  mpc_ok=100%  solve=57.1ms
2026-04-28T12:12:59  [INFO   ]  [T007/SC3/warehouse_loop] 150.6s/180s  pos=(8.93,-8.09)  dist=8.16m  cmd=(-0.05,0.03)  mpc_ok=100%  solve=40.2ms
2026-04-28T12:13:00  [WARNING]  [T007/SC3/warehouse_loop] early termination — insufficient progress over 30s (Δ=0.020 < 0.02)
2026-04-28T12:13:00  [INFO   ]  [T007/SC3/warehouse_loop] nav done — goals 1/4 (25%)  elapsed=152s  failure=early_term: insufficient progress over 30s (Δ=0.020 < 0.02)
2026-04-28T12:13:01  [DEBUG  ]  RosbagRecorder stopped  pid=46974
2026-04-28T12:13:01  [INFO   ]    → sc=warehouse_loop  goals=25%  score=0.359  weighted=0.0898  running=0.1513  dist=24.80  obs=0.999  scans=1144
2026-04-28T12:13:01  [INFO   ]  ── Scenario 4/6: warehouse_cross_aisle  (3 goals)  weight=0.20 ──
2026-04-28T12:13:01  [INFO   ]  [T007/SC4/warehouse_cross_aisle] starting
2026-04-28T12:13:01  [INFO   ]    [sim] reusing Gazebo for world=warehouse.world  — resetting robot pose
2026-04-28T12:13:06  [DEBUG  ]    [sim] reset strategy 'gazebo/set_entity_state' timed out (5s) — trying next
2026-04-28T12:13:11  [DEBUG  ]    [sim] reset strategy '/reset_robot_pose service' timed out (5s) — trying next
2026-04-28T12:13:13  [DEBUG  ]    [sim] reset strategy '/initialpose topic' returned 1 — trying next
2026-04-28T12:13:13  [WARNING]    [sim] all robot-reset strategies failed for scenario 'warehouse_cross_aisle'  pos=(-4.00, 8.00) — continuing without reset
2026-04-28T12:13:13  [DEBUG  ]  RosbagRecorder started  pid=47671  dir=/media/lorenzo/writable/Go2_navigation/tuning_results/trial_007/scenario_warehouse_cross_aisle/rosbag
2026-04-28T12:13:13  [INFO   ]  [T007/SC4/warehouse_cross_aisle] waiting 10s for Gazebo bridge…
2026-04-28T12:13:23  [INFO   ]  [T007/SC4/warehouse_cross_aisle] spawning obstacles…
2026-04-28T12:13:47  [INFO   ]  [T007/SC4/warehouse_cross_aisle] waiting 20s for planner…
2026-04-28T12:13:57  [DEBUG  ]  [T007/SC4/warehouse_cross_aisle] heartbeat — 10s remaining
2026-04-28T12:14:07  [INFO   ]  [T007/SC4/warehouse_cross_aisle] nav started — 3 goal(s), timeout=150s
2026-04-28T12:14:07  [INFO   ]  [T007/SC4/warehouse_cross_aisle] 0.1s/150s  waiting for pose…
2026-04-28T12:14:07  [DEBUG  ]  [T007/SC4/warehouse_cross_aisle] initial_dist set from first pose: 10.17m  pos=(5.76,-2.88)
2026-04-28T12:14:12  [INFO   ]  [T007/SC4/warehouse_cross_aisle] 5.1s/150s  pos=(6.70,-2.57)  dist=11.00m  cmd=(0.80,0.03)  mpc_ok=100%  solve=20.6ms
2026-04-28T12:14:17  [INFO   ]  [T007/SC4/warehouse_cross_aisle] 10.1s/150s  pos=(7.47,-2.11)  dist=11.66m  cmd=(0.80,-0.03)  mpc_ok=100%  solve=17.4ms
2026-04-28T12:14:22  [INFO   ]  [T007/SC4/warehouse_cross_aisle] 15.1s/150s  pos=(8.17,-1.51)  dist=12.26m  cmd=(0.80,-0.11)  mpc_ok=100%  solve=29.5ms
2026-04-28T12:14:27  [INFO   ]  [T007/SC4/warehouse_cross_aisle] 20.1s/150s  pos=(8.87,-0.97)  dist=12.91m  cmd=(0.80,0.02)  mpc_ok=100%  solve=36.4ms
2026-04-28T12:14:32  [INFO   ]  [T007/SC4/warehouse_cross_aisle] 25.1s/150s  pos=(9.54,-0.44)  dist=13.54m  cmd=(0.28,-0.01)  mpc_ok=100%  solve=28.9ms
2026-04-28T12:14:37  [WARNING]  [T007/SC4/warehouse_cross_aisle] early termination — insufficient progress over 30s (Δ=-0.353 < 0.02)
2026-04-28T12:14:37  [INFO   ]  [T007/SC4/warehouse_cross_aisle] nav done — goals 0/3 (0%)  elapsed=30s  failure=early_term: insufficient progress over 30s (Δ=-0.353 < 0.02)
2026-04-28T12:14:37  [DEBUG  ]  RosbagRecorder stopped  pid=47671
2026-04-28T12:14:37  [INFO   ]    → sc=warehouse_cross_aisle  goals=0%  score=0.328  weighted=0.0655  running=0.2168  dist=9.69  obs=1.000  scans=261
2026-04-28T12:14:37  [INFO   ]  ── Scenario 5/6: office_traverse  (3 goals)  weight=0.20 ──
2026-04-28T12:14:37  [INFO   ]  [T007/SC5/office_traverse] starting
2026-04-28T12:14:37  [DEBUG  ]  Sending SIGTERM to sim_launch  pgid=46497
2026-04-28T12:14:37  [DEBUG  ]  sim_launch exited cleanly
2026-04-28T12:14:45  [DEBUG  ]    [sim] killed
2026-04-28T12:14:56  [INFO   ]    [sim] launched  pid=47955  world=indoor_office.world
2026-04-28T12:14:56  [DEBUG  ]  RosbagRecorder started  pid=48432  dir=/media/lorenzo/writable/Go2_navigation/tuning_results/trial_007/scenario_office_traverse/rosbag
2026-04-28T12:14:56  [INFO   ]  [T007/SC5/office_traverse] waiting 10s for Gazebo bridge…
2026-04-28T12:15:06  [INFO   ]  [T007/SC5/office_traverse] spawning obstacles…
2026-04-28T12:15:29  [INFO   ]  [T007/SC5/office_traverse] waiting 20s for planner…
2026-04-28T12:15:39  [DEBUG  ]  [T007/SC5/office_traverse] heartbeat — 10s remaining
2026-04-28T12:15:49  [INFO   ]  [T007/SC5/office_traverse] nav started — 3 goal(s), timeout=150s
2026-04-28T12:15:50  [INFO   ]  [T007/SC5/office_traverse] 0.0s/150s  waiting for pose…
2026-04-28T12:15:50  [DEBUG  ]  [T007/SC5/office_traverse] initial_dist set from first pose: 6.69m  pos=(1.13,-6.04)
2026-04-28T12:15:55  [INFO   ]  [T007/SC5/office_traverse] 5.1s/150s  pos=(1.16,-6.00)  dist=6.63m  cmd=(0.80,0.30)  mpc_ok=100%  solve=27.0ms
2026-04-28T12:16:00  [INFO   ]  [T007/SC5/office_traverse] 10.1s/150s  pos=(0.96,-6.50)  dist=7.18m  cmd=(0.80,0.15)  mpc_ok=100%  solve=80.0ms
2026-04-28T12:16:05  [INFO   ]  [T007/SC5/office_traverse] 15.1s/150s  pos=(0.98,-6.31)  dist=6.99m  cmd=(-0.00,-0.30)  mpc_ok=100%  solve=65.6ms
2026-04-28T12:16:10  [INFO   ]  [T007/SC5/office_traverse] 20.1s/150s  pos=(2.04,-6.86)  dist=7.13m  cmd=(0.77,-0.30)  mpc_ok=100%  solve=71.0ms
2026-04-28T12:16:15  [INFO   ]  [T007/SC5/office_traverse] 25.1s/150s  pos=(2.82,-7.22)  dist=7.32m  cmd=(0.09,-0.23)  mpc_ok=100%  solve=68.1ms
2026-04-28T12:16:20  [WARNING]  [T007/SC5/office_traverse] early termination — insufficient progress over 30s (Δ=-0.050 < 0.02)
2026-04-28T12:16:20  [INFO   ]  [T007/SC5/office_traverse] nav done — goals 0/3 (0%)  elapsed=30s  failure=early_term: insufficient progress over 30s (Δ=-0.050 < 0.02)
2026-04-28T12:16:20  [DEBUG  ]  RosbagRecorder stopped  pid=48432
2026-04-28T12:16:20  [INFO   ]    → sc=office_traverse  goals=0%  score=0.308  weighted=0.0616  running=0.2783  dist=13.01  obs=0.815  scans=266
2026-04-28T12:16:20  [INFO   ]  ── Scenario 6/6: office_corridor  (3 goals)  weight=0.15 ──
2026-04-28T12:16:20  [INFO   ]  [T007/SC6/office_corridor] starting
2026-04-28T12:16:20  [INFO   ]    [sim] reusing Gazebo for world=indoor_office.world  — resetting robot pose
2026-04-28T12:16:25  [DEBUG  ]    [sim] reset strategy 'gazebo/set_entity_state' timed out (5s) — trying next
2026-04-28T12:16:30  [DEBUG  ]    [sim] reset strategy '/reset_robot_pose service' timed out (5s) — trying next
2026-04-28T12:16:32  [DEBUG  ]    [sim] reset strategy '/initialpose topic' returned 1 — trying next
2026-04-28T12:16:32  [WARNING]    [sim] all robot-reset strategies failed for scenario 'office_corridor'  pos=(-4.00, -6.00) — continuing without reset
2026-04-28T12:16:32  [DEBUG  ]  RosbagRecorder started  pid=49082  dir=/media/lorenzo/writable/Go2_navigation/tuning_results/trial_007/scenario_office_corridor/rosbag
2026-04-28T12:16:32  [INFO   ]  [T007/SC6/office_corridor] waiting 10s for Gazebo bridge…
2026-04-28T12:16:42  [INFO   ]  [T007/SC6/office_corridor] spawning obstacles…
2026-04-28T12:17:06  [INFO   ]  [T007/SC6/office_corridor] waiting 20s for planner…
2026-04-28T12:17:16  [DEBUG  ]  [T007/SC6/office_corridor] heartbeat — 10s remaining
2026-04-28T12:17:26  [INFO   ]  [T007/SC6/office_corridor] nav started — 3 goal(s), timeout=150s
2026-04-28T12:17:26  [INFO   ]  [T007/SC6/office_corridor] 0.0s/150s  waiting for pose…
2026-04-28T12:17:26  [DEBUG  ]  [T007/SC6/office_corridor] initial_dist set from first pose: 7.90m  pos=(3.90,-0.03)
2026-04-28T12:17:31  [INFO   ]  [T007/SC6/office_corridor] 5.0s/150s  pos=(3.90,-0.03)  dist=7.90m  cmd=(0.00,-0.00)  mpc_ok=100%  solve=38.3ms
2026-04-28T12:17:36  [INFO   ]  [T007/SC6/office_corridor] 10.0s/150s  pos=(3.90,-0.03)  dist=7.90m  cmd=(0.00,-0.00)  mpc_ok=100%  solve=40.3ms
2026-04-28T12:17:41  [INFO   ]  [T007/SC6/office_corridor] 15.0s/150s  pos=(3.90,-0.03)  dist=7.90m  cmd=(0.00,-0.00)  mpc_ok=100%  solve=41.0ms
2026-04-28T12:17:46  [INFO   ]  [T007/SC6/office_corridor] 20.0s/150s  pos=(3.90,-0.03)  dist=7.90m  cmd=(0.00,-0.00)  mpc_ok=100%  solve=42.6ms
2026-04-28T12:17:51  [INFO   ]  [T007/SC6/office_corridor] 25.0s/150s  pos=(3.90,-0.03)  dist=7.90m  cmd=(0.00,-0.00)  mpc_ok=100%  solve=45.4ms
2026-04-28T12:17:56  [WARNING]  [T007/SC6/office_corridor] early termination — insufficient progress over 30s (Δ=0.000 < 0.02)
2026-04-28T12:17:56  [INFO   ]  [T007/SC6/office_corridor] nav done — goals 0/3 (0%)  elapsed=30s  failure=early_term: insufficient progress over 30s (Δ=0.000 < 0.02)
2026-04-28T12:17:56  [DEBUG  ]  RosbagRecorder stopped  pid=49082
2026-04-28T12:17:56  [INFO   ]    → sc=office_corridor  goals=0%  score=0.330  weighted=0.0495  running=0.3279  dist=3.53  obs=1.000  scans=251
2026-04-28T12:17:56  [DEBUG  ]  Sending SIGTERM to sim_launch  pgid=47955
2026-04-28T12:17:56  [DEBUG  ]  sim_launch exited cleanly
2026-04-28T12:18:04  [DEBUG  ]    [sim] killed
2026-04-28T12:18:04  [INFO   ]  [GP] fitting on 7 observations…
2026-04-28T12:18:04  [INFO   ]  [GP] skipped — need at least 10 observations
2026-04-28T12:18:04  [DEBUG  ]  [disk] removed bag  /media/lorenzo/writable/Go2_navigation/tuning_results/trial_002/scenario_open_zigzag/rosbag
2026-04-28T12:18:04  [DEBUG  ]  [disk] removed bag  /media/lorenzo/writable/Go2_navigation/tuning_results/trial_002/scenario_office_corridor/rosbag
2026-04-28T12:18:04  [DEBUG  ]  [disk] removed bag  /media/lorenzo/writable/Go2_navigation/tuning_results/trial_002/scenario_warehouse_loop/rosbag
2026-04-28T12:18:04  [DEBUG  ]  [disk] removed bag  /media/lorenzo/writable/Go2_navigation/tuning_results/trial_002/scenario_office_traverse/rosbag
2026-04-28T12:18:04  [DEBUG  ]  [disk] removed bag  /media/lorenzo/writable/Go2_navigation/tuning_results/trial_002/scenario_warehouse_cross_aisle/rosbag
2026-04-28T12:18:04  [DEBUG  ]  [disk] removed bag  /media/lorenzo/writable/Go2_navigation/tuning_results/trial_002/scenario_open_square/rosbag
2026-04-28T12:18:04  [INFO   ]  [trial 007/50]  aggregate=0.3279  best=0.3830(t006)  elapsed=13.8min  GP=waiting(need at least 10 observations)
2026-04-28T12:18:05  [INFO   ]  ============================================================
2026-04-28T12:18:05  [INFO   ]  Trial 008/50  [RANDOM INIT]  2026-04-28T12:18:05  ETA ~597min
2026-04-28T12:18:05  [INFO   ]  Params: {'grid_std': '0.211', 'mpc_Q_terminal': '59.147', 'mpc_Q_x': '201.641', 'mpc_Q_y': '386.616', 'mpc_Q_yaw': '12.468', 'mpc_W_obs_sigmoid': '72.500'}
2026-04-28T12:18:05  [INFO   ]  ============================================================
2026-04-28T12:18:05  [INFO   ]  ── Scenario 1/6: open_square  (3 goals)  weight=0.10 ──
2026-04-28T12:18:05  [INFO   ]  [T008/SC1/open_square] starting
2026-04-28T12:18:15  [INFO   ]    [sim] launched  pid=49409  world=default.sdf
2026-04-28T12:18:15  [DEBUG  ]  RosbagRecorder started  pid=49887  dir=/media/lorenzo/writable/Go2_navigation/tuning_results/trial_008/scenario_open_square/rosbag
2026-04-28T12:18:15  [INFO   ]  [T008/SC1/open_square] waiting 10s for Gazebo bridge…
2026-04-28T12:18:25  [INFO   ]  [T008/SC1/open_square] spawning obstacles…
2026-04-28T12:18:49  [INFO   ]  [T008/SC1/open_square] waiting 20s for planner…
2026-04-28T12:18:59  [DEBUG  ]  [T008/SC1/open_square] heartbeat — 10s remaining
2026-04-28T12:19:09  [INFO   ]  [T008/SC1/open_square] nav started — 3 goal(s), timeout=300s
2026-04-28T12:19:09  [DEBUG  ]  [T008/SC1/open_square] initial_dist set from first pose: 2.58m  pos=(3.68,-1.12)
2026-04-28T12:19:09  [INFO   ]  [T008/SC1/open_square] 0.0s/300s  pos=(3.68,-1.12)  dist=2.58m  cmd=(0.00,0.00)  mpc_ok=nan%  solve=nanms
2026-04-28T12:19:14  [INFO   ]  [T008/SC1/open_square] 5.1s/300s  pos=(4.21,-1.60)  dist=2.40m  cmd=(0.80,0.30)  mpc_ok=100%  solve=37.3ms
2026-04-28T12:19:19  [INFO   ]  [T008/SC1/open_square] 10.1s/300s  pos=(5.14,-1.44)  dist=1.67m  cmd=(0.80,0.11)  mpc_ok=100%  solve=55.5ms
2026-04-28T12:19:24  [INFO   ]  [T008/SC1/open_square] 15.1s/300s  pos=(5.87,-1.25)  dist=1.26m  cmd=(0.39,0.30)  mpc_ok=100%  solve=37.8ms
2026-04-28T12:19:29  [INFO   ]  [T008/SC1/open_square] 20.1s/300s  pos=(6.22,-0.81)  dist=0.83m  cmd=(0.18,0.06)  mpc_ok=100%  solve=47.8ms
2026-04-28T12:19:32  [INFO   ]  [T008/SC1/open_square] goal 1/3 reached  pos=(6.14,-0.47)  elapsed=23s
2026-04-28T12:19:34  [INFO   ]  [T008/SC1/open_square] 25.1s/300s  pos=(6.36,-0.44)  dist=6.45m  cmd=(0.21,-0.09)  mpc_ok=100%  solve=30.9ms
2026-04-28T12:19:39  [INFO   ]  [T008/SC1/open_square] 30.1s/300s  pos=(6.49,0.28)  dist=5.74m  cmd=(0.80,-0.08)  mpc_ok=100%  solve=31.1ms
2026-04-28T12:19:44  [INFO   ]  [T008/SC1/open_square] 35.2s/300s  pos=(6.51,0.69)  dist=5.34m  cmd=(0.80,-0.22)  mpc_ok=100%  solve=24.9ms
2026-04-28T12:19:49  [INFO   ]  [T008/SC1/open_square] 40.2s/300s  pos=(6.55,1.62)  dist=4.42m  cmd=(0.80,-0.13)  mpc_ok=100%  solve=23.0ms
2026-04-28T12:19:54  [INFO   ]  [T008/SC1/open_square] 45.2s/300s  pos=(6.56,2.22)  dist=3.82m  cmd=(0.80,-0.26)  mpc_ok=100%  solve=27.1ms
2026-04-28T12:19:59  [INFO   ]  [T008/SC1/open_square] 50.2s/300s  pos=(6.60,2.63)  dist=3.43m  cmd=(0.80,0.20)  mpc_ok=100%  solve=26.4ms
2026-04-28T12:20:04  [INFO   ]  [T008/SC1/open_square] 55.3s/300s  pos=(6.54,3.39)  dist=2.66m  cmd=(0.80,0.27)  mpc_ok=100%  solve=41.0ms
2026-04-28T12:20:09  [INFO   ]  [T008/SC1/open_square] 60.3s/300s  pos=(6.22,4.11)  dist=1.91m  cmd=(0.80,-0.22)  mpc_ok=100%  solve=36.5ms
2026-04-28T12:20:14  [INFO   ]  [T008/SC1/open_square] 65.3s/300s  pos=(6.29,4.73)  dist=1.30m  cmd=(0.70,-0.03)  mpc_ok=100%  solve=41.7ms
2026-04-28T12:20:19  [INFO   ]  [T008/SC1/open_square] goal 2/3 reached  pos=(6.18,5.54)  elapsed=70s
2026-04-28T12:20:19  [INFO   ]  [T008/SC1/open_square] 70.3s/300s  pos=(6.17,5.54)  dist=6.18m  cmd=(0.37,-0.01)  mpc_ok=100%  solve=45.6ms
2026-04-28T12:20:24  [INFO   ]  [T008/SC1/open_square] 75.3s/300s  pos=(5.92,5.81)  dist=5.93m  cmd=(0.27,-0.01)  mpc_ok=100%  solve=36.0ms
2026-04-28T12:20:29  [INFO   ]  [T008/SC1/open_square] 80.4s/300s  pos=(5.86,5.84)  dist=5.87m  cmd=(0.00,-0.00)  mpc_ok=100%  solve=26.9ms
2026-04-28T12:20:34  [INFO   ]  [T008/SC1/open_square] 85.4s/300s  pos=(5.75,5.98)  dist=5.75m  cmd=(0.00,-0.00)  mpc_ok=100%  solve=43.3ms
2026-04-28T12:20:39  [INFO   ]  [T008/SC1/open_square] 90.4s/300s  pos=(5.82,5.90)  dist=5.82m  cmd=(0.00,-0.00)  mpc_ok=100%  solve=24.9ms
2026-04-28T12:20:44  [INFO   ]  [T008/SC1/open_square] 95.4s/300s  pos=(5.82,5.91)  dist=5.82m  cmd=(0.00,-0.00)  mpc_ok=100%  solve=32.4ms
2026-04-28T12:20:49  [INFO   ]  [T008/SC1/open_square] 100.4s/300s  pos=(5.82,5.91)  dist=5.82m  cmd=(0.00,-0.00)  mpc_ok=100%  solve=44.9ms
2026-04-28T12:20:54  [WARNING]  [T008/SC1/open_square] early termination — insufficient progress over 30s (Δ=0.020 < 0.02)
2026-04-28T12:20:54  [INFO   ]  [T008/SC1/open_square] nav done — goals 2/3 (67%)  elapsed=105s  failure=early_term: insufficient progress over 30s (Δ=0.020 < 0.02)
2026-04-28T12:20:55  [DEBUG  ]  RosbagRecorder stopped  pid=49887
2026-04-28T12:20:55  [INFO   ]    → sc=open_square  goals=67%  score=0.449  weighted=0.0449  running=0.0449  dist=5.82  obs=0.999  scans=392
2026-04-28T12:20:55  [INFO   ]  ── Scenario 2/6: open_zigzag  (3 goals)  weight=0.10 ──
2026-04-28T12:20:55  [INFO   ]  [T008/SC2/open_zigzag] starting
2026-04-28T12:20:55  [INFO   ]    [sim] reusing Gazebo for world=default.sdf  — resetting robot pose
2026-04-28T12:21:00  [DEBUG  ]    [sim] reset strategy 'gazebo/set_entity_state' timed out (5s) — trying next
2026-04-28T12:21:05  [DEBUG  ]    [sim] reset strategy '/reset_robot_pose service' timed out (5s) — trying next
2026-04-28T12:21:06  [DEBUG  ]    [sim] reset strategy '/initialpose topic' returned 1 — trying next
2026-04-28T12:21:06  [WARNING]    [sim] all robot-reset strategies failed for scenario 'open_zigzag'  pos=(0.00, 0.00) — continuing without reset
2026-04-28T12:21:06  [DEBUG  ]  RosbagRecorder started  pid=50537  dir=/media/lorenzo/writable/Go2_navigation/tuning_results/trial_008/scenario_open_zigzag/rosbag
2026-04-28T12:21:06  [INFO   ]  [T008/SC2/open_zigzag] waiting 10s for Gazebo bridge…
2026-04-28T12:21:16  [INFO   ]  [T008/SC2/open_zigzag] spawning obstacles…
2026-04-28T12:21:40  [INFO   ]  [T008/SC2/open_zigzag] waiting 20s for planner…
2026-04-28T12:21:50  [DEBUG  ]  [T008/SC2/open_zigzag] heartbeat — 10s remaining
2026-04-28T12:22:00  [INFO   ]  [T008/SC2/open_zigzag] nav started — 3 goal(s), timeout=300s
2026-04-28T12:22:00  [INFO   ]  [T008/SC2/open_zigzag] 0.1s/300s  waiting for pose…
2026-04-28T12:22:00  [DEBUG  ]  [T008/SC2/open_zigzag] initial_dist set from first pose: 9.86m  pos=(5.82,5.90)
2026-04-28T12:22:05  [INFO   ]  [T008/SC2/open_zigzag] 5.1s/300s  pos=(5.82,5.90)  dist=9.86m  cmd=(0.00,-0.00)  mpc_ok=100%  solve=30.5ms
2026-04-28T12:22:10  [INFO   ]  [T008/SC2/open_zigzag] 10.1s/300s  pos=(5.82,5.90)  dist=9.86m  cmd=(0.00,-0.00)  mpc_ok=100%  solve=38.0ms
2026-04-28T12:22:15  [INFO   ]  [T008/SC2/open_zigzag] 15.1s/300s  pos=(5.82,5.90)  dist=9.86m  cmd=(0.00,-0.00)  mpc_ok=100%  solve=25.4ms
2026-04-28T12:22:20  [INFO   ]  [T008/SC2/open_zigzag] 20.1s/300s  pos=(5.82,5.90)  dist=9.86m  cmd=(0.00,-0.00)  mpc_ok=100%  solve=26.6ms
2026-04-28T12:22:25  [INFO   ]  [T008/SC2/open_zigzag] 25.1s/300s  pos=(5.82,5.90)  dist=9.86m  cmd=(0.00,-0.00)  mpc_ok=100%  solve=29.9ms
2026-04-28T12:22:30  [WARNING]  [T008/SC2/open_zigzag] early termination — insufficient progress over 30s (Δ=-0.000 < 0.02)
2026-04-28T12:22:30  [INFO   ]  [T008/SC2/open_zigzag] nav done — goals 0/3 (0%)  elapsed=30s  failure=early_term: insufficient progress over 30s (Δ=-0.000 < 0.02)
2026-04-28T12:22:31  [DEBUG  ]  RosbagRecorder stopped  pid=50537
2026-04-28T12:22:31  [INFO   ]    → sc=open_zigzag  goals=0%  score=0.210  weighted=0.0210  running=0.0659  dist=7.11  obs=0.000  scans=0
2026-04-28T12:22:31  [INFO   ]  ── Scenario 3/6: warehouse_loop  (4 goals)  weight=0.25 ──
2026-04-28T12:22:31  [INFO   ]  [T008/SC3/warehouse_loop] starting
2026-04-28T12:22:31  [DEBUG  ]  Sending SIGTERM to sim_launch  pgid=49409
2026-04-28T12:22:31  [DEBUG  ]  sim_launch exited cleanly
2026-04-28T12:22:39  [DEBUG  ]    [sim] killed
2026-04-28T12:22:50  [INFO   ]    [sim] launched  pid=50829  world=warehouse.world
2026-04-28T12:22:50  [DEBUG  ]  RosbagRecorder started  pid=51306  dir=/media/lorenzo/writable/Go2_navigation/tuning_results/trial_008/scenario_warehouse_loop/rosbag
2026-04-28T12:22:50  [INFO   ]  [T008/SC3/warehouse_loop] waiting 10s for Gazebo bridge…
2026-04-28T12:23:00  [INFO   ]  [T008/SC3/warehouse_loop] spawning obstacles…
2026-04-28T12:23:29  [INFO   ]  [T008/SC3/warehouse_loop] waiting 20s for planner…
2026-04-28T12:23:40  [DEBUG  ]  [T008/SC3/warehouse_loop] heartbeat — 10s remaining
2026-04-28T12:23:50  [INFO   ]  [T008/SC3/warehouse_loop] nav started — 4 goal(s), timeout=180s
2026-04-28T12:23:50  [INFO   ]  [T008/SC3/warehouse_loop] 0.0s/180s  waiting for pose…
2026-04-28T12:23:51  [DEBUG  ]  [T008/SC3/warehouse_loop] initial_dist set from first pose: 18.03m  pos=(-8.03,-8.14)
2026-04-28T12:23:55  [INFO   ]  [T008/SC3/warehouse_loop] 5.0s/180s  pos=(-7.64,-8.14)  dist=17.64m  cmd=(0.21,-0.01)  mpc_ok=100%  solve=39.8ms
2026-04-28T12:24:00  [INFO   ]  [T008/SC3/warehouse_loop] 10.1s/180s  pos=(-7.22,-8.19)  dist=17.22m  cmd=(0.25,-0.04)  mpc_ok=100%  solve=32.7ms
2026-04-28T12:24:05  [INFO   ]  [T008/SC3/warehouse_loop] 15.1s/180s  pos=(-6.71,-8.23)  dist=16.72m  cmd=(0.07,0.00)  mpc_ok=100%  solve=29.1ms
2026-04-28T12:24:10  [INFO   ]  [T008/SC3/warehouse_loop] 20.1s/180s  pos=(-6.26,-8.23)  dist=16.26m  cmd=(0.04,0.00)  mpc_ok=100%  solve=23.1ms
2026-04-28T12:24:15  [INFO   ]  [T008/SC3/warehouse_loop] 25.2s/180s  pos=(-5.88,-8.26)  dist=15.88m  cmd=(0.33,-0.03)  mpc_ok=100%  solve=31.2ms
2026-04-28T12:24:20  [INFO   ]  [T008/SC3/warehouse_loop] 30.2s/180s  pos=(-5.47,-8.28)  dist=15.47m  cmd=(0.31,-0.00)  mpc_ok=100%  solve=18.9ms
2026-04-28T12:24:25  [INFO   ]  [T008/SC3/warehouse_loop] 35.2s/180s  pos=(-5.13,-8.29)  dist=15.13m  cmd=(0.35,-0.00)  mpc_ok=100%  solve=15.4ms
2026-04-28T12:24:30  [INFO   ]  [T008/SC3/warehouse_loop] 40.3s/180s  pos=(-4.56,-8.28)  dist=14.56m  cmd=(0.29,-0.01)  mpc_ok=100%  solve=32.4ms
2026-04-28T12:24:35  [INFO   ]  [T008/SC3/warehouse_loop] 45.3s/180s  pos=(-4.01,-8.27)  dist=14.01m  cmd=(0.23,0.00)  mpc_ok=100%  solve=34.5ms
2026-04-28T12:24:40  [INFO   ]  [T008/SC3/warehouse_loop] 50.3s/180s  pos=(-3.52,-8.29)  dist=13.52m  cmd=(0.27,0.01)  mpc_ok=100%  solve=28.5ms
2026-04-28T12:24:45  [INFO   ]  [T008/SC3/warehouse_loop] 55.3s/180s  pos=(-3.36,-8.29)  dist=13.36m  cmd=(0.58,0.02)  mpc_ok=100%  solve=15.4ms
2026-04-28T12:24:50  [INFO   ]  [T008/SC3/warehouse_loop] 60.3s/180s  pos=(-2.72,-8.28)  dist=12.72m  cmd=(0.41,-0.02)  mpc_ok=100%  solve=19.1ms
2026-04-28T12:24:55  [INFO   ]  [T008/SC3/warehouse_loop] 65.3s/180s  pos=(-2.06,-8.27)  dist=12.06m  cmd=(0.27,-0.01)  mpc_ok=100%  solve=15.2ms
2026-04-28T12:25:00  [INFO   ]  [T008/SC3/warehouse_loop] 70.4s/180s  pos=(-1.63,-8.27)  dist=11.63m  cmd=(0.23,-0.00)  mpc_ok=100%  solve=30.7ms
2026-04-28T12:25:05  [INFO   ]  [T008/SC3/warehouse_loop] 75.4s/180s  pos=(-1.06,-8.28)  dist=11.06m  cmd=(0.04,0.00)  mpc_ok=100%  solve=21.6ms
2026-04-28T12:25:10  [INFO   ]  [T008/SC3/warehouse_loop] 80.4s/180s  pos=(-0.57,-8.28)  dist=10.58m  cmd=(0.18,0.00)  mpc_ok=100%  solve=25.8ms
2026-04-28T12:25:15  [INFO   ]  [T008/SC3/warehouse_loop] 85.5s/180s  pos=(-0.05,-8.28)  dist=10.05m  cmd=(0.15,0.01)  mpc_ok=100%  solve=31.4ms
2026-04-28T12:25:20  [INFO   ]  [T008/SC3/warehouse_loop] 90.5s/180s  pos=(0.38,-8.27)  dist=9.62m  cmd=(0.30,-0.00)  mpc_ok=100%  solve=29.9ms
2026-04-28T12:25:25  [INFO   ]  [T008/SC3/warehouse_loop] 95.5s/180s  pos=(0.92,-8.28)  dist=9.09m  cmd=(0.19,0.00)  mpc_ok=100%  solve=18.9ms
2026-04-28T12:25:30  [INFO   ]  [T008/SC3/warehouse_loop] 100.6s/180s  pos=(1.38,-8.29)  dist=8.63m  cmd=(0.20,0.00)  mpc_ok=100%  solve=23.3ms
2026-04-28T12:25:35  [INFO   ]  [T008/SC3/warehouse_loop] 105.6s/180s  pos=(1.92,-8.28)  dist=8.09m  cmd=(0.17,0.00)  mpc_ok=100%  solve=22.7ms
2026-04-28T12:25:40  [INFO   ]  [T008/SC3/warehouse_loop] 110.7s/180s  pos=(2.37,-8.27)  dist=7.63m  cmd=(0.40,-0.04)  mpc_ok=100%  solve=20.2ms
2026-04-28T12:25:45  [INFO   ]  [T008/SC3/warehouse_loop] 115.7s/180s  pos=(3.02,-8.26)  dist=6.98m  cmd=(0.08,-0.00)  mpc_ok=100%  solve=31.6ms
2026-04-28T12:25:50  [INFO   ]  [T008/SC3/warehouse_loop] 120.7s/180s  pos=(3.60,-8.23)  dist=6.41m  cmd=(0.05,0.00)  mpc_ok=100%  solve=25.5ms
2026-04-28T12:25:55  [INFO   ]  [T008/SC3/warehouse_loop] 125.7s/180s  pos=(4.13,-8.22)  dist=5.87m  cmd=(0.12,0.00)  mpc_ok=100%  solve=21.2ms
2026-04-28T12:26:00  [INFO   ]  [T008/SC3/warehouse_loop] 130.7s/180s  pos=(4.52,-8.22)  dist=5.48m  cmd=(0.06,0.00)  mpc_ok=100%  solve=17.7ms
2026-04-28T12:26:05  [INFO   ]  [T008/SC3/warehouse_loop] 135.8s/180s  pos=(5.03,-8.23)  dist=4.97m  cmd=(0.30,0.01)  mpc_ok=100%  solve=31.8ms
2026-04-28T12:26:10  [INFO   ]  [T008/SC3/warehouse_loop] 140.8s/180s  pos=(5.57,-8.27)  dist=4.44m  cmd=(0.17,0.00)  mpc_ok=100%  solve=17.9ms
2026-04-28T12:26:15  [INFO   ]  [T008/SC3/warehouse_loop] 145.8s/180s  pos=(6.07,-8.27)  dist=3.94m  cmd=(0.24,-0.00)  mpc_ok=100%  solve=30.2ms
2026-04-28T12:26:20  [INFO   ]  [T008/SC3/warehouse_loop] 150.8s/180s  pos=(6.52,-8.28)  dist=3.49m  cmd=(0.07,0.02)  mpc_ok=100%  solve=33.5ms
2026-04-28T12:26:25  [INFO   ]  [T008/SC3/warehouse_loop] 155.8s/180s  pos=(6.95,-8.27)  dist=3.06m  cmd=(0.08,-0.00)  mpc_ok=100%  solve=38.4ms
2026-04-28T12:26:30  [INFO   ]  [T008/SC3/warehouse_loop] 160.9s/180s  pos=(7.43,-8.26)  dist=2.58m  cmd=(0.03,-0.00)  mpc_ok=100%  solve=33.8ms
2026-04-28T12:26:35  [INFO   ]  [T008/SC3/warehouse_loop] 165.9s/180s  pos=(7.87,-8.26)  dist=2.15m  cmd=(0.15,0.00)  mpc_ok=100%  solve=26.9ms
2026-04-28T12:26:40  [INFO   ]  [T008/SC3/warehouse_loop] 170.9s/180s  pos=(8.28,-8.24)  dist=1.73m  cmd=(0.01,0.00)  mpc_ok=100%  solve=33.8ms
2026-04-28T12:26:45  [INFO   ]  [T008/SC3/warehouse_loop] 175.9s/180s  pos=(8.67,-8.25)  dist=1.35m  cmd=(0.31,-0.00)  mpc_ok=100%  solve=39.0ms
2026-04-28T12:26:50  [INFO   ]  [T008/SC3/warehouse_loop] nav done — goals 0/4 (0%)  elapsed=180s  failure=None
2026-04-28T12:26:50  [DEBUG  ]  RosbagRecorder stopped  pid=51306
2026-04-28T12:26:50  [INFO   ]    → sc=warehouse_loop  goals=0%  score=0.309  weighted=0.0772  running=0.1431  dist=25.05  obs=0.998  scans=1508
2026-04-28T12:26:50  [INFO   ]  ── Scenario 4/6: warehouse_cross_aisle  (3 goals)  weight=0.20 ──
2026-04-28T12:26:50  [INFO   ]  [T008/SC4/warehouse_cross_aisle] starting
2026-04-28T12:26:50  [INFO   ]    [sim] reusing Gazebo for world=warehouse.world  — resetting robot pose
2026-04-28T12:26:55  [DEBUG  ]    [sim] reset strategy 'gazebo/set_entity_state' timed out (5s) — trying next
2026-04-28T12:27:00  [DEBUG  ]    [sim] reset strategy '/reset_robot_pose service' timed out (5s) — trying next
2026-04-28T12:27:02  [DEBUG  ]    [sim] reset strategy '/initialpose topic' returned 1 — trying next
2026-04-28T12:27:02  [WARNING]    [sim] all robot-reset strategies failed for scenario 'warehouse_cross_aisle'  pos=(-4.00, 8.00) — continuing without reset
2026-04-28T12:27:02  [DEBUG  ]  RosbagRecorder started  pid=52002  dir=/media/lorenzo/writable/Go2_navigation/tuning_results/trial_008/scenario_warehouse_cross_aisle/rosbag
2026-04-28T12:27:02  [INFO   ]  [T008/SC4/warehouse_cross_aisle] waiting 10s for Gazebo bridge…
2026-04-28T12:27:12  [INFO   ]  [T008/SC4/warehouse_cross_aisle] spawning obstacles…
2026-04-28T12:27:36  [INFO   ]  [T008/SC4/warehouse_cross_aisle] waiting 20s for planner…
2026-04-28T12:27:46  [DEBUG  ]  [T008/SC4/warehouse_cross_aisle] heartbeat — 10s remaining
2026-04-28T12:27:56  [INFO   ]  [T008/SC4/warehouse_cross_aisle] nav started — 3 goal(s), timeout=150s
2026-04-28T12:27:56  [INFO   ]  [T008/SC4/warehouse_cross_aisle] 0.0s/150s  waiting for pose…
2026-04-28T12:27:56  [DEBUG  ]  [T008/SC4/warehouse_cross_aisle] initial_dist set from first pose: 16.09m  pos=(9.84,-8.21)
2026-04-28T12:28:01  [INFO   ]  [T008/SC4/warehouse_cross_aisle] 5.1s/150s  pos=(9.78,-8.23)  dist=16.05m  cmd=(0.00,-0.00)  mpc_ok=100%  solve=48.1ms
2026-04-28T12:28:06  [INFO   ]  [T008/SC4/warehouse_cross_aisle] 10.1s/150s  pos=(9.77,-8.23)  dist=16.05m  cmd=(0.00,-0.00)  mpc_ok=100%  solve=49.1ms
2026-04-28T12:28:11  [INFO   ]  [T008/SC4/warehouse_cross_aisle] 15.1s/150s  pos=(9.77,-8.23)  dist=16.05m  cmd=(0.00,-0.00)  mpc_ok=100%  solve=47.3ms
2026-04-28T12:28:16  [INFO   ]  [T008/SC4/warehouse_cross_aisle] 20.1s/150s  pos=(9.77,-8.23)  dist=16.05m  cmd=(0.00,-0.00)  mpc_ok=100%  solve=34.0ms
2026-04-28T12:28:21  [INFO   ]  [T008/SC4/warehouse_cross_aisle] 25.1s/150s  pos=(9.77,-8.23)  dist=16.05m  cmd=(0.00,-0.00)  mpc_ok=100%  solve=73.9ms
2026-04-28T12:28:26  [WARNING]  [T008/SC4/warehouse_cross_aisle] early termination — insufficient progress over 30s (Δ=0.003 < 0.02)
2026-04-28T12:28:26  [INFO   ]  [T008/SC4/warehouse_cross_aisle] nav done — goals 0/3 (0%)  elapsed=30s  failure=early_term: insufficient progress over 30s (Δ=0.003 < 0.02)
2026-04-28T12:28:27  [DEBUG  ]  RosbagRecorder stopped  pid=52002
2026-04-28T12:28:27  [INFO   ]    → sc=warehouse_cross_aisle  goals=0%  score=0.332  weighted=0.0663  running=0.2094  dist=5.78  obs=1.000  scans=240
2026-04-28T12:28:27  [INFO   ]  ── Scenario 5/6: office_traverse  (3 goals)  weight=0.20 ──
2026-04-28T12:28:27  [INFO   ]  [T008/SC5/office_traverse] starting
2026-04-28T12:28:27  [DEBUG  ]  Sending SIGTERM to sim_launch  pgid=50829
2026-04-28T12:28:27  [DEBUG  ]  sim_launch exited cleanly
2026-04-28T12:28:29  [INFO   ]  [Interrupted] saving partial results…
2026-04-28T12:28:29  [INFO   ]  ============================================================
2026-04-28T12:28:29  [INFO   ]  COMPLETE — best=0.3830 (trial 6)
2026-04-28T12:28:29  [INFO   ]    grid_std: 0.1845
2026-04-28T12:28:29  [INFO   ]    mpc_Q_terminal: 273.8314
2026-04-28T12:28:29  [INFO   ]    mpc_Q_x: 375.4166
2026-04-28T12:28:29  [INFO   ]    mpc_Q_y: 248.8745
2026-04-28T12:28:29  [INFO   ]    mpc_Q_yaw: 2.4993
2026-04-28T12:28:29  [INFO   ]    mpc_W_obs_sigmoid: 314.1546
2026-04-28T12:28:29  [INFO   ]  Deploy:  cp /media/lorenzo/writable/Go2_navigation/tuning_results/best_planner_params.yaml /media/lorenzo/writable/Go2_navigation/src/a_star_mpc_planner/config/planner_params.yaml
2026-04-28T12:28:29  [INFO   ]  ============================================================
2026-04-28T12:39:13  [WARNING]  [resume] /media/lorenzo/writable/Go2_navigation/tuning_results/trial_007/hp_trials.joblib not found — fresh TPE state (GP history still loaded)
2026-04-28T12:39:13  [INFO   ]  [resume] restored 7 trials  best=0.3830 (t006)
2026-04-28T12:39:13  [INFO   ]  [resume] continuing from trial 7  (43 remaining)
2026-04-28T12:39:13  [INFO   ]  [ROS] rclpy initialised
2026-04-28T12:39:13  [INFO   ]  ############################################################
2026-04-28T12:39:13  [INFO   ]  # Bayesian MPC Tuner — Go2 Gazebo (hardened)
2026-04-28T12:39:13  [INFO   ]  # Trials=50  RandomInit=10  TPE=40
2026-04-28T12:39:13  [INFO   ]  # Scenarios/trial=6  Params=6
2026-04-28T12:39:13  [INFO   ]  # Est. time: ~20.4h
2026-04-28T12:39:13  [INFO   ]  # Results: /media/lorenzo/writable/Go2_navigation/tuning_results
2026-04-28T12:39:13  [INFO   ]  # [OK] scikit-learn 1.7.2 — GP active from trial 11
2026-04-28T12:39:13  [INFO   ]  # [OK] joblib required for gp_model.joblib — pip install joblib
2026-04-28T12:39:13  [INFO   ]  ############################################################
2026-04-28T12:39:13  [INFO   ]  ============================================================
2026-04-28T12:39:13  [INFO   ]  Trial 008/50  [RANDOM INIT]  2026-04-28T12:39:13  ETA ~0min
2026-04-28T12:39:13  [INFO   ]  Params: {'grid_std': '0.117', 'mpc_Q_terminal': '235.000', 'mpc_Q_x': '343.284', 'mpc_Q_y': '447.767', 'mpc_Q_yaw': '9.340', 'mpc_W_obs_sigmoid': '334.779'}
2026-04-28T12:39:13  [INFO   ]  ============================================================
2026-04-28T12:39:13  [INFO   ]  ── Scenario 1/6: open_square  (3 goals)  weight=0.10 ──
2026-04-28T12:39:13  [INFO   ]  [T008/SC1/open_square] starting
2026-04-28T12:39:24  [INFO   ]    [sim] launched  pid=52329  world=default.sdf
2026-04-28T12:39:24  [DEBUG  ]  RosbagRecorder started  pid=52806  dir=/media/lorenzo/writable/Go2_navigation/tuning_results/trial_008/scenario_open_square/rosbag
2026-04-28T12:39:24  [INFO   ]  [T008/SC1/open_square] waiting 10s for Gazebo bridge…
2026-04-28T12:39:34  [INFO   ]  [T008/SC1/open_square] spawning obstacles…
2026-04-28T12:39:58  [INFO   ]  [T008/SC1/open_square] waiting 20s for planner…
2026-04-28T12:40:08  [DEBUG  ]  [T008/SC1/open_square] heartbeat — 10s remaining
2026-04-28T12:40:18  [INFO   ]  [T008/SC1/open_square] nav started — 3 goal(s), timeout=300s
2026-04-28T12:40:18  [INFO   ]  [T008/SC1/open_square] 0.1s/300s  waiting for pose…
2026-04-28T12:40:18  [DEBUG  ]  [T008/SC1/open_square] initial_dist set from first pose: 4.87m  pos=(1.15,0.41)
2026-04-28T12:40:23  [INFO   ]  [T008/SC1/open_square] 5.1s/300s  pos=(1.26,0.81)  dist=4.81m  cmd=(0.80,-0.20)  mpc_ok=100%  solve=29.7ms
2026-04-28T12:40:28  [INFO   ]  [T008/SC1/open_square] 10.1s/300s  pos=(1.54,0.53)  dist=4.49m  cmd=(0.80,0.10)  mpc_ok=100%  solve=22.6ms
2026-04-28T12:40:33  [INFO   ]  [T008/SC1/open_square] 15.1s/300s  pos=(1.83,0.03)  dist=4.17m  cmd=(0.80,0.28)  mpc_ok=100%  solve=20.6ms
2026-04-28T12:40:38  [INFO   ]  [T008/SC1/open_square] 20.1s/300s  pos=(2.50,0.12)  dist=3.51m  cmd=(0.79,-0.15)  mpc_ok=100%  solve=29.7ms
2026-04-28T12:40:43  [INFO   ]  [T008/SC1/open_square] 25.1s/300s  pos=(2.74,-0.21)  dist=3.26m  cmd=(0.80,-0.30)  mpc_ok=100%  solve=34.7ms
2026-04-28T12:40:48  [INFO   ]  [T008/SC1/open_square] 30.1s/300s  pos=(3.07,-0.35)  dist=2.95m  cmd=(0.71,-0.05)  mpc_ok=100%  solve=109.1ms
2026-04-28T12:40:53  [INFO   ]  [T008/SC1/open_square] 35.1s/300s  pos=(3.65,-0.26)  dist=2.37m  cmd=(0.34,-0.20)  mpc_ok=100%  solve=49.0ms
2026-04-28T12:40:58  [INFO   ]  [T008/SC1/open_square] 40.1s/300s  pos=(3.81,-0.68)  dist=2.29m  cmd=(0.45,-0.22)  mpc_ok=100%  solve=56.9ms
2026-04-28T12:41:03  [INFO   ]  [T008/SC1/open_square] 45.1s/300s  pos=(4.19,-1.01)  dist=2.07m  cmd=(0.80,0.15)  mpc_ok=100%  solve=94.8ms
2026-04-28T12:41:08  [INFO   ]  [T008/SC1/open_square] 50.2s/300s  pos=(4.47,-0.85)  dist=1.75m  cmd=(0.05,-0.30)  mpc_ok=100%  solve=60.5ms
2026-04-28T12:41:13  [INFO   ]  [T008/SC1/open_square] 55.2s/300s  pos=(4.48,-1.36)  dist=2.04m  cmd=(0.80,0.01)  mpc_ok=100%  solve=43.7ms
2026-04-28T12:41:18  [INFO   ]  [T008/SC1/open_square] 60.3s/300s  pos=(4.63,-1.15)  dist=1.79m  cmd=(0.64,-0.06)  mpc_ok=100%  solve=43.0ms
2026-04-28T12:41:23  [INFO   ]  [T008/SC1/open_square] 65.3s/300s  pos=(4.90,-1.12)  dist=1.57m  cmd=(0.42,-0.30)  mpc_ok=100%  solve=64.0ms
2026-04-28T12:41:28  [INFO   ]  [T008/SC1/open_square] 70.3s/300s  pos=(5.09,-1.30)  dist=1.59m  cmd=(0.74,-0.28)  mpc_ok=100%  solve=35.7ms
2026-04-28T12:41:33  [INFO   ]  [T008/SC1/open_square] 75.3s/300s  pos=(5.24,-1.68)  dist=1.85m  cmd=(0.39,0.09)  mpc_ok=100%  solve=35.0ms
2026-04-28T12:41:35  [WARNING]  [T008/SC1/open_square] early termination — insufficient progress over 30s (Δ=0.020 < 0.02)
2026-04-28T12:41:35  [INFO   ]  [T008/SC1/open_square] nav done — goals 0/3 (0%)  elapsed=77s  failure=early_term: insufficient progress over 30s (Δ=0.020 < 0.02)
2026-04-28T12:41:35  [DEBUG  ]  RosbagRecorder stopped  pid=52806
2026-04-28T12:41:35  [INFO   ]    → sc=open_square  goals=0%  score=0.292  weighted=0.0292  running=0.0292  dist=9.37  obs=1.000  scans=380
2026-04-28T12:41:35  [INFO   ]  ── Scenario 2/6: open_zigzag  (3 goals)  weight=0.10 ──
2026-04-28T12:41:35  [INFO   ]  [T008/SC2/open_zigzag] starting
2026-04-28T12:41:35  [INFO   ]    [sim] reusing Gazebo for world=default.sdf  — resetting robot pose
2026-04-28T12:41:50  [DEBUG  ]    [sim] reset strategy 'gazebo/set_entity_state' timed out (15s) — trying next
2026-04-28T12:42:05  [DEBUG  ]    [sim] reset strategy '/reset_robot_pose service' timed out (15s) — trying next
2026-04-28T12:42:20  [DEBUG  ]    [sim] reset strategy '/initialpose topic' timed out (15s) — trying next
2026-04-28T12:42:20  [WARNING]    [sim] all robot-reset strategies failed for scenario 'open_zigzag'  pos=(0.00, 0.00) — continuing without reset
2026-04-28T12:42:20  [DEBUG  ]  RosbagRecorder started  pid=53421  dir=/media/lorenzo/writable/Go2_navigation/tuning_results/trial_008/scenario_open_zigzag/rosbag
2026-04-28T12:42:20  [INFO   ]  [T008/SC2/open_zigzag] waiting 10s for Gazebo bridge…
2026-04-28T12:42:30  [INFO   ]  [T008/SC2/open_zigzag] spawning obstacles…
2026-04-28T12:42:54  [INFO   ]  [T008/SC2/open_zigzag] waiting 20s for planner…
2026-04-28T12:43:04  [DEBUG  ]  [T008/SC2/open_zigzag] heartbeat — 10s remaining
2026-04-28T12:43:14  [INFO   ]  [T008/SC2/open_zigzag] nav started — 3 goal(s), timeout=300s
2026-04-28T12:43:14  [INFO   ]  [T008/SC2/open_zigzag] 0.1s/300s  waiting for pose…
2026-04-28T12:43:14  [DEBUG  ]  [T008/SC2/open_zigzag] initial_dist set from first pose: 11.71m  pos=(6.42,-0.34)
2026-04-28T12:43:19  [INFO   ]  [T008/SC2/open_zigzag] 5.1s/300s  pos=(6.55,-0.14)  dist=11.73m  cmd=(0.47,0.30)  mpc_ok=100%  solve=87.6ms
2026-04-28T12:43:24  [INFO   ]  [T008/SC2/open_zigzag] 10.1s/300s  pos=(6.03,-0.37)  dist=11.38m  cmd=(0.37,0.30)  mpc_ok=100%  solve=84.1ms
2026-04-28T12:43:29  [INFO   ]  [T008/SC2/open_zigzag] 15.1s/300s  pos=(5.12,-1.05)  dist=10.95m  cmd=(0.74,0.12)  mpc_ok=90%  solve=45.0ms
2026-04-28T12:43:34  [INFO   ]  [T008/SC2/open_zigzag] 20.1s/300s  pos=(4.28,-1.10)  dist=10.29m  cmd=(0.24,0.30)  mpc_ok=100%  solve=43.8ms
2026-04-28T12:43:39  [INFO   ]  [T008/SC2/open_zigzag] 25.1s/300s  pos=(3.91,-1.17)  dist=10.04m  cmd=(0.80,0.25)  mpc_ok=100%  solve=41.2ms
2026-04-28T12:43:44  [INFO   ]  [T008/SC2/open_zigzag] 30.1s/300s  pos=(3.39,-1.10)  dist=9.58m  cmd=(0.77,-0.16)  mpc_ok=100%  solve=29.9ms
2026-04-28T12:43:49  [INFO   ]  [T008/SC2/open_zigzag] 35.2s/300s  pos=(3.22,-0.71)  dist=9.20m  cmd=(0.55,-0.12)  mpc_ok=100%  solve=27.0ms
2026-04-28T12:43:54  [INFO   ]  [T008/SC2/open_zigzag] 40.2s/300s  pos=(2.47,-0.27)  dist=8.35m  cmd=(0.06,0.03)  mpc_ok=100%  solve=42.3ms
2026-04-28T12:43:59  [INFO   ]  [T008/SC2/open_zigzag] 45.2s/300s  pos=(2.55,-0.16)  dist=8.34m  cmd=(0.00,-0.00)  mpc_ok=100%  solve=47.0ms
2026-04-28T12:44:04  [INFO   ]  [T008/SC2/open_zigzag] 50.2s/300s  pos=(2.67,-0.09)  dist=8.39m  cmd=(0.04,-0.01)  mpc_ok=100%  solve=45.5ms
2026-04-28T12:44:09  [INFO   ]  [T008/SC2/open_zigzag] 55.2s/300s  pos=(2.41,-0.24)  dist=8.28m  cmd=(0.00,0.00)  mpc_ok=100%  solve=45.5ms
2026-04-28T12:44:14  [INFO   ]  [T008/SC2/open_zigzag] 60.3s/300s  pos=(2.49,-0.32)  dist=8.39m  cmd=(0.18,-0.08)  mpc_ok=100%  solve=30.1ms
2026-04-28T12:44:19  [INFO   ]  [T008/SC2/open_zigzag] 65.3s/300s  pos=(2.57,-0.27)  dist=8.42m  cmd=(0.28,0.03)  mpc_ok=100%  solve=26.4ms
2026-04-28T12:44:24  [WARNING]  [T008/SC2/open_zigzag] early termination — insufficient progress over 30s (Δ=0.019 < 0.02)
2026-04-28T12:44:24  [INFO   ]  [T008/SC2/open_zigzag] nav done — goals 0/3 (0%)  elapsed=70s  failure=early_term: insufficient progress over 30s (Δ=0.019 < 0.02)
2026-04-28T12:44:24  [DEBUG  ]  RosbagRecorder stopped  pid=53421
2026-04-28T12:44:24  [INFO   ]    → sc=open_zigzag  goals=0%  score=0.349  weighted=0.0349  running=0.0641  dist=10.49  obs=1.000  scans=425
2026-04-28T12:44:24  [INFO   ]  ── Scenario 3/6: warehouse_loop  (4 goals)  weight=0.25 ──
2026-04-28T12:44:24  [INFO   ]  [T008/SC3/warehouse_loop] starting
2026-04-28T12:44:24  [DEBUG  ]  Sending SIGTERM to sim_launch  pgid=52329
2026-04-28T12:44:24  [DEBUG  ]  sim_launch exited cleanly
2026-04-28T12:44:32  [DEBUG  ]    [sim] killed
2026-04-28T12:44:42  [INFO   ]    [sim] launched  pid=53694  world=warehouse.world
2026-04-28T12:44:42  [DEBUG  ]  RosbagRecorder started  pid=54171  dir=/media/lorenzo/writable/Go2_navigation/tuning_results/trial_008/scenario_warehouse_loop/rosbag
2026-04-28T12:44:42  [INFO   ]  [T008/SC3/warehouse_loop] waiting 10s for Gazebo bridge…
2026-04-28T12:44:46  [DEBUG  ]  RosbagRecorder stopped  pid=54171
2026-04-28T12:44:46  [INFO   ]  [Interrupted] saving partial results…
2026-04-28T12:44:47  [INFO   ]  ============================================================
2026-04-28T12:44:47  [INFO   ]  COMPLETE — best=0.3830 (trial 6)
2026-04-28T12:44:47  [INFO   ]    grid_std: 0.1845
2026-04-28T12:44:47  [INFO   ]    mpc_Q_terminal: 273.8314
2026-04-28T12:44:47  [INFO   ]    mpc_Q_x: 375.4166
2026-04-28T12:44:47  [INFO   ]    mpc_Q_y: 248.8745
2026-04-28T12:44:47  [INFO   ]    mpc_Q_yaw: 2.4993
2026-04-28T12:44:47  [INFO   ]    mpc_W_obs_sigmoid: 314.1546
2026-04-28T12:44:47  [INFO   ]  Deploy:  cp /media/lorenzo/writable/Go2_navigation/tuning_results/best_planner_params.yaml /media/lorenzo/writable/Go2_navigation/src/a_star_mpc_planner/config/planner_params.yaml
2026-04-28T12:44:47  [INFO   ]  ============================================================
2026-04-28T12:53:06  [WARNING]  [resume] /media/lorenzo/writable/Go2_navigation/tuning_results/trial_007/hp_trials.joblib not found — fresh TPE state (GP history still loaded)
2026-04-28T12:53:06  [INFO   ]  [resume] restored 7 trials  best=0.3830 (t006)
2026-04-28T12:53:06  [INFO   ]  [resume] continuing from trial 7  (43 remaining)
2026-04-28T12:53:06  [INFO   ]  [ROS] rclpy initialised
2026-04-28T12:53:06  [INFO   ]  ############################################################
2026-04-28T12:53:06  [INFO   ]  # Bayesian MPC Tuner — Go2 Gazebo (hardened)
2026-04-28T12:53:06  [INFO   ]  # Trials=50  RandomInit=10  TPE=40
2026-04-28T12:53:06  [INFO   ]  # Scenarios/trial=6  Params=6
2026-04-28T12:53:06  [INFO   ]  # Est. time: ~20.4h
2026-04-28T12:53:06  [INFO   ]  # Results: /media/lorenzo/writable/Go2_navigation/tuning_results
2026-04-28T12:53:06  [INFO   ]  # [OK] scikit-learn 1.7.2 — GP active from trial 11
2026-04-28T12:53:06  [INFO   ]  # [OK] joblib required for gp_model.joblib — pip install joblib
2026-04-28T12:53:06  [INFO   ]  ############################################################
2026-04-28T12:53:06  [INFO   ]  ============================================================
2026-04-28T12:53:06  [INFO   ]  Trial 008/50  [RANDOM INIT]  2026-04-28T12:53:06  ETA ~0min
2026-04-28T12:53:06  [INFO   ]  Params: {'grid_std': '0.117', 'mpc_Q_terminal': '235.000', 'mpc_Q_x': '343.284', 'mpc_Q_y': '447.767', 'mpc_Q_yaw': '9.340', 'mpc_W_obs_sigmoid': '334.779'}
2026-04-28T12:53:06  [INFO   ]  ============================================================
2026-04-28T12:53:06  [INFO   ]  ── Scenario 1/6: open_square  (3 goals)  weight=0.10 ──
2026-04-28T12:53:06  [INFO   ]  [T008/SC1/open_square] starting
2026-04-28T12:53:16  [INFO   ]    [sim] launched  pid=54529  world=default.sdf
2026-04-28T12:53:16  [DEBUG  ]  RosbagRecorder started  pid=55006  dir=/media/lorenzo/writable/Go2_navigation/tuning_results/trial_008/scenario_open_square/rosbag
2026-04-28T12:53:16  [INFO   ]  [T008/SC1/open_square] waiting 10s for Gazebo bridge…
2026-04-28T12:53:26  [INFO   ]  [T008/SC1/open_square] spawning obstacles…
2026-04-28T12:53:50  [INFO   ]  [T008/SC1/open_square] waiting 20s for planner…
2026-04-28T12:54:00  [DEBUG  ]  [T008/SC1/open_square] heartbeat — 10s remaining
2026-04-28T12:54:05  [DEBUG  ]  RosbagRecorder stopped  pid=55006
2026-04-28T12:54:05  [INFO   ]  [Interrupted] saving partial results…
2026-04-28T12:54:05  [INFO   ]  ============================================================
2026-04-28T12:54:05  [INFO   ]  COMPLETE — best=0.3830 (trial 6)
2026-04-28T12:54:05  [INFO   ]    grid_std: 0.1845
2026-04-28T12:54:05  [INFO   ]    mpc_Q_terminal: 273.8314
2026-04-28T12:54:05  [INFO   ]    mpc_Q_x: 375.4166
2026-04-28T12:54:05  [INFO   ]    mpc_Q_y: 248.8745
2026-04-28T12:54:05  [INFO   ]    mpc_Q_yaw: 2.4993
2026-04-28T12:54:05  [INFO   ]    mpc_W_obs_sigmoid: 314.1546
2026-04-28T12:54:05  [INFO   ]  Deploy:  cp /media/lorenzo/writable/Go2_navigation/tuning_results/best_planner_params.yaml /media/lorenzo/writable/Go2_navigation/src/a_star_mpc_planner/config/planner_params.yaml
2026-04-28T12:54:05  [INFO   ]  ============================================================
2026-04-28T12:54:36  [WARNING]  [resume] /media/lorenzo/writable/Go2_navigation/tuning_results/trial_007/hp_trials.joblib not found — fresh TPE state (GP history still loaded)
2026-04-28T12:54:36  [INFO   ]  [resume] restored 7 trials  best=0.3830 (t006)
2026-04-28T12:54:36  [INFO   ]  [resume] continuing from trial 7  (43 remaining)
2026-04-28T12:54:36  [INFO   ]  [ROS] rclpy initialised
2026-04-28T12:54:36  [INFO   ]  ############################################################
2026-04-28T12:54:36  [INFO   ]  # Bayesian MPC Tuner — Go2 Gazebo (hardened)
2026-04-28T12:54:36  [INFO   ]  # Trials=50  RandomInit=10  TPE=40
2026-04-28T12:54:36  [INFO   ]  # Scenarios/trial=6  Params=6
2026-04-28T12:54:36  [INFO   ]  # Est. time: ~20.4h
2026-04-28T12:54:36  [INFO   ]  # Results: /media/lorenzo/writable/Go2_navigation/tuning_results
2026-04-28T12:54:36  [INFO   ]  # [OK] scikit-learn 1.7.2 — GP active from trial 11
2026-04-28T12:54:36  [INFO   ]  # [OK] joblib required for gp_model.joblib — pip install joblib
2026-04-28T12:54:36  [INFO   ]  ############################################################
2026-04-28T12:54:36  [INFO   ]  ============================================================
2026-04-28T12:54:36  [INFO   ]  Trial 008/50  [RANDOM INIT]  2026-04-28T12:54:36  ETA ~0min
2026-04-28T12:54:36  [INFO   ]  Params: {'grid_std': '0.117', 'mpc_Q_terminal': '235.000', 'mpc_Q_x': '343.284', 'mpc_Q_y': '447.767', 'mpc_Q_yaw': '9.340', 'mpc_W_obs_sigmoid': '334.779'}
2026-04-28T12:54:36  [INFO   ]  ============================================================
2026-04-28T12:54:36  [INFO   ]  ── Scenario 1/6: open_square  (3 goals)  weight=0.10 ──
2026-04-28T12:54:36  [INFO   ]  [T008/SC1/open_square] starting
2026-04-28T12:54:46  [INFO   ]    [sim] launched  pid=55668  world=default.sdf
2026-04-28T12:54:46  [DEBUG  ]  RosbagRecorder started  pid=56145  dir=/media/lorenzo/writable/Go2_navigation/tuning_results/trial_008/scenario_open_square/rosbag
2026-04-28T12:54:46  [INFO   ]  [T008/SC1/open_square] waiting 10s for Gazebo bridge…
2026-04-28T12:54:56  [INFO   ]  [T008/SC1/open_square] spawning obstacles…
2026-04-28T12:55:21  [INFO   ]  [T008/SC1/open_square] waiting 20s for planner…
2026-04-28T12:55:31  [DEBUG  ]  [T008/SC1/open_square] heartbeat — 10s remaining
2026-04-28T12:55:41  [INFO   ]  [T008/SC1/open_square] nav started — 3 goal(s), timeout=300s
2026-04-28T12:55:41  [DEBUG  ]  [T008/SC1/open_square] initial_dist set from first pose: 4.11m  pos=(1.90,-0.32)
2026-04-28T12:55:41  [INFO   ]  [T008/SC1/open_square] 0.0s/300s  pos=(1.90,-0.32)  dist=4.11m  cmd=(0.00,0.00)  mpc_ok=nan%  solve=nanms
2026-04-28T12:55:46  [INFO   ]  [T008/SC1/open_square] 5.0s/300s  pos=(2.05,-0.22)  dist=3.96m  cmd=(0.34,-0.30)  mpc_ok=100%  solve=53.5ms
2026-04-28T12:55:51  [INFO   ]  [T008/SC1/open_square] 10.0s/300s  pos=(2.28,-0.51)  dist=3.75m  cmd=(0.80,-0.30)  mpc_ok=100%  solve=44.2ms
2026-04-28T12:55:56  [INFO   ]  [T008/SC1/open_square] 15.0s/300s  pos=(2.52,-1.11)  dist=3.65m  cmd=(0.80,0.30)  mpc_ok=100%  solve=133.5ms
2026-04-28T12:56:01  [INFO   ]  [T008/SC1/open_square] 20.0s/300s  pos=(2.70,-0.94)  dist=3.43m  cmd=(0.80,-0.09)  mpc_ok=100%  solve=99.6ms
2026-04-28T12:56:06  [INFO   ]  [T008/SC1/open_square] 25.0s/300s  pos=(3.45,-1.30)  dist=2.86m  cmd=(0.80,-0.30)  mpc_ok=100%  solve=93.2ms
2026-04-28T12:56:11  [INFO   ]  [T008/SC1/open_square] 30.1s/300s  pos=(3.60,-1.58)  dist=2.87m  cmd=(0.80,0.15)  mpc_ok=100%  solve=33.7ms
2026-04-28T12:56:16  [INFO   ]  [T008/SC1/open_square] 35.1s/300s  pos=(3.89,-1.52)  dist=2.60m  cmd=(0.80,-0.30)  mpc_ok=100%  solve=50.2ms
2026-04-28T12:56:21  [INFO   ]  [T008/SC1/open_square] 40.1s/300s  pos=(4.10,-1.66)  dist=2.52m  cmd=(0.80,-0.18)  mpc_ok=100%  solve=49.1ms
2026-04-28T12:56:26  [INFO   ]  [T008/SC1/open_square] 45.1s/300s  pos=(4.38,-2.01)  dist=2.58m  cmd=(0.80,0.30)  mpc_ok=100%  solve=35.3ms
2026-04-28T12:56:31  [INFO   ]  [T008/SC1/open_square] 50.2s/300s  pos=(4.41,-1.37)  dist=2.10m  cmd=(0.15,-0.30)  mpc_ok=100%  solve=50.1ms
2026-04-28T12:56:36  [INFO   ]  [T008/SC1/open_square] 55.2s/300s  pos=(5.03,-1.75)  dist=2.00m  cmd=(0.80,0.30)  mpc_ok=100%  solve=94.8ms
2026-04-28T12:56:41  [INFO   ]  [T008/SC1/open_square] 60.2s/300s  pos=(5.15,-1.29)  dist=1.54m  cmd=(0.29,-0.30)  mpc_ok=100%  solve=43.5ms
2026-04-28T12:56:46  [INFO   ]  [T008/SC1/open_square] 65.2s/300s  pos=(5.53,-1.22)  dist=1.31m  cmd=(0.37,-0.27)  mpc_ok=100%  solve=92.4ms
2026-04-28T12:56:51  [INFO   ]  [T008/SC1/open_square] 70.3s/300s  pos=(5.79,-1.53)  dist=1.55m  cmd=(0.46,0.27)  mpc_ok=100%  solve=72.7ms
2026-04-28T12:56:56  [INFO   ]  [T008/SC1/open_square] 75.3s/300s  pos=(5.76,-1.12)  dist=1.14m  cmd=(0.51,0.13)  mpc_ok=100%  solve=87.3ms
2026-04-28T12:57:01  [INFO   ]  [T008/SC1/open_square] 80.3s/300s  pos=(6.18,-0.99)  dist=1.01m  cmd=(0.23,0.00)  mpc_ok=100%  solve=41.9ms
2026-04-28T12:57:06  [INFO   ]  [T008/SC1/open_square] 85.3s/300s  pos=(6.30,-0.72)  dist=0.78m  cmd=(0.16,-0.19)  mpc_ok=100%  solve=83.1ms
2026-04-28T12:57:11  [INFO   ]  [T008/SC1/open_square] 90.3s/300s  pos=(6.72,-0.62)  dist=0.95m  cmd=(0.12,0.22)  mpc_ok=100%  solve=38.2ms
2026-04-28T12:57:16  [INFO   ]  [T008/SC1/open_square] 95.3s/300s  pos=(6.49,-0.68)  dist=0.84m  cmd=(0.41,0.14)  mpc_ok=95%  solve=42.8ms
2026-04-28T12:57:21  [INFO   ]  [T008/SC1/open_square] 100.3s/300s  pos=(6.36,-0.70)  dist=0.79m  cmd=(-0.01,-0.28)  mpc_ok=100%  solve=87.1ms
2026-04-28T12:57:24  [WARNING]  [T008/SC1/open_square] early termination — insufficient progress over 30s (Δ=0.019 < 0.02)
2026-04-28T12:57:24  [INFO   ]  [T008/SC1/open_square] nav done — goals 0/3 (0%)  elapsed=104s  failure=early_term: insufficient progress over 30s (Δ=0.019 < 0.02)
2026-04-28T12:57:25  [DEBUG  ]  RosbagRecorder stopped  pid=56145
2026-04-28T12:57:25  [INFO   ]    → sc=open_square  goals=0%  score=0.283  weighted=0.0283  running=0.0283  dist=9.64  obs=0.997  scans=483
2026-04-28T12:57:25  [INFO   ]  ── Scenario 2/6: open_zigzag  (3 goals)  weight=0.10 ──
2026-04-28T12:57:25  [INFO   ]  [T008/SC2/open_zigzag] starting
2026-04-28T12:57:25  [INFO   ]    [sim] reusing Gazebo for world=default.sdf  — resetting robot pose
2026-04-28T12:57:25  [DEBUG  ]    [sim] reset strategy 'gz service /world/default/set_pose' returned 255 — trying next
2026-04-28T12:57:25  [INFO   ]    [sim] robot reset via 'ign service /world/default/set_pose'  pos=(0.00, 0.00)  heading=0.000
2026-04-28T12:57:27  [DEBUG  ]  RosbagRecorder started  pid=56640  dir=/media/lorenzo/writable/Go2_navigation/tuning_results/trial_008/scenario_open_zigzag/rosbag
2026-04-28T12:57:27  [INFO   ]  [T008/SC2/open_zigzag] waiting 10s for Gazebo bridge…
2026-04-28T12:57:37  [INFO   ]  [T008/SC2/open_zigzag] spawning obstacles…
2026-04-28T12:58:01  [INFO   ]  [T008/SC2/open_zigzag] waiting 20s for planner…
2026-04-28T12:58:06  [DEBUG  ]  RosbagRecorder stopped  pid=56640
2026-04-28T12:58:06  [INFO   ]  [Interrupted] saving partial results…
2026-04-28T12:58:07  [INFO   ]  ============================================================
2026-04-28T12:58:07  [INFO   ]  COMPLETE — best=0.3830 (trial 6)
2026-04-28T12:58:07  [INFO   ]    grid_std: 0.1845
2026-04-28T12:58:07  [INFO   ]    mpc_Q_terminal: 273.8314
2026-04-28T12:58:07  [INFO   ]    mpc_Q_x: 375.4166
2026-04-28T12:58:07  [INFO   ]    mpc_Q_y: 248.8745
2026-04-28T12:58:07  [INFO   ]    mpc_Q_yaw: 2.4993
2026-04-28T12:58:07  [INFO   ]    mpc_W_obs_sigmoid: 314.1546
2026-04-28T12:58:07  [INFO   ]  Deploy:  cp /media/lorenzo/writable/Go2_navigation/tuning_results/best_planner_params.yaml /media/lorenzo/writable/Go2_navigation/src/a_star_mpc_planner/config/planner_params.yaml
2026-04-28T12:58:07  [INFO   ]  ============================================================
2026-04-28T13:02:59  [WARNING]  [resume] /media/lorenzo/writable/Go2_navigation/tuning_results/trial_007/hp_trials.joblib not found — fresh TPE state (GP history still loaded)
2026-04-28T13:02:59  [INFO   ]  [resume] restored 7 trials  best=0.3830 (t006)
2026-04-28T13:02:59  [INFO   ]  [resume] continuing from trial 7  (43 remaining)
2026-04-28T13:02:59  [INFO   ]  [ROS] rclpy initialised
2026-04-28T13:02:59  [INFO   ]  ############################################################
2026-04-28T13:02:59  [INFO   ]  # Bayesian MPC Tuner — Go2 Gazebo (hardened)
2026-04-28T13:02:59  [INFO   ]  # Trials=50  RandomInit=10  TPE=40
2026-04-28T13:02:59  [INFO   ]  # Scenarios/trial=6  Params=6
2026-04-28T13:02:59  [INFO   ]  # Est. time: ~20.4h
2026-04-28T13:02:59  [INFO   ]  # Results: /media/lorenzo/writable/Go2_navigation/tuning_results
2026-04-28T13:02:59  [INFO   ]  # [OK] scikit-learn 1.7.2 — GP active from trial 11
2026-04-28T13:02:59  [INFO   ]  # [OK] joblib required for gp_model.joblib — pip install joblib
2026-04-28T13:02:59  [INFO   ]  ############################################################
2026-04-28T13:02:59  [INFO   ]  ============================================================
2026-04-28T13:02:59  [INFO   ]  Trial 008/50  [RANDOM INIT]  2026-04-28T13:02:59  ETA ~0min
2026-04-28T13:02:59  [INFO   ]  Params: {'grid_std': '0.117', 'mpc_Q_terminal': '235.000', 'mpc_Q_x': '343.284', 'mpc_Q_y': '447.767', 'mpc_Q_yaw': '9.340', 'mpc_W_obs_sigmoid': '334.779'}
2026-04-28T13:02:59  [INFO   ]  ============================================================
2026-04-28T13:02:59  [INFO   ]  ── Scenario 1/6: open_square  (3 goals)  weight=0.10 ──
2026-04-28T13:02:59  [INFO   ]  [T008/SC1/open_square] starting
2026-04-28T13:03:10  [INFO   ]    [sim] launched  pid=56932  world=default.sdf
2026-04-28T13:03:10  [DEBUG  ]  RosbagRecorder started  pid=57409  dir=/media/lorenzo/writable/Go2_navigation/tuning_results/trial_008/scenario_open_square/rosbag
2026-04-28T13:03:10  [INFO   ]  [T008/SC1/open_square] waiting 10s for Gazebo bridge…
2026-04-28T13:03:20  [INFO   ]  [T008/SC1/open_square] spawning obstacles…
2026-04-28T13:03:43  [INFO   ]  [T008/SC1/open_square] waiting 20s for planner…
2026-04-28T13:03:51  [DEBUG  ]  RosbagRecorder stopped  pid=57409
2026-04-28T13:03:51  [INFO   ]  [Interrupted] saving partial results…
2026-04-28T13:03:52  [INFO   ]  ============================================================
2026-04-28T13:03:52  [INFO   ]  COMPLETE — best=0.3830 (trial 6)
2026-04-28T13:03:52  [INFO   ]    grid_std: 0.1845
2026-04-28T13:03:52  [INFO   ]    mpc_Q_terminal: 273.8314
2026-04-28T13:03:52  [INFO   ]    mpc_Q_x: 375.4166
2026-04-28T13:03:52  [INFO   ]    mpc_Q_y: 248.8745
2026-04-28T13:03:52  [INFO   ]    mpc_Q_yaw: 2.4993
2026-04-28T13:03:52  [INFO   ]    mpc_W_obs_sigmoid: 314.1546
2026-04-28T13:03:52  [INFO   ]  Deploy:  cp /media/lorenzo/writable/Go2_navigation/tuning_results/best_planner_params.yaml /media/lorenzo/writable/Go2_navigation/src/a_star_mpc_planner/config/planner_params.yaml
2026-04-28T13:03:52  [INFO   ]  ============================================================
2026-04-28T13:04:07  [WARNING]  [resume] /media/lorenzo/writable/Go2_navigation/tuning_results/trial_007/hp_trials.joblib not found — fresh TPE state (GP history still loaded)
2026-04-28T13:04:07  [INFO   ]  [resume] restored 7 trials  best=0.3830 (t006)
2026-04-28T13:04:07  [INFO   ]  [resume] continuing from trial 7  (43 remaining)
2026-04-28T13:04:07  [INFO   ]  [ROS] rclpy initialised
2026-04-28T13:04:07  [INFO   ]  ############################################################
2026-04-28T13:04:07  [INFO   ]  # Bayesian MPC Tuner — Go2 Gazebo (hardened)
2026-04-28T13:04:07  [INFO   ]  # Trials=50  RandomInit=10  TPE=40
2026-04-28T13:04:07  [INFO   ]  # Scenarios/trial=6  Params=6
2026-04-28T13:04:07  [INFO   ]  # Est. time: ~20.4h
2026-04-28T13:04:07  [INFO   ]  # Results: /media/lorenzo/writable/Go2_navigation/tuning_results
2026-04-28T13:04:07  [INFO   ]  # [OK] scikit-learn 1.7.2 — GP active from trial 11
2026-04-28T13:04:07  [INFO   ]  # [OK] joblib required for gp_model.joblib — pip install joblib
2026-04-28T13:04:07  [INFO   ]  ############################################################
2026-04-28T13:04:07  [INFO   ]  ============================================================
2026-04-28T13:04:07  [INFO   ]  Trial 008/50  [RANDOM INIT]  2026-04-28T13:04:07  ETA ~0min
2026-04-28T13:04:07  [INFO   ]  Params: {'grid_std': '0.117', 'mpc_Q_terminal': '235.000', 'mpc_Q_x': '343.284', 'mpc_Q_y': '447.767', 'mpc_Q_yaw': '9.340', 'mpc_W_obs_sigmoid': '334.779'}
2026-04-28T13:04:07  [INFO   ]  ============================================================
2026-04-28T13:04:07  [INFO   ]  ── Scenario 1/6: open_square  (3 goals)  weight=0.10 ──
2026-04-28T13:04:07  [INFO   ]  [T008/SC1/open_square] starting
2026-04-28T13:04:17  [INFO   ]    [sim] launched  pid=58075  world=default.sdf
2026-04-28T13:04:17  [DEBUG  ]  RosbagRecorder started  pid=58552  dir=/media/lorenzo/writable/Go2_navigation/tuning_results/trial_008/scenario_open_square/rosbag
2026-04-28T13:04:17  [INFO   ]  [T008/SC1/open_square] waiting 10s for Gazebo bridge…
2026-04-28T13:04:27  [INFO   ]  [T008/SC1/open_square] spawning obstacles…
2026-04-28T13:04:51  [INFO   ]  [T008/SC1/open_square] waiting 20s for planner…
2026-04-28T13:05:01  [DEBUG  ]  [T008/SC1/open_square] heartbeat — 10s remaining
2026-04-28T13:05:11  [INFO   ]  [T008/SC1/open_square] nav started — 3 goal(s), timeout=300s
2026-04-28T13:05:11  [INFO   ]  [T008/SC1/open_square] 0.0s/300s  waiting for pose…
2026-04-28T13:05:11  [DEBUG  ]  [T008/SC1/open_square] initial_dist set from first pose: 3.30m  pos=(3.20,-1.74)
2026-04-28T13:05:16  [INFO   ]  [T008/SC1/open_square] 5.0s/300s  pos=(4.22,-2.02)  dist=2.69m  cmd=(0.80,0.08)  mpc_ok=100%  solve=37.4ms
2026-04-28T13:05:21  [INFO   ]  [T008/SC1/open_square] 10.0s/300s  pos=(5.37,-1.96)  dist=2.06m  cmd=(0.80,0.05)  mpc_ok=100%  solve=52.3ms
2026-04-28T13:05:26  [INFO   ]  [T008/SC1/open_square] 15.0s/300s  pos=(6.18,-1.41)  dist=1.42m  cmd=(0.61,-0.19)  mpc_ok=100%  solve=42.5ms
2026-04-28T13:05:31  [INFO   ]  [T008/SC1/open_square] 20.1s/300s  pos=(6.50,-0.88)  dist=1.01m  cmd=(0.25,0.04)  mpc_ok=100%  solve=149.0ms
2026-04-28T13:05:36  [INFO   ]  [T008/SC1/open_square] 25.1s/300s  pos=(6.58,-0.33)  dist=0.67m  cmd=(0.31,0.09)  mpc_ok=100%  solve=78.0ms
2026-04-28T13:05:41  [INFO   ]  [T008/SC1/open_square] 30.1s/300s  pos=(6.46,-0.27)  dist=0.53m  cmd=(-0.17,0.30)  mpc_ok=100%  solve=32.8ms
2026-04-28T13:05:41  [INFO   ]  [T008/SC1/open_square] goal 1/3 reached  pos=(6.39,-0.29)  elapsed=31s
2026-04-28T13:05:46  [INFO   ]  [T008/SC1/open_square] 4.5s/300s  pos=(6.30,0.01)  dist=6.00m  cmd=(0.80,-0.12)  mpc_ok=100%  solve=44.0ms
2026-04-28T13:05:51  [INFO   ]  [T008/SC1/open_square] 9.5s/300s  pos=(6.49,0.38)  dist=5.64m  cmd=(0.80,-0.24)  mpc_ok=100%  solve=37.2ms
2026-04-28T13:05:56  [INFO   ]  [T008/SC1/open_square] 14.5s/300s  pos=(6.69,0.93)  dist=5.12m  cmd=(0.80,0.26)  mpc_ok=100%  solve=41.8ms
2026-04-28T13:06:01  [INFO   ]  [T008/SC1/open_square] 19.5s/300s  pos=(6.60,1.55)  dist=4.49m  cmd=(0.80,0.03)  mpc_ok=100%  solve=39.7ms
2026-04-28T13:06:06  [INFO   ]  [T008/SC1/open_square] 24.5s/300s  pos=(6.55,2.36)  dist=3.68m  cmd=(0.80,0.07)  mpc_ok=100%  solve=34.7ms
2026-04-28T13:06:11  [INFO   ]  [T008/SC1/open_square] 29.6s/300s  pos=(6.33,3.10)  dist=2.92m  cmd=(0.80,0.23)  mpc_ok=100%  solve=24.8ms
2026-04-28T13:06:16  [INFO   ]  [T008/SC1/open_square] 34.6s/300s  pos=(6.13,3.92)  dist=2.08m  cmd=(0.80,-0.01)  mpc_ok=100%  solve=32.1ms
2026-04-28T13:06:21  [INFO   ]  [T008/SC1/open_square] 39.6s/300s  pos=(6.12,4.70)  dist=1.30m  cmd=(0.74,0.03)  mpc_ok=100%  solve=38.8ms
2026-04-28T13:06:26  [INFO   ]  [T008/SC1/open_square] 44.6s/300s  pos=(6.08,5.48)  dist=0.52m  cmd=(0.28,-0.01)  mpc_ok=100%  solve=37.9ms
2026-04-28T13:06:26  [INFO   ]  [T008/SC1/open_square] goal 2/3 reached  pos=(6.08,5.51)  elapsed=45s
2026-04-28T13:06:31  [INFO   ]  [T008/SC1/open_square] 4.8s/300s  pos=(5.97,5.74)  dist=5.98m  cmd=(0.22,-0.01)  mpc_ok=100%  solve=42.8ms
2026-04-28T13:06:36  [INFO   ]  [T008/SC1/open_square] 9.8s/300s  pos=(6.04,5.67)  dist=6.05m  cmd=(0.32,-0.01)  mpc_ok=100%  solve=57.0ms
2026-04-28T13:06:41  [INFO   ]  [T008/SC1/open_square] 14.9s/300s  pos=(6.00,5.72)  dist=6.00m  cmd=(0.25,-0.01)  mpc_ok=100%  solve=31.0ms
2026-04-28T13:06:46  [INFO   ]  [T008/SC1/open_square] 19.9s/300s  pos=(6.01,5.72)  dist=6.02m  cmd=(0.25,0.00)  mpc_ok=100%  solve=35.4ms
2026-04-28T13:06:51  [INFO   ]  [T008/SC1/open_square] 24.9s/300s  pos=(5.91,5.78)  dist=5.92m  cmd=(0.02,-0.00)  mpc_ok=100%  solve=36.5ms
2026-04-28T13:06:56  [INFO   ]  [T008/SC1/open_square] 29.9s/300s  pos=(5.92,5.80)  dist=5.93m  cmd=(0.00,-0.00)  mpc_ok=100%  solve=31.6ms
2026-04-28T13:06:57  [WARNING]  [T008/SC1/open_square] early termination — insufficient progress over 30s (Δ=0.020 < 0.02)
2026-04-28T13:06:57  [INFO   ]  [T008/SC1/open_square] nav done — goals 2/3 (67%)  elapsed=31s  failure=early_term: insufficient progress over 30s (Δ=0.020 < 0.02)
2026-04-28T13:06:57  [DEBUG  ]  RosbagRecorder stopped  pid=58552
2026-04-28T13:06:57  [INFO   ]    → sc=open_square  goals=67%  score=0.454  weighted=0.0454  running=0.0454  dist=5.92  obs=1.000  scans=500
2026-04-28T13:06:57  [INFO   ]  ── Scenario 2/6: open_zigzag  (3 goals)  weight=0.10 ──
2026-04-28T13:06:57  [INFO   ]  [T008/SC2/open_zigzag] starting
2026-04-28T13:06:57  [INFO   ]    [sim] reusing Gazebo for world=default.sdf  — resetting robot pose
2026-04-28T13:06:58  [DEBUG  ]    [sim] reset strategy 'gz service /world/default/set_pose' returned 255 — trying next
2026-04-28T13:06:58  [INFO   ]    [sim] robot reset via 'ign service /world/default/set_pose'  pos=(0.00, 0.00)  heading=0.000
2026-04-28T13:07:01  [DEBUG  ]    [sim] nav-reset 'clear /a_star/path' ok
2026-04-28T13:07:01  [DEBUG  ]    [sim] nav-reset 'clear /mpc/predicted_path' ok
2026-04-28T13:07:01  [DEBUG  ]    [sim] nav-reset 'clear global costmap' returned 1
2026-04-28T13:07:01  [DEBUG  ]    [sim] nav-reset 'clear local costmap' returned 1
2026-04-28T13:07:01  [DEBUG  ]  RosbagRecorder started  pid=59227  dir=/media/lorenzo/writable/Go2_navigation/tuning_results/trial_008/scenario_open_zigzag/rosbag
2026-04-28T13:07:01  [INFO   ]  [T008/SC2/open_zigzag] waiting 10s for Gazebo bridge…
2026-04-28T13:07:11  [INFO   ]  [T008/SC2/open_zigzag] spawning obstacles…
2026-04-28T13:07:29  [DEBUG  ]  RosbagRecorder stopped  pid=59227
2026-04-28T13:07:29  [INFO   ]  [Interrupted] saving partial results…
2026-04-28T13:07:30  [INFO   ]  ============================================================
2026-04-28T13:07:30  [INFO   ]  COMPLETE — best=0.3830 (trial 6)
2026-04-28T13:07:30  [INFO   ]    grid_std: 0.1845
2026-04-28T13:07:30  [INFO   ]    mpc_Q_terminal: 273.8314
2026-04-28T13:07:30  [INFO   ]    mpc_Q_x: 375.4166
2026-04-28T13:07:30  [INFO   ]    mpc_Q_y: 248.8745
2026-04-28T13:07:30  [INFO   ]    mpc_Q_yaw: 2.4993
2026-04-28T13:07:30  [INFO   ]    mpc_W_obs_sigmoid: 314.1546
2026-04-28T13:07:30  [INFO   ]  Deploy:  cp /media/lorenzo/writable/Go2_navigation/tuning_results/best_planner_params.yaml /media/lorenzo/writable/Go2_navigation/src/a_star_mpc_planner/config/planner_params.yaml
2026-04-28T13:07:30  [INFO   ]  ============================================================
2026-04-28T13:10:31  [WARNING]  [resume] /media/lorenzo/writable/Go2_navigation/tuning_results/trial_007/hp_trials.joblib not found — fresh TPE state (GP history still loaded)
2026-04-28T13:10:31  [INFO   ]  [resume] restored 7 trials  best=0.3830 (t006)
2026-04-28T13:10:31  [INFO   ]  [resume] continuing from trial 7  (43 remaining)
2026-04-28T13:10:31  [INFO   ]  [ROS] rclpy initialised
2026-04-28T13:10:31  [INFO   ]  ############################################################
2026-04-28T13:10:31  [INFO   ]  # Bayesian MPC Tuner — Go2 Gazebo (hardened)
2026-04-28T13:10:31  [INFO   ]  # Trials=50  RandomInit=10  TPE=40
2026-04-28T13:10:31  [INFO   ]  # Scenarios/trial=6  Params=6
2026-04-28T13:10:31  [INFO   ]  # Est. time: ~20.4h
2026-04-28T13:10:31  [INFO   ]  # Results: /media/lorenzo/writable/Go2_navigation/tuning_results
2026-04-28T13:10:31  [INFO   ]  # [OK] scikit-learn 1.7.2 — GP active from trial 11
2026-04-28T13:10:31  [INFO   ]  # [OK] joblib required for gp_model.joblib — pip install joblib
2026-04-28T13:10:31  [INFO   ]  ############################################################
2026-04-28T13:10:31  [INFO   ]  ============================================================
2026-04-28T13:10:31  [INFO   ]  Trial 008/50  [RANDOM INIT]  2026-04-28T13:10:31  ETA ~0min
2026-04-28T13:10:31  [INFO   ]  Params: {'grid_std': '0.117', 'mpc_Q_terminal': '235.000', 'mpc_Q_x': '343.284', 'mpc_Q_y': '447.767', 'mpc_Q_yaw': '9.340', 'mpc_W_obs_sigmoid': '334.779'}
2026-04-28T13:10:31  [INFO   ]  ============================================================
2026-04-28T13:10:31  [INFO   ]  ── Scenario 1/6: open_square  (3 goals)  weight=0.10 ──
2026-04-28T13:10:31  [INFO   ]  [T008/SC1/open_square] starting
2026-04-28T13:10:41  [INFO   ]  [Interrupted] saving partial results…
2026-04-28T13:10:41  [INFO   ]  ============================================================
2026-04-28T13:10:41  [INFO   ]  COMPLETE — best=0.3830 (trial 6)
2026-04-28T13:10:41  [INFO   ]    grid_std: 0.1845
2026-04-28T13:10:41  [INFO   ]    mpc_Q_terminal: 273.8314
2026-04-28T13:10:41  [INFO   ]    mpc_Q_x: 375.4166
2026-04-28T13:10:41  [INFO   ]    mpc_Q_y: 248.8745
2026-04-28T13:10:41  [INFO   ]    mpc_Q_yaw: 2.4993
2026-04-28T13:10:41  [INFO   ]    mpc_W_obs_sigmoid: 314.1546
2026-04-28T13:10:41  [INFO   ]  Deploy:  cp /media/lorenzo/writable/Go2_navigation/tuning_results/best_planner_params.yaml /media/lorenzo/writable/Go2_navigation/src/a_star_mpc_planner/config/planner_params.yaml
2026-04-28T13:10:41  [INFO   ]  ============================================================
2026-04-28T13:10:56  [WARNING]  [resume] /media/lorenzo/writable/Go2_navigation/tuning_results/trial_007/hp_trials.joblib not found — fresh TPE state (GP history still loaded)
2026-04-28T13:10:56  [INFO   ]  [resume] restored 7 trials  best=0.3830 (t006)
2026-04-28T13:10:56  [INFO   ]  [resume] continuing from trial 7  (43 remaining)
2026-04-28T13:10:56  [INFO   ]  [ROS] rclpy initialised
2026-04-28T13:10:56  [INFO   ]  ############################################################
2026-04-28T13:10:56  [INFO   ]  # Bayesian MPC Tuner — Go2 Gazebo (hardened)
2026-04-28T13:10:56  [INFO   ]  # Trials=50  RandomInit=10  TPE=40
2026-04-28T13:10:56  [INFO   ]  # Scenarios/trial=6  Params=6
2026-04-28T13:10:56  [INFO   ]  # Est. time: ~20.4h
2026-04-28T13:10:56  [INFO   ]  # Results: /media/lorenzo/writable/Go2_navigation/tuning_results
2026-04-28T13:10:56  [INFO   ]  # [OK] scikit-learn 1.7.2 — GP active from trial 11
2026-04-28T13:10:56  [INFO   ]  # [OK] joblib required for gp_model.joblib — pip install joblib
2026-04-28T13:10:56  [INFO   ]  ############################################################
2026-04-28T13:10:56  [INFO   ]  ============================================================
2026-04-28T13:10:56  [INFO   ]  Trial 008/50  [RANDOM INIT]  2026-04-28T13:10:56  ETA ~0min
2026-04-28T13:10:56  [INFO   ]  Params: {'grid_std': '0.117', 'mpc_Q_terminal': '235.000', 'mpc_Q_x': '343.284', 'mpc_Q_y': '447.767', 'mpc_Q_yaw': '9.340', 'mpc_W_obs_sigmoid': '334.779'}
2026-04-28T13:10:56  [INFO   ]  ============================================================
2026-04-28T13:10:56  [INFO   ]  ── Scenario 1/6: open_square  (3 goals)  weight=0.10 ──
2026-04-28T13:10:56  [INFO   ]  [T008/SC1/open_square] starting
2026-04-28T13:11:06  [INFO   ]    [sim] launched  pid=60128  world=default.sdf
2026-04-28T13:11:06  [DEBUG  ]  RosbagRecorder started  pid=60605  dir=/media/lorenzo/writable/Go2_navigation/tuning_results/trial_008/scenario_open_square/rosbag
2026-04-28T13:11:06  [INFO   ]  [T008/SC1/open_square] waiting 10s for Gazebo bridge…
2026-04-28T13:11:16  [INFO   ]  [T008/SC1/open_square] spawning obstacles…
2026-04-28T13:11:40  [INFO   ]  [T008/SC1/open_square] waiting 20s for planner…
2026-04-28T13:11:50  [DEBUG  ]  [T008/SC1/open_square] heartbeat — 10s remaining
2026-04-28T13:12:00  [INFO   ]  [T008/SC1/open_square] nav started — 3 goal(s), timeout=300s
2026-04-28T13:12:00  [INFO   ]  [T008/SC1/open_square] 0.0s/300s  waiting for pose…
2026-04-28T13:12:00  [DEBUG  ]  [T008/SC1/open_square] initial_dist set from first pose: 3.23m  pos=(3.44,-1.97)
2026-04-28T13:12:05  [INFO   ]  [T008/SC1/open_square] 5.0s/300s  pos=(3.74,-2.04)  dist=3.05m  cmd=(0.80,-0.21)  mpc_ok=100%  solve=44.3ms
2026-04-28T13:12:10  [INFO   ]  [T008/SC1/open_square] 10.1s/300s  pos=(4.14,-2.25)  dist=2.92m  cmd=(0.80,0.20)  mpc_ok=100%  solve=38.3ms
2026-04-28T13:12:15  [INFO   ]  [T008/SC1/open_square] 15.1s/300s  pos=(4.26,-1.98)  dist=2.64m  cmd=(0.80,-0.30)  mpc_ok=100%  solve=29.4ms
2026-04-28T13:12:20  [INFO   ]  [T008/SC1/open_square] 20.1s/300s  pos=(4.96,-2.18)  dist=2.41m  cmd=(0.80,-0.02)  mpc_ok=100%  solve=29.4ms
2026-04-28T13:12:25  [INFO   ]  [T008/SC1/open_square] 25.1s/300s  pos=(5.18,-2.29)  dist=2.43m  cmd=(0.80,0.30)  mpc_ok=100%  solve=43.8ms
2026-04-28T13:12:30  [INFO   ]  [T008/SC1/open_square] 30.2s/300s  pos=(5.12,-1.77)  dist=1.98m  cmd=(0.80,-0.14)  mpc_ok=100%  solve=36.8ms
2026-04-28T13:12:35  [INFO   ]  [T008/SC1/open_square] 35.2s/300s  pos=(5.35,-1.63)  dist=1.76m  cmd=(0.71,-0.30)  mpc_ok=100%  solve=32.6ms
2026-04-28T13:12:40  [INFO   ]  [T008/SC1/open_square] 40.2s/300s  pos=(6.03,-1.77)  dist=1.77m  cmd=(0.60,0.30)  mpc_ok=100%  solve=45.2ms
2026-04-28T13:12:45  [INFO   ]  [T008/SC1/open_square] 45.2s/300s  pos=(5.78,-0.92)  dist=0.94m  cmd=(0.15,-0.29)  mpc_ok=100%  solve=44.0ms
2026-04-28T13:12:50  [INFO   ]  [T008/SC1/open_square] 50.2s/300s  pos=(6.04,-0.89)  dist=0.89m  cmd=(0.23,-0.18)  mpc_ok=100%  solve=72.3ms
2026-04-28T13:12:55  [INFO   ]  [T008/SC1/open_square] 55.3s/300s  pos=(6.31,-1.06)  dist=1.10m  cmd=(0.00,0.30)  mpc_ok=100%  solve=48.3ms
2026-04-28T13:13:00  [INFO   ]  [T008/SC1/open_square] 60.3s/300s  pos=(6.06,-0.89)  dist=0.89m  cmd=(0.50,0.15)  mpc_ok=100%  solve=47.8ms
2026-04-28T13:13:05  [INFO   ]  [T008/SC1/open_square] 65.3s/300s  pos=(6.04,-0.57)  dist=0.57m  cmd=(0.28,-0.00)  mpc_ok=100%  solve=29.1ms
2026-04-28T13:13:06  [INFO   ]  [T008/SC1/open_square] goal 1/3 reached  pos=(6.04,-0.49)  elapsed=67s
2026-04-28T13:13:10  [INFO   ]  [T008/SC1/open_square] 3.7s/300s  pos=(6.09,-0.35)  dist=6.35m  cmd=(0.53,-0.15)  mpc_ok=100%  solve=34.1ms
2026-04-28T13:13:15  [INFO   ]  [T008/SC1/open_square] 8.7s/300s  pos=(6.23,-0.19)  dist=6.19m  cmd=(0.80,0.26)  mpc_ok=100%  solve=16.3ms
2026-04-28T13:13:20  [INFO   ]  [T008/SC1/open_square] 13.7s/300s  pos=(6.10,0.03)  dist=5.97m  cmd=(0.80,0.14)  mpc_ok=100%  solve=32.9ms
2026-04-28T13:13:25  [INFO   ]  [T008/SC1/open_square] 18.7s/300s  pos=(5.93,0.04)  dist=5.96m  cmd=(0.80,-0.16)  mpc_ok=100%  solve=29.2ms
2026-04-28T13:13:30  [INFO   ]  [T008/SC1/open_square] 23.8s/300s  pos=(5.77,0.24)  dist=5.76m  cmd=(0.80,-0.30)  mpc_ok=100%  solve=20.1ms
2026-04-28T13:13:35  [INFO   ]  [T008/SC1/open_square] 28.8s/300s  pos=(6.15,0.55)  dist=5.45m  cmd=(0.80,0.29)  mpc_ok=100%  solve=34.7ms
2026-04-28T13:13:40  [INFO   ]  [T008/SC1/open_square] 33.8s/300s  pos=(6.08,1.21)  dist=4.79m  cmd=(0.80,0.11)  mpc_ok=100%  solve=26.9ms
2026-04-28T13:13:45  [INFO   ]  [T008/SC1/open_square] 38.8s/300s  pos=(6.00,1.48)  dist=4.52m  cmd=(0.80,-0.30)  mpc_ok=100%  solve=20.4ms
2026-04-28T13:13:50  [INFO   ]  [T008/SC1/open_square] 43.8s/300s  pos=(6.31,1.92)  dist=4.09m  cmd=(0.80,0.24)  mpc_ok=100%  solve=36.7ms
2026-04-28T13:13:55  [INFO   ]  [T008/SC1/open_square] 48.8s/300s  pos=(6.19,2.05)  dist=3.95m  cmd=(0.80,-0.29)  mpc_ok=100%  solve=29.1ms
2026-04-28T13:14:00  [INFO   ]  [T008/SC1/open_square] 53.9s/300s  pos=(6.48,2.31)  dist=3.72m  cmd=(0.80,0.24)  mpc_ok=100%  solve=32.8ms
2026-04-28T13:14:05  [INFO   ]  [T008/SC1/open_square] 58.9s/300s  pos=(6.19,2.62)  dist=3.39m  cmd=(0.80,0.20)  mpc_ok=100%  solve=30.7ms
2026-04-28T13:14:10  [INFO   ]  [T008/SC1/open_square] 64.0s/300s  pos=(5.91,2.86)  dist=3.14m  cmd=(0.80,-0.30)  mpc_ok=100%  solve=24.9ms
2026-04-28T13:14:15  [INFO   ]  [T008/SC1/open_square] 69.0s/300s  pos=(6.13,3.04)  dist=2.96m  cmd=(0.80,0.06)  mpc_ok=100%  solve=19.5ms
2026-04-28T13:14:20  [INFO   ]  [T008/SC1/open_square] 74.0s/300s  pos=(6.10,3.42)  dist=2.58m  cmd=(0.80,0.11)  mpc_ok=100%  solve=31.8ms
2026-04-28T13:14:25  [INFO   ]  [T008/SC1/open_square] 79.0s/300s  pos=(6.03,3.80)  dist=2.20m  cmd=(0.80,-0.20)  mpc_ok=100%  solve=25.9ms
2026-04-28T13:14:30  [INFO   ]  [T008/SC1/open_square] 84.0s/300s  pos=(6.19,4.15)  dist=1.86m  cmd=(0.80,0.28)  mpc_ok=100%  solve=38.1ms
2026-04-28T13:14:35  [INFO   ]  [T008/SC1/open_square] 89.0s/300s  pos=(5.84,4.49)  dist=1.52m  cmd=(0.69,-0.30)  mpc_ok=100%  solve=46.1ms
2026-04-28T13:14:40  [INFO   ]  [T008/SC1/open_square] 94.0s/300s  pos=(6.30,4.86)  dist=1.18m  cmd=(0.53,0.22)  mpc_ok=100%  solve=35.0ms
2026-04-28T13:14:45  [INFO   ]  [T008/SC1/open_square] 99.1s/300s  pos=(6.20,5.21)  dist=0.82m  cmd=(0.42,-0.03)  mpc_ok=100%  solve=43.6ms
2026-04-28T13:14:48  [INFO   ]  [T008/SC1/open_square] goal 2/3 reached  pos=(5.94,5.55)  elapsed=101s
2026-04-28T13:14:50  [INFO   ]  [T008/SC1/open_square] 2.8s/300s  pos=(6.14,5.39)  dist=6.17m  cmd=(0.21,0.02)  mpc_ok=100%  solve=36.3ms
2026-04-28T13:14:55  [INFO   ]  [T008/SC1/open_square] 7.8s/300s  pos=(6.06,5.52)  dist=6.08m  cmd=(0.30,0.30)  mpc_ok=100%  solve=47.7ms
2026-04-28T13:15:00  [INFO   ]  [T008/SC1/open_square] 12.8s/300s  pos=(5.45,5.40)  dist=5.49m  cmd=(0.80,0.30)  mpc_ok=45%  solve=2.7ms
2026-04-28T13:15:05  [INFO   ]  [T008/SC1/open_square] 17.9s/300s  pos=(5.00,5.53)  dist=5.02m  cmd=(0.19,0.30)  mpc_ok=0%  solve=5.4ms
2026-04-28T13:15:10  [INFO   ]  [T008/SC1/open_square] 22.9s/300s  pos=(4.73,5.56)  dist=4.75m  cmd=(0.41,0.30)  mpc_ok=0%  solve=4.2ms
2026-04-28T13:15:16  [INFO   ]  [T008/SC1/open_square] 27.9s/300s  pos=(4.30,5.33)  dist=4.35m  cmd=(0.80,0.22)  mpc_ok=0%  solve=5.0ms
2026-04-28T13:15:18  [WARNING]  [T008/SC1/open_square] early termination — MPC success rate 0% < 70%
2026-04-28T13:15:18  [INFO   ]  [T008/SC1/open_square] nav done — goals 2/3 (67%)  elapsed=30s  failure=early_term: MPC success rate 0% < 70%
2026-04-28T13:15:18  [DEBUG  ]  RosbagRecorder stopped  pid=60605
2026-04-28T13:15:18  [INFO   ]    → sc=open_square  goals=67%  score=0.463  weighted=0.0463  running=0.0463  dist=4.29  obs=0.994  scans=559
2026-04-28T13:15:18  [INFO   ]  ── Scenario 2/6: open_zigzag  (3 goals)  weight=0.10 ──
2026-04-28T13:15:18  [INFO   ]  [T008/SC2/open_zigzag] starting
2026-04-28T13:15:18  [INFO   ]    [sim] reusing Gazebo for world=default.sdf  — resetting robot pose
2026-04-28T13:15:18  [DEBUG  ]    [sim] reset strategy 'gz service /world/default/set_pose' returned 255 — trying next
2026-04-28T13:15:18  [INFO   ]    [sim] robot reset via 'ign service /world/default/set_pose'  pos=(0.00, 0.00)  heading=0.000
2026-04-28T13:15:21  [DEBUG  ]    [sim] nav-reset 'redirect goal' ok
2026-04-28T13:15:22  [DEBUG  ]    [sim] nav-reset 'clear /a_star/path' ok
2026-04-28T13:15:22  [DEBUG  ]    [sim] nav-reset 'clear /mpc/predicted_path' ok
2026-04-28T13:15:22  [DEBUG  ]    [sim] nav-reset 'clear global costmap' returned 1
2026-04-28T13:15:22  [DEBUG  ]    [sim] nav-reset 'clear local costmap' returned 1
2026-04-28T13:15:22  [INFO   ]    [sim] nav state flushed — planner redirected to (-4.00, 5.00)
2026-04-28T13:15:22  [DEBUG  ]  RosbagRecorder started  pid=61326  dir=/media/lorenzo/writable/Go2_navigation/tuning_results/trial_008/scenario_open_zigzag/rosbag
2026-04-28T13:15:22  [INFO   ]  [T008/SC2/open_zigzag] waiting 10s for Gazebo bridge…
2026-04-28T13:15:32  [INFO   ]  [T008/SC2/open_zigzag] spawning obstacles…
2026-04-28T13:15:56  [INFO   ]  [T008/SC2/open_zigzag] waiting 20s for planner…
2026-04-28T13:16:06  [DEBUG  ]  [T008/SC2/open_zigzag] heartbeat — 10s remaining
2026-04-28T13:16:16  [INFO   ]  [T008/SC2/open_zigzag] nav started — 3 goal(s), timeout=300s
2026-04-28T13:16:16  [INFO   ]  [T008/SC2/open_zigzag] 0.1s/300s  waiting for pose…
2026-04-28T13:16:16  [DEBUG  ]  [T008/SC2/open_zigzag] initial_dist set from first pose: 2.69m  pos=(-1.62,3.73)
2026-04-28T13:16:21  [INFO   ]  [T008/SC2/open_zigzag] 5.1s/300s  pos=(-1.86,3.80)  dist=2.45m  cmd=(0.80,0.03)  mpc_ok=0%  solve=2.2ms
2026-04-28T13:16:26  [INFO   ]  [T008/SC2/open_zigzag] 10.1s/300s  pos=(-2.11,4.00)  dist=2.13m  cmd=(0.80,0.30)  mpc_ok=0%  solve=1.6ms
2026-04-28T13:16:31  [INFO   ]  [T008/SC2/open_zigzag] 15.1s/300s  pos=(-2.24,4.07)  dist=1.99m  cmd=(0.80,-0.00)  mpc_ok=0%  solve=1.4ms
2026-04-28T13:16:36  [INFO   ]  [T008/SC2/open_zigzag] 20.1s/300s  pos=(-2.30,4.31)  dist=1.83m  cmd=(0.80,-0.30)  mpc_ok=0%  solve=2.1ms
2026-04-28T13:16:41  [INFO   ]  [T008/SC2/open_zigzag] 25.1s/300s  pos=(-2.31,4.77)  dist=1.71m  cmd=(0.80,-0.29)  mpc_ok=0%  solve=1.6ms
2026-04-28T13:16:46  [WARNING]  [T008/SC2/open_zigzag] early termination — MPC success rate 0% < 70%
2026-04-28T13:16:46  [INFO   ]  [T008/SC2/open_zigzag] nav done — goals 0/3 (0%)  elapsed=30s  failure=early_term: MPC success rate 0% < 70%
2026-04-28T13:16:46  [DEBUG  ]  RosbagRecorder stopped  pid=61326
2026-04-28T13:16:46  [INFO   ]    → sc=open_zigzag  goals=0%  score=0.278  weighted=0.0278  running=0.0741  dist=5.63  obs=0.999  scans=110
2026-04-28T13:16:46  [INFO   ]  ── Scenario 3/6: warehouse_loop  (4 goals)  weight=0.25 ──
2026-04-28T13:16:46  [INFO   ]  [T008/SC3/warehouse_loop] starting
2026-04-28T13:16:46  [DEBUG  ]  Sending SIGTERM to sim_launch  pgid=60128
2026-04-28T13:16:46  [DEBUG  ]  sim_launch exited cleanly
2026-04-28T13:16:54  [DEBUG  ]    [sim] killed
2026-04-28T13:17:04  [INFO   ]    [sim] launched  pid=61583  world=warehouse.world
2026-04-28T13:17:04  [DEBUG  ]  RosbagRecorder started  pid=62059  dir=/media/lorenzo/writable/Go2_navigation/tuning_results/trial_008/scenario_warehouse_loop/rosbag
2026-04-28T13:17:04  [INFO   ]  [T008/SC3/warehouse_loop] waiting 10s for Gazebo bridge…
2026-04-28T13:17:14  [INFO   ]  [T008/SC3/warehouse_loop] spawning obstacles…
2026-04-28T13:17:45  [INFO   ]  [T008/SC3/warehouse_loop] waiting 20s for planner…
2026-04-28T13:17:55  [DEBUG  ]  [T008/SC3/warehouse_loop] heartbeat — 10s remaining
2026-04-28T13:18:05  [INFO   ]  [T008/SC3/warehouse_loop] nav started — 4 goal(s), timeout=180s
2026-04-28T13:18:05  [INFO   ]  [T008/SC3/warehouse_loop] 0.0s/180s  waiting for pose…
2026-04-28T13:18:05  [DEBUG  ]  [T008/SC3/warehouse_loop] initial_dist set from first pose: 15.91m  pos=(-5.91,-8.23)
2026-04-28T13:18:10  [INFO   ]  [T008/SC3/warehouse_loop] 5.0s/180s  pos=(-5.05,-8.26)  dist=15.06m  cmd=(0.45,-0.01)  mpc_ok=100%  solve=33.4ms
2026-04-28T13:18:15  [INFO   ]  [T008/SC3/warehouse_loop] 10.1s/180s  pos=(-4.30,-8.25)  dist=14.30m  cmd=(0.31,-0.01)  mpc_ok=100%  solve=29.5ms
2026-04-28T13:18:20  [INFO   ]  [T008/SC3/warehouse_loop] 15.1s/180s  pos=(-3.70,-8.28)  dist=13.70m  cmd=(0.09,0.00)  mpc_ok=100%  solve=33.3ms
2026-04-28T13:18:25  [INFO   ]  [T008/SC3/warehouse_loop] 20.1s/180s  pos=(-3.11,-8.29)  dist=13.11m  cmd=(0.10,-0.00)  mpc_ok=100%  solve=69.0ms
2026-04-28T13:18:30  [INFO   ]  [T008/SC3/warehouse_loop] 25.1s/180s  pos=(-3.22,-8.29)  dist=13.22m  cmd=(0.00,-0.00)  mpc_ok=100%  solve=36.0ms
2026-04-28T13:18:35  [INFO   ]  [T008/SC3/warehouse_loop] 30.1s/180s  pos=(-3.61,-8.33)  dist=13.62m  cmd=(0.18,0.02)  mpc_ok=100%  solve=35.0ms
2026-04-28T13:18:40  [INFO   ]  [T008/SC3/warehouse_loop] 35.2s/180s  pos=(-3.66,-8.31)  dist=13.66m  cmd=(0.09,-0.04)  mpc_ok=100%  solve=53.4ms
2026-04-28T13:18:45  [INFO   ]  [T008/SC3/warehouse_loop] 40.2s/180s  pos=(-3.59,-8.32)  dist=13.59m  cmd=(0.01,0.00)  mpc_ok=100%  solve=74.8ms
2026-04-28T13:18:46  [WARNING]  [T008/SC3/warehouse_loop] early termination — insufficient progress over 30s (Δ=0.020 < 0.02)
2026-04-28T13:18:46  [INFO   ]  [T008/SC3/warehouse_loop] nav done — goals 0/4 (0%)  elapsed=42s  failure=early_term: insufficient progress over 30s (Δ=0.020 < 0.02)
2026-04-28T13:18:46  [DEBUG  ]  RosbagRecorder stopped  pid=62059
2026-04-28T13:18:46  [INFO   ]    → sc=warehouse_loop  goals=0%  score=0.330  weighted=0.0825  running=0.1566  dist=17.52  obs=1.000  scans=346
2026-04-28T13:18:46  [INFO   ]  ── Scenario 4/6: warehouse_cross_aisle  (3 goals)  weight=0.20 ──
2026-04-28T13:18:46  [INFO   ]  [T008/SC4/warehouse_cross_aisle] starting
2026-04-28T13:18:46  [INFO   ]    [sim] reusing Gazebo for world=warehouse.world  — resetting robot pose
2026-04-28T13:18:47  [DEBUG  ]    [sim] reset strategy 'gz service /world/warehouse/set_pose' returned 255 — trying next
2026-04-28T13:18:47  [INFO   ]    [sim] robot reset via 'ign service /world/warehouse/set_pose'  pos=(-4.00, 8.00)  heading=-1.571
2026-04-28T13:18:50  [DEBUG  ]    [sim] nav-reset 'redirect goal' ok
2026-04-28T13:18:50  [DEBUG  ]    [sim] nav-reset 'clear /a_star/path' ok
2026-04-28T13:18:50  [DEBUG  ]    [sim] nav-reset 'clear /mpc/predicted_path' ok
2026-04-28T13:18:50  [DEBUG  ]    [sim] nav-reset 'clear global costmap' returned 1
2026-04-28T13:18:50  [DEBUG  ]    [sim] nav-reset 'clear local costmap' returned 1
2026-04-28T13:18:50  [INFO   ]    [sim] nav state flushed — planner redirected to (-4.00, 0.00)
2026-04-28T13:18:50  [DEBUG  ]  RosbagRecorder started  pid=62810  dir=/media/lorenzo/writable/Go2_navigation/tuning_results/trial_008/scenario_warehouse_cross_aisle/rosbag
2026-04-28T13:18:50  [INFO   ]  [T008/SC4/warehouse_cross_aisle] waiting 10s for Gazebo bridge…
2026-04-28T13:19:00  [INFO   ]  [T008/SC4/warehouse_cross_aisle] spawning obstacles…
2026-04-28T13:19:24  [INFO   ]  [T008/SC4/warehouse_cross_aisle] waiting 20s for planner…
2026-04-28T13:19:34  [DEBUG  ]  [T008/SC4/warehouse_cross_aisle] heartbeat — 10s remaining
2026-04-28T13:19:44  [INFO   ]  [T008/SC4/warehouse_cross_aisle] nav started — 3 goal(s), timeout=150s
2026-04-28T13:19:44  [INFO   ]  [T008/SC4/warehouse_cross_aisle] 0.0s/150s  waiting for pose…
2026-04-28T13:19:44  [DEBUG  ]  [T008/SC4/warehouse_cross_aisle] initial_dist set from first pose: 1.30m  pos=(-4.47,-1.21)
2026-04-28T13:19:49  [INFO   ]  [T008/SC4/warehouse_cross_aisle] 5.0s/150s  pos=(-4.40,-1.83)  dist=1.88m  cmd=(0.80,0.14)  mpc_ok=0%  solve=1.6ms
2026-04-28T13:19:54  [INFO   ]  [T008/SC4/warehouse_cross_aisle] 10.0s/150s  pos=(-4.43,-2.46)  dist=2.50m  cmd=(0.80,0.05)  mpc_ok=0%  solve=1.3ms
2026-04-28T13:19:59  [INFO   ]  [T008/SC4/warehouse_cross_aisle] 15.1s/150s  pos=(-4.41,-3.35)  dist=3.37m  cmd=(0.80,0.06)  mpc_ok=0%  solve=1.9ms
2026-04-28T13:20:04  [INFO   ]  [T008/SC4/warehouse_cross_aisle] 20.1s/150s  pos=(-4.18,-4.16)  dist=4.16m  cmd=(0.80,0.02)  mpc_ok=0%  solve=1.8ms
2026-04-28T13:20:09  [INFO   ]  [T008/SC4/warehouse_cross_aisle] 25.1s/150s  pos=(-4.08,-4.65)  dist=4.65m  cmd=(0.80,0.09)  mpc_ok=0%  solve=1.7ms
2026-04-28T13:20:14  [WARNING]  [T008/SC4/warehouse_cross_aisle] early termination — insufficient progress over 30s (Δ=-3.039 < 0.02)
2026-04-28T13:20:14  [INFO   ]  [T008/SC4/warehouse_cross_aisle] nav done — goals 0/3 (0%)  elapsed=30s  failure=early_term: insufficient progress over 30s (Δ=-3.039 < 0.02)
2026-04-28T13:20:14  [DEBUG  ]  RosbagRecorder stopped  pid=62810
2026-04-28T13:20:14  [INFO   ]    → sc=warehouse_cross_aisle  goals=0%  score=0.291  weighted=0.0583  running=0.2148  dist=8.41  obs=1.000  scans=228
2026-04-28T13:20:14  [INFO   ]  ── Scenario 5/6: office_traverse  (3 goals)  weight=0.20 ──
2026-04-28T13:20:14  [INFO   ]  [T008/SC5/office_traverse] starting
2026-04-28T13:20:14  [DEBUG  ]  Sending SIGTERM to sim_launch  pgid=61583
2026-04-28T13:20:14  [DEBUG  ]  sim_launch exited cleanly
2026-04-28T13:20:22  [DEBUG  ]    [sim] killed
2026-04-28T13:20:33  [INFO   ]    [sim] launched  pid=63068  world=indoor_office.world
2026-04-28T13:20:33  [DEBUG  ]  RosbagRecorder started  pid=63544  dir=/media/lorenzo/writable/Go2_navigation/tuning_results/trial_008/scenario_office_traverse/rosbag
2026-04-28T13:20:33  [INFO   ]  [T008/SC5/office_traverse] waiting 10s for Gazebo bridge…
2026-04-28T13:20:43  [INFO   ]  [T008/SC5/office_traverse] spawning obstacles…
2026-04-28T13:20:51  [DEBUG  ]  RosbagRecorder stopped  pid=63544
2026-04-28T13:20:51  [INFO   ]  [Interrupted] saving partial results…
2026-04-28T13:20:52  [INFO   ]  ============================================================
2026-04-28T13:20:52  [INFO   ]  COMPLETE — best=0.3830 (trial 6)
2026-04-28T13:20:52  [INFO   ]    grid_std: 0.1845
2026-04-28T13:20:52  [INFO   ]    mpc_Q_terminal: 273.8314
2026-04-28T13:20:52  [INFO   ]    mpc_Q_x: 375.4166
2026-04-28T13:20:52  [INFO   ]    mpc_Q_y: 248.8745
2026-04-28T13:20:52  [INFO   ]    mpc_Q_yaw: 2.4993
2026-04-28T13:20:52  [INFO   ]    mpc_W_obs_sigmoid: 314.1546
2026-04-28T13:20:52  [INFO   ]  Deploy:  cp /media/lorenzo/writable/Go2_navigation/tuning_results/best_planner_params.yaml /media/lorenzo/writable/Go2_navigation/src/a_star_mpc_planner/config/planner_params.yaml
2026-04-28T13:20:52  [INFO   ]  ============================================================
2026-04-28T13:25:19  [WARNING]  [resume] /media/lorenzo/writable/Go2_navigation/tuning_results/trial_007/hp_trials.joblib not found — fresh TPE state (GP history still loaded)
2026-04-28T13:25:19  [INFO   ]  [resume] restored 7 trials  best=0.3830 (t006)
2026-04-28T13:25:19  [INFO   ]  [resume] continuing from trial 7  (43 remaining)
2026-04-28T13:25:19  [INFO   ]  [ROS] rclpy initialised
2026-04-28T13:25:19  [INFO   ]  ############################################################
2026-04-28T13:25:19  [INFO   ]  # Bayesian MPC Tuner — Go2 Gazebo (hardened)
2026-04-28T13:25:19  [INFO   ]  # Trials=50  RandomInit=10  TPE=40
2026-04-28T13:25:19  [INFO   ]  # Scenarios/trial=6  Params=6
2026-04-28T13:25:19  [INFO   ]  # Est. time: ~20.4h
2026-04-28T13:25:19  [INFO   ]  # Results: /media/lorenzo/writable/Go2_navigation/tuning_results
2026-04-28T13:25:19  [INFO   ]  # [OK] scikit-learn 1.7.2 — GP active from trial 11
2026-04-28T13:25:19  [INFO   ]  # [OK] joblib required for gp_model.joblib — pip install joblib
2026-04-28T13:25:19  [INFO   ]  ############################################################
2026-04-28T13:25:19  [INFO   ]  ============================================================
2026-04-28T13:25:19  [INFO   ]  Trial 008/50  [RANDOM INIT]  2026-04-28T13:25:19  ETA ~0min
2026-04-28T13:25:19  [INFO   ]  Params: {'grid_std': '0.117', 'mpc_Q_terminal': '235.000', 'mpc_Q_x': '343.284', 'mpc_Q_y': '447.767', 'mpc_Q_yaw': '9.340', 'mpc_W_obs_sigmoid': '334.779'}
2026-04-28T13:25:19  [INFO   ]  ============================================================
2026-04-28T13:25:19  [INFO   ]  ── Scenario 1/6: open_square  (3 goals)  weight=0.10 ──
2026-04-28T13:25:19  [INFO   ]  [T008/SC1/open_square] starting
2026-04-28T13:25:30  [INFO   ]    [sim] launched  pid=64015  world=default.sdf
2026-04-28T13:25:30  [DEBUG  ]  RosbagRecorder started  pid=64369  dir=/media/lorenzo/writable/Go2_navigation/tuning_results/trial_008/scenario_open_square/rosbag
2026-04-28T13:25:30  [INFO   ]  [T008/SC1/open_square] waiting 10s for Gazebo bridge…
2026-04-28T13:25:32  [DEBUG  ]  RosbagRecorder stopped  pid=64369
2026-04-28T13:25:32  [INFO   ]  [Interrupted] saving partial results…
2026-04-28T13:25:33  [INFO   ]  ============================================================
2026-04-28T13:25:33  [INFO   ]  COMPLETE — best=0.3830 (trial 6)
2026-04-28T13:25:33  [INFO   ]    grid_std: 0.1845
2026-04-28T13:25:33  [INFO   ]    mpc_Q_terminal: 273.8314
2026-04-28T13:25:33  [INFO   ]    mpc_Q_x: 375.4166
2026-04-28T13:25:33  [INFO   ]    mpc_Q_y: 248.8745
2026-04-28T13:25:33  [INFO   ]    mpc_Q_yaw: 2.4993
2026-04-28T13:25:33  [INFO   ]    mpc_W_obs_sigmoid: 314.1546
2026-04-28T13:25:33  [INFO   ]  Deploy:  cp /media/lorenzo/writable/Go2_navigation/tuning_results/best_planner_params.yaml /media/lorenzo/writable/Go2_navigation/src/a_star_mpc_planner/config/planner_params.yaml
2026-04-28T13:25:33  [INFO   ]  ============================================================
2026-04-28T13:25:48  [WARNING]  [resume] /media/lorenzo/writable/Go2_navigation/tuning_results/trial_007/hp_trials.joblib not found — fresh TPE state (GP history still loaded)
2026-04-28T13:25:48  [INFO   ]  [resume] restored 7 trials  best=0.3830 (t006)
2026-04-28T13:25:48  [INFO   ]  [resume] continuing from trial 7  (43 remaining)
2026-04-28T13:25:48  [INFO   ]  [ROS] rclpy initialised
2026-04-28T13:25:48  [INFO   ]  ############################################################
2026-04-28T13:25:48  [INFO   ]  # Bayesian MPC Tuner — Go2 Gazebo (hardened)
2026-04-28T13:25:48  [INFO   ]  # Trials=50  RandomInit=10  TPE=40
2026-04-28T13:25:48  [INFO   ]  # Scenarios/trial=6  Params=6
2026-04-28T13:25:48  [INFO   ]  # Est. time: ~20.4h
2026-04-28T13:25:48  [INFO   ]  # Results: /media/lorenzo/writable/Go2_navigation/tuning_results
2026-04-28T13:25:48  [INFO   ]  # [OK] scikit-learn 1.7.2 — GP active from trial 11
2026-04-28T13:25:48  [INFO   ]  # [OK] joblib required for gp_model.joblib — pip install joblib
2026-04-28T13:25:48  [INFO   ]  ############################################################
2026-04-28T13:25:48  [INFO   ]  ============================================================
2026-04-28T13:25:48  [INFO   ]  Trial 008/50  [RANDOM INIT]  2026-04-28T13:25:48  ETA ~0min
2026-04-28T13:25:48  [INFO   ]  Params: {'grid_std': '0.117', 'mpc_Q_terminal': '235.000', 'mpc_Q_x': '343.284', 'mpc_Q_y': '447.767', 'mpc_Q_yaw': '9.340', 'mpc_W_obs_sigmoid': '334.779'}
2026-04-28T13:25:48  [INFO   ]  ============================================================
2026-04-28T13:25:48  [INFO   ]  ── Scenario 1/6: open_square  (3 goals)  weight=0.10 ──
2026-04-28T13:25:48  [INFO   ]  [T008/SC1/open_square] starting
2026-04-28T13:25:58  [INFO   ]    [sim] launched  pid=64580  world=default.sdf
2026-04-28T13:25:58  [DEBUG  ]  RosbagRecorder started  pid=65057  dir=/media/lorenzo/writable/Go2_navigation/tuning_results/trial_008/scenario_open_square/rosbag
2026-04-28T13:25:58  [INFO   ]  [T008/SC1/open_square] waiting 10s for Gazebo bridge…
2026-04-28T13:26:08  [INFO   ]  [T008/SC1/open_square] spawning obstacles…
2026-04-28T13:26:32  [INFO   ]  [T008/SC1/open_square] waiting 20s for planner…
2026-04-28T13:26:42  [DEBUG  ]  [T008/SC1/open_square] heartbeat — 10s remaining
2026-04-28T13:26:52  [INFO   ]  [T008/SC1/open_square] nav started — 3 goal(s), timeout=300s
2026-04-28T13:26:52  [INFO   ]  [T008/SC1/open_square] 0.0s/300s  waiting for pose…
2026-04-28T13:26:52  [DEBUG  ]  [T008/SC1/open_square] initial_dist set from first pose: 2.46m  pos=(3.72,-0.92)
2026-04-28T13:26:57  [INFO   ]  [T008/SC1/open_square] 5.0s/300s  pos=(3.82,-1.64)  dist=2.73m  cmd=(-0.39,-0.30)  mpc_ok=100%  solve=25.6ms
2026-04-28T13:27:02  [INFO   ]  [T008/SC1/open_square] 10.0s/300s  pos=(4.64,-1.58)  dist=2.08m  cmd=(0.47,-0.30)  mpc_ok=100%  solve=39.2ms
2026-04-28T13:27:07  [INFO   ]  [T008/SC1/open_square] 15.1s/300s  pos=(5.37,-1.53)  dist=1.65m  cmd=(0.78,-0.01)  mpc_ok=100%  solve=85.9ms
2026-04-28T13:27:12  [INFO   ]  [T008/SC1/open_square] 20.1s/300s  pos=(5.92,-1.56)  dist=1.56m  cmd=(0.67,0.22)  mpc_ok=100%  solve=47.1ms
2026-04-28T13:27:17  [INFO   ]  [T008/SC1/open_square] 25.1s/300s  pos=(6.37,-1.15)  dist=1.20m  cmd=(0.34,0.05)  mpc_ok=100%  solve=41.1ms
2026-04-28T13:27:22  [INFO   ]  [T008/SC1/open_square] 30.1s/300s  pos=(6.27,-0.70)  dist=0.75m  cmd=(0.28,-0.28)  mpc_ok=100%  solve=99.4ms
2026-04-28T13:27:27  [INFO   ]  [T008/SC1/open_square] 35.1s/300s  pos=(6.22,-0.51)  dist=0.56m  cmd=(0.14,0.07)  mpc_ok=100%  solve=108.5ms
2026-04-28T13:27:29  [INFO   ]  [T008/SC1/open_square] goal 1/3 reached  pos=(6.19,-0.46)  elapsed=37s
2026-04-28T13:27:32  [INFO   ]  [T008/SC1/open_square] 3.5s/300s  pos=(6.31,-0.21)  dist=6.22m  cmd=(0.80,-0.10)  mpc_ok=100%  solve=49.0ms
2026-04-28T13:27:37  [INFO   ]  [T008/SC1/open_square] 8.5s/300s  pos=(6.43,0.04)  dist=5.97m  cmd=(0.80,-0.02)  mpc_ok=100%  solve=41.4ms
2026-04-28T13:27:42  [INFO   ]  [T008/SC1/open_square] 13.6s/300s  pos=(6.49,0.50)  dist=5.52m  cmd=(0.80,-0.06)  mpc_ok=100%  solve=37.3ms
2026-04-28T13:27:47  [INFO   ]  [T008/SC1/open_square] 18.6s/300s  pos=(6.34,0.83)  dist=5.18m  cmd=(0.80,-0.22)  mpc_ok=100%  solve=48.9ms
2026-04-28T13:27:52  [INFO   ]  [T008/SC1/open_square] 23.6s/300s  pos=(6.25,1.37)  dist=4.63m  cmd=(0.80,-0.08)  mpc_ok=100%  solve=20.8ms
2026-04-28T13:27:57  [INFO   ]  [T008/SC1/open_square] 28.6s/300s  pos=(6.40,2.07)  dist=3.95m  cmd=(0.80,-0.11)  mpc_ok=100%  solve=36.2ms
2026-04-28T13:28:02  [INFO   ]  [T008/SC1/open_square] 33.6s/300s  pos=(6.08,2.63)  dist=3.37m  cmd=(0.80,0.29)  mpc_ok=100%  solve=30.8ms
2026-04-28T13:28:07  [INFO   ]  [T008/SC1/open_square] 38.6s/300s  pos=(6.08,3.24)  dist=2.77m  cmd=(0.80,-0.06)  mpc_ok=100%  solve=27.3ms
2026-04-28T13:28:12  [INFO   ]  [T008/SC1/open_square] 43.7s/300s  pos=(6.10,3.94)  dist=2.06m  cmd=(0.80,0.01)  mpc_ok=100%  solve=28.1ms
2026-04-28T13:28:17  [INFO   ]  [T008/SC1/open_square] 48.7s/300s  pos=(6.08,4.66)  dist=1.34m  cmd=(0.68,-0.00)  mpc_ok=100%  solve=39.1ms
2026-04-28T13:28:22  [INFO   ]  [T008/SC1/open_square] 53.7s/300s  pos=(6.09,5.12)  dist=0.89m  cmd=(0.45,-0.08)  mpc_ok=100%  solve=32.7ms
2026-04-28T13:28:27  [INFO   ]  [T008/SC1/open_square] 58.7s/300s  pos=(6.11,5.49)  dist=0.52m  cmd=(0.32,0.05)  mpc_ok=100%  solve=40.7ms
2026-04-28T13:28:28  [INFO   ]  [T008/SC1/open_square] goal 2/3 reached  pos=(6.09,5.51)  elapsed=59s
2026-04-28T13:28:32  [INFO   ]  [T008/SC1/open_square] 4.8s/300s  pos=(6.01,5.64)  dist=6.02m  cmd=(0.27,0.01)  mpc_ok=100%  solve=33.0ms
2026-04-28T13:28:37  [INFO   ]  [T008/SC1/open_square] 9.8s/300s  pos=(6.00,5.62)  dist=6.01m  cmd=(0.28,-0.03)  mpc_ok=100%  solve=33.4ms
2026-04-28T13:28:42  [INFO   ]  [T008/SC1/open_square] 14.9s/300s  pos=(6.00,5.71)  dist=6.01m  cmd=(0.21,0.01)  mpc_ok=100%  solve=38.6ms
2026-04-28T13:28:47  [INFO   ]  [T008/SC1/open_square] 19.9s/300s  pos=(6.00,5.69)  dist=6.01m  cmd=(0.24,0.01)  mpc_ok=100%  solve=28.6ms
2026-04-28T13:28:52  [INFO   ]  [T008/SC1/open_square] 24.9s/300s  pos=(5.97,5.65)  dist=5.98m  cmd=(0.09,-0.02)  mpc_ok=100%  solve=43.9ms
2026-04-28T13:28:57  [INFO   ]  [T008/SC1/open_square] 29.9s/300s  pos=(5.98,5.69)  dist=5.98m  cmd=(0.01,-0.00)  mpc_ok=100%  solve=37.5ms
2026-04-28T13:28:58  [WARNING]  [T008/SC1/open_square] early termination — insufficient progress over 30s (Δ=0.020 < 0.02)
2026-04-28T13:28:58  [INFO   ]  [T008/SC1/open_square] nav done — goals 2/3 (67%)  elapsed=30s  failure=early_term: insufficient progress over 30s (Δ=0.020 < 0.02)
2026-04-28T13:28:58  [DEBUG  ]  RosbagRecorder stopped  pid=65057
2026-04-28T13:28:58  [INFO   ]    → sc=open_square  goals=67%  score=0.436  weighted=0.0436  running=0.0436  dist=5.99  obs=0.997  scans=622
2026-04-28T13:28:58  [INFO   ]  ── Scenario 2/6: open_zigzag  (3 goals)  weight=0.10 ──
2026-04-28T13:28:58  [INFO   ]  [T008/SC2/open_zigzag] starting
2026-04-28T13:28:58  [INFO   ]    [sim] reusing Gazebo for world=default.sdf  — resetting robot pose
2026-04-28T13:28:58  [DEBUG  ]    [sim] reset strategy 'gz service /world/default/set_pose' returned 255 — trying next
2026-04-28T13:28:58  [INFO   ]    [sim] robot reset via 'ign service /world/default/set_pose'  pos=(0.00, 0.00)  heading=0.000
2026-04-28T13:29:01  [DEBUG  ]    [sim] nav-reset 'redirect goal' ok
2026-04-28T13:29:01  [DEBUG  ]    [sim] nav-reset 'clear /a_star/path' ok
2026-04-28T13:29:01  [DEBUG  ]    [sim] nav-reset 'clear /mpc/predicted_path' ok
2026-04-28T13:29:01  [DEBUG  ]    [sim] nav-reset 'clear global costmap' returned 1
2026-04-28T13:29:01  [DEBUG  ]    [sim] nav-reset 'clear local costmap' returned 1
2026-04-28T13:29:01  [INFO   ]    [sim] nav state flushed — planner redirected to (-4.00, 5.00)
2026-04-28T13:29:01  [DEBUG  ]  RosbagRecorder started  pid=65778  dir=/media/lorenzo/writable/Go2_navigation/tuning_results/trial_008/scenario_open_zigzag/rosbag
2026-04-28T13:29:01  [INFO   ]  [T008/SC2/open_zigzag] waiting 10s for Gazebo bridge…
2026-04-28T13:29:11  [INFO   ]  [T008/SC2/open_zigzag] spawning obstacles…
2026-04-28T13:29:36  [INFO   ]  [T008/SC2/open_zigzag] waiting 20s for planner…
2026-04-28T13:29:46  [DEBUG  ]  [T008/SC2/open_zigzag] heartbeat — 10s remaining
2026-04-28T13:29:56  [INFO   ]  [T008/SC2/open_zigzag] nav started — 3 goal(s), timeout=300s
2026-04-28T13:29:56  [INFO   ]  [T008/SC2/open_zigzag] 0.0s/300s  waiting for pose…
2026-04-28T13:29:56  [DEBUG  ]  [T008/SC2/open_zigzag] initial_dist set from first pose: 0.71m  pos=(-4.07,4.29)
2026-04-28T13:29:58  [INFO   ]  [T008/SC2/open_zigzag] goal 1/3 reached  pos=(-4.05,4.51)  elapsed=3s
2026-04-28T13:30:01  [INFO   ]  [T008/SC2/open_zigzag] 2.4s/300s  pos=(-3.84,4.75)  dist=7.85m  cmd=(0.46,-0.30)  mpc_ok=0%  solve=1.8ms
2026-04-28T13:30:06  [INFO   ]  [T008/SC2/open_zigzag] 7.4s/300s  pos=(-3.19,4.79)  dist=7.19m  cmd=(0.80,-0.02)  mpc_ok=0%  solve=1.5ms
2026-04-28T13:30:11  [INFO   ]  [T008/SC2/open_zigzag] 12.4s/300s  pos=(-2.60,4.87)  dist=6.60m  cmd=(0.80,-0.17)  mpc_ok=0%  solve=1.6ms
2026-04-28T13:30:16  [INFO   ]  [T008/SC2/open_zigzag] 17.5s/300s  pos=(-2.09,4.85)  dist=6.09m  cmd=(0.80,-0.08)  mpc_ok=0%  solve=1.4ms
2026-04-28T13:30:21  [INFO   ]  [T008/SC2/open_zigzag] 22.5s/300s  pos=(-1.55,4.79)  dist=5.55m  cmd=(0.80,-0.02)  mpc_ok=0%  solve=1.7ms
2026-04-28T13:30:26  [INFO   ]  [T008/SC2/open_zigzag] 27.5s/300s  pos=(-0.93,4.80)  dist=4.94m  cmd=(0.80,-0.10)  mpc_ok=0%  solve=1.4ms
2026-04-28T13:30:28  [WARNING]  [T008/SC2/open_zigzag] early termination — MPC success rate 0% < 70%
2026-04-28T13:30:28  [INFO   ]  [T008/SC2/open_zigzag] nav done — goals 1/3 (33%)  elapsed=30s  failure=early_term: MPC success rate 0% < 70%
2026-04-28T13:30:29  [DEBUG  ]  RosbagRecorder stopped  pid=65778
2026-04-28T13:30:29  [INFO   ]    → sc=open_zigzag  goals=33%  score=0.354  weighted=0.0354  running=0.0790  dist=5.30  obs=1.000  scans=247
2026-04-28T13:30:29  [INFO   ]  ── Scenario 3/6: warehouse_loop  (4 goals)  weight=0.25 ──
2026-04-28T13:30:29  [INFO   ]  [T008/SC3/warehouse_loop] starting
2026-04-28T13:30:29  [DEBUG  ]  Sending SIGTERM to sim_launch  pgid=64580
2026-04-28T13:30:29  [DEBUG  ]  sim_launch exited cleanly
2026-04-28T13:30:37  [DEBUG  ]    [sim] killed
2026-04-28T13:30:47  [INFO   ]    [sim] launched  pid=66035  world=warehouse.world
2026-04-28T13:30:47  [DEBUG  ]  RosbagRecorder started  pid=66511  dir=/media/lorenzo/writable/Go2_navigation/tuning_results/trial_008/scenario_warehouse_loop/rosbag
2026-04-28T13:30:47  [INFO   ]  [T008/SC3/warehouse_loop] waiting 10s for Gazebo bridge…
2026-04-28T13:30:57  [INFO   ]  [T008/SC3/warehouse_loop] spawning obstacles…
2026-04-28T13:31:27  [INFO   ]  [T008/SC3/warehouse_loop] waiting 20s for planner…
2026-04-28T13:31:37  [DEBUG  ]  [T008/SC3/warehouse_loop] heartbeat — 10s remaining
2026-04-28T13:31:47  [INFO   ]  [T008/SC3/warehouse_loop] nav started — 4 goal(s), timeout=180s
2026-04-28T13:31:47  [INFO   ]  [T008/SC3/warehouse_loop] 0.1s/180s  waiting for pose…
2026-04-28T13:31:47  [DEBUG  ]  [T008/SC3/warehouse_loop] initial_dist set from first pose: 15.75m  pos=(-5.75,-8.19)
2026-04-28T13:31:52  [INFO   ]  [T008/SC3/warehouse_loop] 5.1s/180s  pos=(-5.58,-8.19)  dist=15.59m  cmd=(0.80,0.04)  mpc_ok=100%  solve=30.7ms
2026-04-28T13:31:57  [INFO   ]  [T008/SC3/warehouse_loop] 10.1s/180s  pos=(-4.93,-8.26)  dist=14.93m  cmd=(0.79,-0.02)  mpc_ok=100%  solve=32.1ms
2026-04-28T13:32:02  [INFO   ]  [T008/SC3/warehouse_loop] 15.1s/180s  pos=(-4.01,-8.28)  dist=14.02m  cmd=(0.22,-0.01)  mpc_ok=100%  solve=35.0ms
2026-04-28T13:32:07  [INFO   ]  [T008/SC3/warehouse_loop] 20.1s/180s  pos=(-4.06,-8.28)  dist=14.06m  cmd=(0.00,-0.00)  mpc_ok=100%  solve=32.9ms
2026-04-28T13:32:12  [INFO   ]  [T008/SC3/warehouse_loop] 25.1s/180s  pos=(-4.29,-8.30)  dist=14.30m  cmd=(-0.00,0.00)  mpc_ok=100%  solve=45.1ms
2026-04-28T13:32:17  [INFO   ]  [T008/SC3/warehouse_loop] 30.2s/180s  pos=(-4.29,-8.30)  dist=14.29m  cmd=(-0.00,0.00)  mpc_ok=100%  solve=52.2ms
2026-04-28T13:32:22  [INFO   ]  [T008/SC3/warehouse_loop] 35.2s/180s  pos=(-4.29,-8.30)  dist=14.29m  cmd=(-0.00,0.00)  mpc_ok=100%  solve=73.4ms
2026-04-28T13:32:27  [INFO   ]  [T008/SC3/warehouse_loop] 40.2s/180s  pos=(-4.29,-8.30)  dist=14.29m  cmd=(-0.00,0.00)  mpc_ok=100%  solve=79.7ms
2026-04-28T13:32:28  [WARNING]  [T008/SC3/warehouse_loop] early termination — insufficient progress over 30s (Δ=0.020 < 0.02)
2026-04-28T13:32:28  [INFO   ]  [T008/SC3/warehouse_loop] nav done — goals 0/4 (0%)  elapsed=42s  failure=early_term: insufficient progress over 30s (Δ=0.020 < 0.02)
2026-04-28T13:32:29  [DEBUG  ]  RosbagRecorder stopped  pid=66511
2026-04-28T13:32:29  [INFO   ]    → sc=warehouse_loop  goals=0%  score=0.330  weighted=0.0825  running=0.1615  dist=17.27  obs=1.000  scans=326
2026-04-28T13:32:29  [INFO   ]  ── Scenario 4/6: warehouse_cross_aisle  (3 goals)  weight=0.20 ──
2026-04-28T13:32:29  [INFO   ]  [T008/SC4/warehouse_cross_aisle] starting
2026-04-28T13:32:29  [INFO   ]    [sim] reusing Gazebo for world=warehouse.world  — resetting robot pose
2026-04-28T13:32:29  [DEBUG  ]    [sim] reset strategy 'gz service /world/warehouse/set_pose' returned 255 — trying next
2026-04-28T13:32:29  [INFO   ]    [sim] robot reset via 'ign service /world/warehouse/set_pose'  pos=(-4.00, 8.00)  heading=-1.571
2026-04-28T13:32:32  [DEBUG  ]    [sim] nav-reset 'redirect goal' ok
2026-04-28T13:32:32  [DEBUG  ]    [sim] nav-reset 'clear /a_star/path' ok
2026-04-28T13:32:32  [DEBUG  ]    [sim] nav-reset 'clear /mpc/predicted_path' ok
2026-04-28T13:32:32  [DEBUG  ]    [sim] nav-reset 'clear global costmap' returned 1
2026-04-28T13:32:32  [DEBUG  ]    [sim] nav-reset 'clear local costmap' returned 1
2026-04-28T13:32:32  [INFO   ]    [sim] nav state flushed — planner redirected to (-4.00, 0.00)
2026-04-28T13:32:32  [DEBUG  ]  RosbagRecorder started  pid=67278  dir=/media/lorenzo/writable/Go2_navigation/tuning_results/trial_008/scenario_warehouse_cross_aisle/rosbag
2026-04-28T13:32:32  [INFO   ]  [T008/SC4/warehouse_cross_aisle] waiting 10s for Gazebo bridge…
2026-04-28T13:32:42  [INFO   ]  [T008/SC4/warehouse_cross_aisle] spawning obstacles…
2026-04-28T13:33:06  [INFO   ]  [T008/SC4/warehouse_cross_aisle] waiting 20s for planner…
2026-04-28T13:33:16  [DEBUG  ]  [T008/SC4/warehouse_cross_aisle] heartbeat — 10s remaining
2026-04-28T13:33:26  [INFO   ]  [T008/SC4/warehouse_cross_aisle] nav started — 3 goal(s), timeout=150s
2026-04-28T13:33:26  [INFO   ]  [T008/SC4/warehouse_cross_aisle] 0.0s/150s  waiting for pose…
2026-04-28T13:33:26  [DEBUG  ]  [T008/SC4/warehouse_cross_aisle] initial_dist set from first pose: 0.96m  pos=(-4.47,-0.83)
2026-04-28T13:33:31  [INFO   ]  [T008/SC4/warehouse_cross_aisle] 5.0s/150s  pos=(-4.42,-1.52)  dist=1.58m  cmd=(0.80,-0.23)  mpc_ok=100%  solve=22.9ms
2026-04-28T13:33:36  [INFO   ]  [T008/SC4/warehouse_cross_aisle] 10.1s/150s  pos=(-4.48,-2.26)  dist=2.31m  cmd=(0.80,-0.02)  mpc_ok=100%  solve=17.4ms
2026-04-28T13:33:41  [INFO   ]  [T008/SC4/warehouse_cross_aisle] 15.1s/150s  pos=(-4.52,-3.08)  dist=3.12m  cmd=(0.80,0.02)  mpc_ok=100%  solve=32.0ms
2026-04-28T13:33:46  [INFO   ]  [T008/SC4/warehouse_cross_aisle] 20.2s/150s  pos=(-4.39,-3.63)  dist=3.65m  cmd=(0.80,-0.10)  mpc_ok=100%  solve=62.6ms
2026-04-28T13:33:51  [INFO   ]  [T008/SC4/warehouse_cross_aisle] 25.2s/150s  pos=(-4.12,-4.46)  dist=4.46m  cmd=(0.56,-0.08)  mpc_ok=100%  solve=41.5ms
2026-04-28T13:33:56  [INFO   ]  [T008/SC4/warehouse_cross_aisle] 30.2s/150s  pos=(-4.31,-4.97)  dist=4.98m  cmd=(0.27,0.18)  mpc_ok=100%  solve=37.7ms
2026-04-28T13:34:01  [INFO   ]  [T008/SC4/warehouse_cross_aisle] 35.2s/150s  pos=(-4.10,-5.57)  dist=5.57m  cmd=(0.26,0.03)  mpc_ok=100%  solve=32.3ms
2026-04-28T13:34:06  [INFO   ]  [T008/SC4/warehouse_cross_aisle] 40.2s/150s  pos=(-4.01,-6.07)  dist=6.07m  cmd=(0.28,0.00)  mpc_ok=100%  solve=90.2ms
2026-04-28T13:34:11  [INFO   ]  [T008/SC4/warehouse_cross_aisle] 45.2s/150s  pos=(-3.98,-6.73)  dist=6.73m  cmd=(0.33,0.03)  mpc_ok=100%  solve=58.6ms
2026-04-28T13:34:16  [INFO   ]  [T008/SC4/warehouse_cross_aisle] 50.2s/150s  pos=(-3.97,-7.13)  dist=7.13m  cmd=(0.38,-0.03)  mpc_ok=100%  solve=44.4ms
2026-04-28T13:34:21  [INFO   ]  [T008/SC4/warehouse_cross_aisle] 55.3s/150s  pos=(-4.00,-7.71)  dist=7.71m  cmd=(0.25,-0.00)  mpc_ok=100%  solve=50.7ms
2026-04-28T13:34:26  [INFO   ]  [T008/SC4/warehouse_cross_aisle] 60.3s/150s  pos=(-4.02,-8.05)  dist=8.05m  cmd=(0.09,-0.00)  mpc_ok=100%  solve=39.4ms
2026-04-28T13:34:31  [INFO   ]  [T008/SC4/warehouse_cross_aisle] 65.3s/150s  pos=(-4.16,-8.17)  dist=8.17m  cmd=(0.19,-0.00)  mpc_ok=100%  solve=45.5ms
2026-04-28T13:34:36  [INFO   ]  [T008/SC4/warehouse_cross_aisle] 70.3s/150s  pos=(-4.26,-8.20)  dist=8.20m  cmd=(0.14,0.13)  mpc_ok=100%  solve=93.3ms
2026-04-28T13:34:41  [INFO   ]  [T008/SC4/warehouse_cross_aisle] 75.3s/150s  pos=(-4.15,-8.27)  dist=8.27m  cmd=(0.33,-0.08)  mpc_ok=100%  solve=95.0ms
2026-04-28T13:34:46  [INFO   ]  [T008/SC4/warehouse_cross_aisle] 80.3s/150s  pos=(-4.25,-8.29)  dist=8.29m  cmd=(0.00,0.00)  mpc_ok=100%  solve=44.2ms
2026-04-28T13:34:51  [INFO   ]  [T008/SC4/warehouse_cross_aisle] 85.4s/150s  pos=(-4.25,-8.29)  dist=8.29m  cmd=(0.00,0.00)  mpc_ok=100%  solve=28.6ms
2026-04-28T13:34:56  [INFO   ]  [T008/SC4/warehouse_cross_aisle] 90.4s/150s  pos=(-4.25,-8.29)  dist=8.29m  cmd=(0.00,0.00)  mpc_ok=100%  solve=60.9ms
2026-04-28T13:35:01  [INFO   ]  [T008/SC4/warehouse_cross_aisle] 95.4s/150s  pos=(-4.25,-8.29)  dist=8.29m  cmd=(0.00,0.00)  mpc_ok=100%  solve=41.0ms
2026-04-28T13:35:06  [INFO   ]  [T008/SC4/warehouse_cross_aisle] 100.4s/150s  pos=(-4.25,-8.29)  dist=8.29m  cmd=(0.00,0.00)  mpc_ok=100%  solve=58.3ms
2026-04-28T13:35:11  [INFO   ]  [T008/SC4/warehouse_cross_aisle] 105.4s/150s  pos=(-4.25,-8.29)  dist=8.29m  cmd=(0.00,0.00)  mpc_ok=100%  solve=43.1ms
2026-04-28T13:35:14  [WARNING]  [T008/SC4/warehouse_cross_aisle] early termination — insufficient progress over 30s (Δ=0.006 < 0.02)
2026-04-28T13:35:14  [INFO   ]  [T008/SC4/warehouse_cross_aisle] nav done — goals 0/3 (0%)  elapsed=108s  failure=early_term: insufficient progress over 30s (Δ=0.006 < 0.02)
2026-04-28T13:35:14  [DEBUG  ]  RosbagRecorder stopped  pid=67278
2026-04-28T13:35:14  [INFO   ]    → sc=warehouse_cross_aisle  goals=0%  score=0.360  weighted=0.0719  running=0.2334  dist=8.25  obs=1.000  scans=902
2026-04-28T13:35:14  [INFO   ]  ── Scenario 5/6: office_traverse  (3 goals)  weight=0.20 ──
2026-04-28T13:35:14  [INFO   ]  [T008/SC5/office_traverse] starting
2026-04-28T13:35:14  [DEBUG  ]  Sending SIGTERM to sim_launch  pgid=66035
2026-04-28T13:35:14  [DEBUG  ]  sim_launch exited cleanly
2026-04-28T13:35:23  [DEBUG  ]    [sim] killed
2026-04-28T13:35:33  [INFO   ]    [sim] launched  pid=67535  world=indoor_office.world
2026-04-28T13:35:33  [DEBUG  ]  RosbagRecorder started  pid=68011  dir=/media/lorenzo/writable/Go2_navigation/tuning_results/trial_008/scenario_office_traverse/rosbag
2026-04-28T13:35:33  [INFO   ]  [T008/SC5/office_traverse] waiting 10s for Gazebo bridge…
2026-04-28T13:35:43  [INFO   ]  [T008/SC5/office_traverse] spawning obstacles…
2026-04-28T13:36:07  [INFO   ]  [T008/SC5/office_traverse] waiting 20s for planner…
2026-04-28T13:36:17  [DEBUG  ]  [T008/SC5/office_traverse] heartbeat — 10s remaining
2026-04-28T13:36:27  [INFO   ]  [T008/SC5/office_traverse] nav started — 3 goal(s), timeout=150s
2026-04-28T13:36:27  [INFO   ]  [T008/SC5/office_traverse] 0.0s/150s  waiting for pose…
2026-04-28T13:36:27  [DEBUG  ]  [T008/SC5/office_traverse] initial_dist set from first pose: 3.48m  pos=(2.59,-3.18)
2026-04-28T13:36:32  [INFO   ]  [T008/SC5/office_traverse] 5.0s/150s  pos=(2.60,-2.53)  dist=2.89m  cmd=(0.64,-0.05)  mpc_ok=100%  solve=56.7ms
2026-04-28T13:36:37  [INFO   ]  [T008/SC5/office_traverse] 10.0s/150s  pos=(2.18,-1.78)  dist=2.54m  cmd=(0.04,-0.30)  mpc_ok=100%  solve=62.5ms
2026-04-28T13:36:42  [INFO   ]  [T008/SC5/office_traverse] 15.1s/150s  pos=(3.05,-1.58)  dist=1.84m  cmd=(0.66,-0.30)  mpc_ok=100%  solve=45.9ms
2026-04-28T13:36:47  [INFO   ]  [T008/SC5/office_traverse] 20.1s/150s  pos=(3.61,-0.63)  dist=0.74m  cmd=(0.20,-0.24)  mpc_ok=100%  solve=32.9ms
2026-04-28T13:36:51  [INFO   ]  [T008/SC5/office_traverse] goal 1/3 reached  pos=(3.55,-0.21)  elapsed=24s
2026-04-28T13:36:52  [INFO   ]  [T008/SC5/office_traverse] 1.2s/150s  pos=(3.64,0.08)  dist=3.44m  cmd=(0.03,-0.17)  mpc_ok=100%  solve=56.1ms
2026-04-28T13:36:57  [INFO   ]  [T008/SC5/office_traverse] 6.2s/150s  pos=(3.28,0.18)  dist=3.39m  cmd=(0.80,-0.30)  mpc_ok=100%  solve=26.5ms
2026-04-28T13:37:02  [INFO   ]  [T008/SC5/office_traverse] 11.2s/150s  pos=(3.09,1.05)  dist=2.62m  cmd=(0.80,0.11)  mpc_ok=100%  solve=28.8ms
2026-04-28T13:37:07  [INFO   ]  [T008/SC5/office_traverse] 16.2s/150s  pos=(2.58,1.75)  dist=2.25m  cmd=(0.80,0.10)  mpc_ok=100%  solve=42.6ms
2026-04-28T13:37:12  [INFO   ]  [T008/SC5/office_traverse] 21.3s/150s  pos=(2.30,2.14)  dist=2.18m  cmd=(0.80,-0.03)  mpc_ok=100%  solve=57.4ms
2026-04-28T13:37:17  [INFO   ]  [T008/SC5/office_traverse] 26.3s/150s  pos=(2.31,2.68)  dist=1.88m  cmd=(0.80,-0.18)  mpc_ok=100%  solve=43.9ms
2026-04-28T13:37:22  [INFO   ]  [T008/SC5/office_traverse] 31.3s/150s  pos=(2.20,3.38)  dist=1.80m  cmd=(0.80,-0.02)  mpc_ok=100%  solve=65.4ms
2026-04-28T13:37:27  [INFO   ]  [T008/SC5/office_traverse] 36.3s/150s  pos=(2.59,4.28)  dist=1.61m  cmd=(0.50,-0.30)  mpc_ok=100%  solve=87.6ms
2026-04-28T13:37:32  [INFO   ]  [T008/SC5/office_traverse] 41.4s/150s  pos=(2.85,4.66)  dist=1.64m  cmd=(0.41,-0.30)  mpc_ok=100%  solve=92.5ms
2026-04-28T13:37:37  [INFO   ]  [T008/SC5/office_traverse] 46.4s/150s  pos=(2.85,4.59)  dist=1.59m  cmd=(-0.07,-0.30)  mpc_ok=100%  solve=108.2ms
2026-04-28T13:37:42  [INFO   ]  [T008/SC5/office_traverse] 51.4s/150s  pos=(2.86,4.23)  dist=1.35m  cmd=(0.00,-0.00)  mpc_ok=100%  solve=122.9ms
2026-04-28T13:37:47  [INFO   ]  [T008/SC5/office_traverse] 56.4s/150s  pos=(2.79,4.51)  dist=1.58m  cmd=(0.41,-0.30)  mpc_ok=100%  solve=246.6ms
2026-04-28T13:37:52  [INFO   ]  [T008/SC5/office_traverse] 61.5s/150s  pos=(2.84,4.72)  dist=1.68m  cmd=(0.06,-0.26)  mpc_ok=95%  solve=72.6ms
2026-04-28T13:37:55  [DEBUG  ]  RosbagRecorder stopped  pid=68011
2026-04-28T13:37:55  [INFO   ]  [Interrupted] saving partial results…
2026-04-28T13:37:56  [INFO   ]  ============================================================
2026-04-28T13:37:56  [INFO   ]  COMPLETE — best=0.3830 (trial 6)
2026-04-28T13:37:56  [INFO   ]    grid_std: 0.1845
2026-04-28T13:37:56  [INFO   ]    mpc_Q_terminal: 273.8314
2026-04-28T13:37:56  [INFO   ]    mpc_Q_x: 375.4166
2026-04-28T13:37:56  [INFO   ]    mpc_Q_y: 248.8745
2026-04-28T13:37:56  [INFO   ]    mpc_Q_yaw: 2.4993
2026-04-28T13:37:56  [INFO   ]    mpc_W_obs_sigmoid: 314.1546
2026-04-28T13:37:56  [INFO   ]  Deploy:  cp /media/lorenzo/writable/Go2_navigation/tuning_results/best_planner_params.yaml /media/lorenzo/writable/Go2_navigation/src/a_star_mpc_planner/config/planner_params.yaml
2026-04-28T13:37:56  [INFO   ]  ============================================================
2026-04-28T13:42:25  [WARNING]  [resume] /media/lorenzo/writable/Go2_navigation/tuning_results/trial_007/hp_trials.joblib not found — fresh TPE state (GP history still loaded)
2026-04-28T13:42:25  [INFO   ]  [resume] restored 7 trials  best=0.3830 (t006)
2026-04-28T13:42:25  [INFO   ]  [resume] continuing from trial 7  (43 remaining)
2026-04-28T13:42:25  [INFO   ]  [ROS] rclpy initialised
2026-04-28T13:42:25  [INFO   ]  ############################################################
2026-04-28T13:42:25  [INFO   ]  # Bayesian MPC Tuner — Go2 Gazebo (hardened)
2026-04-28T13:42:25  [INFO   ]  # Trials=50  RandomInit=10  TPE=40
2026-04-28T13:42:25  [INFO   ]  # Scenarios/trial=6  Params=6
2026-04-28T13:42:25  [INFO   ]  # Est. time: ~20.4h
2026-04-28T13:42:25  [INFO   ]  # Results: /media/lorenzo/writable/Go2_navigation/tuning_results
2026-04-28T13:42:25  [INFO   ]  # [OK] scikit-learn 1.7.2 — GP active from trial 11
2026-04-28T13:42:25  [INFO   ]  # [OK] joblib required for gp_model.joblib — pip install joblib
2026-04-28T13:42:25  [INFO   ]  ############################################################
2026-04-28T13:42:25  [INFO   ]  ============================================================
2026-04-28T13:42:25  [INFO   ]  Trial 008/50  [RANDOM INIT]  2026-04-28T13:42:25  ETA ~0min
2026-04-28T13:42:25  [INFO   ]  Params: {'grid_std': '0.117', 'mpc_Q_terminal': '235.000', 'mpc_Q_x': '343.284', 'mpc_Q_y': '447.767', 'mpc_Q_yaw': '9.340', 'mpc_W_obs_sigmoid': '334.779'}
2026-04-28T13:42:25  [INFO   ]  ============================================================
2026-04-28T13:42:25  [INFO   ]  ── Scenario 1/6: open_square  (3 goals)  weight=0.10 ──
2026-04-28T13:42:25  [INFO   ]  [T008/SC1/open_square] starting
2026-04-28T13:42:35  [INFO   ]  [Interrupted] saving partial results…
2026-04-28T13:42:35  [INFO   ]  ============================================================
2026-04-28T13:42:35  [INFO   ]  COMPLETE — best=0.3830 (trial 6)
2026-04-28T13:42:35  [INFO   ]    grid_std: 0.1845
2026-04-28T13:42:35  [INFO   ]    mpc_Q_terminal: 273.8314
2026-04-28T13:42:35  [INFO   ]    mpc_Q_x: 375.4166
2026-04-28T13:42:35  [INFO   ]    mpc_Q_y: 248.8745
2026-04-28T13:42:35  [INFO   ]    mpc_Q_yaw: 2.4993
2026-04-28T13:42:35  [INFO   ]    mpc_W_obs_sigmoid: 314.1546
2026-04-28T13:42:35  [INFO   ]  Deploy:  cp /media/lorenzo/writable/Go2_navigation/tuning_results/best_planner_params.yaml /media/lorenzo/writable/Go2_navigation/src/a_star_mpc_planner/config/planner_params.yaml
2026-04-28T13:42:35  [INFO   ]  ============================================================
2026-04-28T13:42:47  [WARNING]  [resume] /media/lorenzo/writable/Go2_navigation/tuning_results/trial_007/hp_trials.joblib not found — fresh TPE state (GP history still loaded)
2026-04-28T13:42:47  [INFO   ]  [resume] restored 7 trials  best=0.3830 (t006)
2026-04-28T13:42:47  [INFO   ]  [resume] continuing from trial 7  (43 remaining)
2026-04-28T13:42:47  [INFO   ]  [ROS] rclpy initialised
2026-04-28T13:42:47  [INFO   ]  ############################################################
2026-04-28T13:42:47  [INFO   ]  # Bayesian MPC Tuner — Go2 Gazebo (hardened)
2026-04-28T13:42:47  [INFO   ]  # Trials=50  RandomInit=10  TPE=40
2026-04-28T13:42:47  [INFO   ]  # Scenarios/trial=6  Params=6
2026-04-28T13:42:47  [INFO   ]  # Est. time: ~20.4h
2026-04-28T13:42:47  [INFO   ]  # Results: /media/lorenzo/writable/Go2_navigation/tuning_results
2026-04-28T13:42:47  [INFO   ]  # [OK] scikit-learn 1.7.2 — GP active from trial 11
2026-04-28T13:42:47  [INFO   ]  # [OK] joblib required for gp_model.joblib — pip install joblib
2026-04-28T13:42:47  [INFO   ]  ############################################################
2026-04-28T13:42:47  [INFO   ]  ============================================================
2026-04-28T13:42:47  [INFO   ]  Trial 008/50  [RANDOM INIT]  2026-04-28T13:42:47  ETA ~0min
2026-04-28T13:42:47  [INFO   ]  Params: {'grid_std': '0.117', 'mpc_Q_terminal': '235.000', 'mpc_Q_x': '343.284', 'mpc_Q_y': '447.767', 'mpc_Q_yaw': '9.340', 'mpc_W_obs_sigmoid': '334.779'}
2026-04-28T13:42:47  [INFO   ]  ============================================================
2026-04-28T13:42:47  [INFO   ]  ── Scenario 1/6: open_square  (3 goals)  weight=0.10 ──
2026-04-28T13:42:47  [INFO   ]  [T008/SC1/open_square] starting
2026-04-28T13:42:57  [INFO   ]    [sim] launched  pid=69219  world=default.sdf
2026-04-28T13:42:57  [DEBUG  ]  RosbagRecorder started  pid=69696  dir=/media/lorenzo/writable/Go2_navigation/tuning_results/trial_008/scenario_open_square/rosbag
2026-04-28T13:42:57  [INFO   ]  [T008/SC1/open_square] waiting 10s for Gazebo bridge…
2026-04-28T13:43:07  [INFO   ]  [T008/SC1/open_square] spawning obstacles…
2026-04-28T13:43:32  [INFO   ]  [T008/SC1/open_square] waiting 20s for planner…
2026-04-28T13:43:42  [DEBUG  ]  [T008/SC1/open_square] heartbeat — 10s remaining
2026-04-28T13:43:52  [INFO   ]  [T008/SC1/open_square] nav started — 3 goal(s), timeout=300s
2026-04-28T13:43:52  [INFO   ]  [T008/SC1/open_square] 0.0s/300s  waiting for pose…
2026-04-28T13:43:52  [DEBUG  ]  [T008/SC1/open_square] initial_dist set from first pose: 2.63m  pos=(2.43,-0.56)
2026-04-28T13:43:57  [INFO   ]  [T008/SC1/open_square] 5.1s/300s  pos=(3.05,0.03)  dist=1.95m  cmd=(0.80,-0.10)  mpc_ok=100%  solve=47.0ms
2026-04-28T13:44:02  [INFO   ]  [T008/SC1/open_square] 10.1s/300s  pos=(3.27,0.53)  dist=1.80m  cmd=(0.18,-0.30)  mpc_ok=100%  solve=60.1ms
2026-04-28T13:44:07  [INFO   ]  [T008/SC1/open_square] 15.1s/300s  pos=(3.25,-0.42)  dist=1.80m  cmd=(0.64,0.01)  mpc_ok=100%  solve=41.3ms
2026-04-28T13:44:12  [INFO   ]  [T008/SC1/open_square] 20.1s/300s  pos=(3.67,-0.58)  dist=1.45m  cmd=(-0.16,0.22)  mpc_ok=100%  solve=120.4ms
2026-04-28T13:44:17  [INFO   ]  [T008/SC1/open_square] 25.2s/300s  pos=(3.45,0.38)  dist=1.59m  cmd=(0.36,0.24)  mpc_ok=100%  solve=44.2ms
2026-04-28T13:44:22  [INFO   ]  [T008/SC1/open_square] 30.2s/300s  pos=(3.64,0.68)  dist=1.52m  cmd=(0.52,-0.00)  mpc_ok=100%  solve=57.6ms
2026-04-28T13:44:27  [INFO   ]  [T008/SC1/open_square] 35.2s/300s  pos=(3.77,0.84)  dist=1.49m  cmd=(-0.14,-0.30)  mpc_ok=100%  solve=120.6ms
2026-04-28T13:44:32  [INFO   ]  [T008/SC1/open_square] 40.2s/300s  pos=(3.30,0.13)  dist=1.71m  cmd=(0.76,0.02)  mpc_ok=100%  solve=62.4ms
2026-04-28T13:44:33  [WARNING]  [T008/SC1/open_square] early termination — insufficient progress over 30s (Δ=0.019 < 0.02)
2026-04-28T13:44:33  [INFO   ]  [T008/SC1/open_square] nav done — goals 0/3 (0%)  elapsed=41s  failure=early_term: insufficient progress over 30s (Δ=0.019 < 0.02)
2026-04-28T13:44:33  [DEBUG  ]  RosbagRecorder stopped  pid=69696
2026-04-28T13:44:33  [INFO   ]    → sc=open_square  goals=0%  score=0.316  weighted=0.0316  running=0.0316  dist=7.43  obs=0.998  scans=324
2026-04-28T13:44:33  [INFO   ]  ── Scenario 2/6: open_zigzag  (3 goals)  weight=0.10 ──
2026-04-28T13:44:33  [INFO   ]  [T008/SC2/open_zigzag] starting
2026-04-28T13:44:33  [INFO   ]    [sim] reusing Gazebo for world=default.sdf  — resetting robot pose
2026-04-28T13:44:33  [DEBUG  ]    [sim] reset strategy 'gz service /world/default/set_pose' returned 255 — trying next
2026-04-28T13:44:33  [INFO   ]    [sim] robot reset via 'ign service /world/default/set_pose'  pos=(0.00, 0.00)  heading=0.000
2026-04-28T13:44:36  [DEBUG  ]    [sim] nav-reset 'redirect goal' ok
2026-04-28T13:44:36  [DEBUG  ]    [sim] nav-reset 'clear /a_star/path' ok
2026-04-28T13:44:36  [DEBUG  ]    [sim] nav-reset 'clear /mpc/predicted_path' ok
2026-04-28T13:44:36  [DEBUG  ]    [sim] nav-reset 'clear global costmap' returned 1
2026-04-28T13:44:36  [DEBUG  ]    [sim] nav-reset 'clear local costmap' returned 1
2026-04-28T13:44:36  [INFO   ]    [sim] nav state flushed — planner redirected to (-4.00, -3.00)
2026-04-28T13:44:36  [DEBUG  ]  RosbagRecorder started  pid=70401  dir=/media/lorenzo/writable/Go2_navigation/tuning_results/trial_008/scenario_open_zigzag/rosbag
2026-04-28T13:44:36  [INFO   ]  [T008/SC2/open_zigzag] waiting 10s for Gazebo bridge…
2026-04-28T13:44:46  [INFO   ]  [T008/SC2/open_zigzag] spawning obstacles…
2026-04-28T13:45:10  [INFO   ]  [T008/SC2/open_zigzag] waiting 20s for planner…
2026-04-28T13:45:20  [DEBUG  ]  [T008/SC2/open_zigzag] heartbeat — 10s remaining
2026-04-28T13:45:30  [INFO   ]  [T008/SC2/open_zigzag] nav started — 3 goal(s), timeout=300s
2026-04-28T13:45:30  [INFO   ]  [T008/SC2/open_zigzag] 0.1s/300s  waiting for pose…
2026-04-28T13:45:30  [DEBUG  ]  [T008/SC2/open_zigzag] initial_dist set from first pose: 1.26m  pos=(-2.79,-3.36)
2026-04-28T13:45:32  [DEBUG  ]  RosbagRecorder stopped  pid=70401
2026-04-28T13:45:32  [INFO   ]  [Interrupted] saving partial results…
2026-04-28T13:45:32  [INFO   ]  ============================================================
2026-04-28T13:45:32  [INFO   ]  COMPLETE — best=0.3830 (trial 6)
2026-04-28T13:45:32  [INFO   ]    grid_std: 0.1845
2026-04-28T13:45:32  [INFO   ]    mpc_Q_terminal: 273.8314
2026-04-28T13:45:32  [INFO   ]    mpc_Q_x: 375.4166
2026-04-28T13:45:32  [INFO   ]    mpc_Q_y: 248.8745
2026-04-28T13:45:32  [INFO   ]    mpc_Q_yaw: 2.4993
2026-04-28T13:45:32  [INFO   ]    mpc_W_obs_sigmoid: 314.1546
2026-04-28T13:45:32  [INFO   ]  Deploy:  cp /media/lorenzo/writable/Go2_navigation/tuning_results/best_planner_params.yaml /media/lorenzo/writable/Go2_navigation/src/a_star_mpc_planner/config/planner_params.yaml
2026-04-28T13:45:32  [INFO   ]  ============================================================
2026-04-28T13:50:37  [WARNING]  [resume] /media/lorenzo/writable/Go2_navigation/tuning_results/trial_007/hp_trials.joblib not found — fresh TPE state (GP history still loaded)
2026-04-28T13:50:37  [INFO   ]  [resume] restored 7 trials  best=0.3830 (t006)
2026-04-28T13:50:37  [INFO   ]  [resume] continuing from trial 7  (43 remaining)
2026-04-28T13:50:37  [INFO   ]  [ROS] rclpy initialised
2026-04-28T13:50:37  [INFO   ]  ############################################################
2026-04-28T13:50:37  [INFO   ]  # Bayesian MPC Tuner — Go2 Gazebo (hardened)
2026-04-28T13:50:37  [INFO   ]  # Trials=50  RandomInit=10  TPE=40
2026-04-28T13:50:37  [INFO   ]  # Scenarios/trial=6  Params=6
2026-04-28T13:50:37  [INFO   ]  # Est. time: ~20.4h
2026-04-28T13:50:37  [INFO   ]  # Results: /media/lorenzo/writable/Go2_navigation/tuning_results
2026-04-28T13:50:37  [INFO   ]  # [OK] scikit-learn 1.7.2 — GP active from trial 11
2026-04-28T13:50:37  [INFO   ]  # [OK] joblib required for gp_model.joblib — pip install joblib
2026-04-28T13:50:37  [INFO   ]  ############################################################
2026-04-28T13:50:37  [INFO   ]  ============================================================
2026-04-28T13:50:37  [INFO   ]  Trial 008/50  [RANDOM INIT]  2026-04-28T13:50:37  ETA ~0min
2026-04-28T13:50:37  [INFO   ]  Params: {'grid_std': '0.117', 'mpc_Q_terminal': '235.000', 'mpc_Q_x': '343.284', 'mpc_Q_y': '447.767', 'mpc_Q_yaw': '9.340', 'mpc_W_obs_sigmoid': '334.779'}
2026-04-28T13:50:37  [INFO   ]  ============================================================
2026-04-28T13:50:37  [INFO   ]  ── Scenario 1/6: open_square  (3 goals)  weight=0.10 ──
2026-04-28T13:50:37  [INFO   ]  [T008/SC1/open_square] starting
2026-04-28T13:50:48  [INFO   ]    [sim] launched  pid=70804  world=default.sdf
2026-04-28T13:50:48  [DEBUG  ]  RosbagRecorder started  pid=71281  dir=/media/lorenzo/writable/Go2_navigation/tuning_results/trial_008/scenario_open_square/rosbag
2026-04-28T13:50:48  [INFO   ]  [T008/SC1/open_square] waiting 10s for Gazebo bridge…
2026-04-28T13:50:58  [INFO   ]  [T008/SC1/open_square] spawning obstacles…
2026-04-28T13:51:22  [INFO   ]  [T008/SC1/open_square] waiting 20s for planner…
2026-04-28T13:51:32  [DEBUG  ]  [T008/SC1/open_square] heartbeat — 10s remaining
2026-04-28T13:51:42  [INFO   ]  [T008/SC1/open_square] nav started — 3 goal(s), timeout=300s
2026-04-28T13:51:42  [INFO   ]  [T008/SC1/open_square] 0.0s/300s  waiting for pose…
2026-04-28T13:51:42  [DEBUG  ]  [T008/SC1/open_square] initial_dist set from first pose: 3.70m  pos=(3.72,-1.71)
2026-04-28T13:51:47  [INFO   ]  [T008/SC1/open_square] 5.0s/300s  pos=(4.16,-1.74)  dist=3.34m  cmd=(0.80,-0.08)  mpc_ok=100%  solve=53.0ms
2026-04-28T13:51:52  [INFO   ]  [T008/SC1/open_square] 10.0s/300s  pos=(4.66,-1.87)  dist=2.99m  cmd=(0.80,0.05)  mpc_ok=100%  solve=23.3ms
2026-04-28T13:51:57  [INFO   ]  [T008/SC1/open_square] 15.0s/300s  pos=(5.34,-1.89)  dist=2.51m  cmd=(0.80,-0.30)  mpc_ok=100%  solve=37.2ms
2026-04-28T13:52:02  [INFO   ]  [T008/SC1/open_square] 20.0s/300s  pos=(5.52,-1.40)  dist=2.04m  cmd=(0.80,0.02)  mpc_ok=100%  solve=26.9ms
2026-04-28T13:52:07  [INFO   ]  [T008/SC1/open_square] 25.1s/300s  pos=(5.90,-1.13)  dist=1.58m  cmd=(0.79,0.29)  mpc_ok=100%  solve=36.8ms
2026-04-28T13:52:12  [INFO   ]  [T008/SC1/open_square] 30.1s/300s  pos=(6.41,-0.77)  dist=0.97m  cmd=(0.43,0.15)  mpc_ok=100%  solve=56.4ms
2026-04-28T13:52:16  [INFO   ]  [T008/SC1/open_square] goal 1/3 reached  pos=(6.64,-0.34)  elapsed=35s
2026-04-28T13:52:17  [INFO   ]  [T008/SC1/open_square] 0.5s/300s  pos=(6.63,-0.36)  dist=6.37m  cmd=(0.31,0.02)  mpc_ok=100%  solve=44.5ms
2026-04-28T13:52:22  [INFO   ]  [T008/SC1/open_square] 5.5s/300s  pos=(6.73,-0.17)  dist=6.18m  cmd=(0.00,-0.00)  mpc_ok=100%  solve=54.7ms
2026-04-28T13:52:27  [INFO   ]  [T008/SC1/open_square] 10.5s/300s  pos=(6.74,-0.18)  dist=6.18m  cmd=(0.01,0.00)  mpc_ok=100%  solve=43.1ms
2026-04-28T13:52:32  [INFO   ]  [T008/SC1/open_square] 15.5s/300s  pos=(6.70,-0.19)  dist=6.20m  cmd=(0.00,-0.00)  mpc_ok=100%  solve=31.6ms
2026-04-28T13:52:37  [INFO   ]  [T008/SC1/open_square] 20.6s/300s  pos=(6.72,-0.19)  dist=6.20m  cmd=(0.01,0.00)  mpc_ok=100%  solve=32.4ms
2026-04-28T13:52:42  [INFO   ]  [T008/SC1/open_square] 25.6s/300s  pos=(6.68,-0.21)  dist=6.21m  cmd=(0.25,-0.04)  mpc_ok=100%  solve=38.2ms
2026-04-28T13:52:47  [INFO   ]  [T008/SC1/open_square] 30.6s/300s  pos=(6.71,-0.22)  dist=6.23m  cmd=(0.02,-0.01)  mpc_ok=100%  solve=42.1ms
2026-04-28T13:52:47  [WARNING]  [T008/SC1/open_square] early termination — insufficient progress over 30s (Δ=0.020 < 0.02)
2026-04-28T13:52:47  [INFO   ]  [T008/SC1/open_square] nav done — goals 1/3 (33%)  elapsed=31s  failure=early_term: insufficient progress over 30s (Δ=0.020 < 0.02)
2026-04-28T13:52:47  [DEBUG  ]  RosbagRecorder stopped  pid=71281
2026-04-28T13:52:47  [INFO   ]    → sc=open_square  goals=33%  score=0.390  weighted=0.0390  running=0.0390  dist=9.85  obs=1.000  scans=186
2026-04-28T13:52:47  [INFO   ]  ── Scenario 2/6: open_zigzag  (3 goals)  weight=0.10 ──
2026-04-28T13:52:47  [INFO   ]  [T008/SC2/open_zigzag] starting
2026-04-28T13:52:47  [INFO   ]    [sim] reusing Gazebo for world=default.sdf  — resetting robot pose
2026-04-28T13:52:48  [DEBUG  ]    [sim] reset strategy 'gz service /world/default/set_pose' returned 255 — trying next
2026-04-28T13:52:48  [INFO   ]    [sim] robot reset via 'ign service /world/default/set_pose'  pos=(0.00, 0.00)  heading=0.000
2026-04-28T13:52:51  [DEBUG  ]    [sim] nav-reset 'redirect goal' ok
2026-04-28T13:52:51  [DEBUG  ]    [sim] nav-reset 'clear /a_star/path' ok
2026-04-28T13:52:51  [DEBUG  ]    [sim] nav-reset 'clear /mpc/predicted_path' ok
2026-04-28T13:52:51  [DEBUG  ]    [sim] nav-reset 'clear global costmap' returned 1
2026-04-28T13:52:51  [DEBUG  ]    [sim] nav-reset 'clear local costmap' returned 1
2026-04-28T13:52:51  [INFO   ]    [sim] nav state flushed — planner redirected to (-6.00, 3.00)
2026-04-28T13:52:51  [DEBUG  ]  RosbagRecorder started  pid=71987  dir=/media/lorenzo/writable/Go2_navigation/tuning_results/trial_008/scenario_open_zigzag/rosbag
2026-04-28T13:52:51  [INFO   ]  [T008/SC2/open_zigzag] waiting 10s for Gazebo bridge…
2026-04-28T13:53:01  [INFO   ]  [T008/SC2/open_zigzag] spawning obstacles…
2026-04-28T13:53:25  [INFO   ]  [T008/SC2/open_zigzag] waiting 20s for planner…
2026-04-28T13:53:35  [DEBUG  ]  [T008/SC2/open_zigzag] heartbeat — 10s remaining
2026-04-28T13:53:45  [INFO   ]  [T008/SC2/open_zigzag] nav started — 3 goal(s), timeout=300s
2026-04-28T13:53:45  [INFO   ]  [T008/SC2/open_zigzag] 0.0s/300s  waiting for pose…
2026-04-28T13:53:45  [DEBUG  ]  [T008/SC2/open_zigzag] initial_dist set from first pose: 0.96m  pos=(-5.15,2.55)
2026-04-28T13:53:50  [INFO   ]  [T008/SC2/open_zigzag] goal 1/3 reached  pos=(-5.71,2.60)  elapsed=5s
2026-04-28T13:53:50  [INFO   ]  [T008/SC2/open_zigzag] 0.0s/300s  pos=(-5.71,2.60)  dist=12.19m  cmd=(0.33,-0.06)  mpc_ok=0%  solve=3.4ms
2026-04-28T13:53:55  [INFO   ]  [T008/SC2/open_zigzag] 5.0s/300s  pos=(-6.02,2.66)  dist=12.47m  cmd=(0.12,0.04)  mpc_ok=0%  solve=4.6ms
2026-04-28T13:54:00  [INFO   ]  [T008/SC2/open_zigzag] 10.0s/300s  pos=(-6.06,2.68)  dist=12.51m  cmd=(0.04,-0.00)  mpc_ok=0%  solve=5.5ms
2026-04-28T13:54:05  [INFO   ]  [T008/SC2/open_zigzag] 15.1s/300s  pos=(-6.04,2.66)  dist=12.49m  cmd=(0.30,0.02)  mpc_ok=0%  solve=5.9ms
2026-04-28T13:54:10  [INFO   ]  [T008/SC2/open_zigzag] 20.1s/300s  pos=(-6.09,2.73)  dist=12.53m  cmd=(0.01,-0.00)  mpc_ok=0%  solve=4.3ms
2026-04-28T13:54:15  [INFO   ]  [T008/SC2/open_zigzag] 25.1s/300s  pos=(-6.09,2.72)  dist=12.53m  cmd=(0.00,-0.00)  mpc_ok=0%  solve=4.9ms
2026-04-28T13:54:20  [WARNING]  [T008/SC2/open_zigzag] early termination — MPC success rate 0% < 70%
2026-04-28T13:54:20  [INFO   ]  [T008/SC2/open_zigzag] nav done — goals 1/3 (33%)  elapsed=30s  failure=early_term: MPC success rate 0% < 70%
2026-04-28T13:54:20  [DEBUG  ]  RosbagRecorder stopped  pid=71987
2026-04-28T13:54:20  [INFO   ]    → sc=open_zigzag  goals=33%  score=0.325  weighted=0.0325  running=0.0715  dist=6.25  obs=1.000  scans=35
2026-04-28T13:54:20  [INFO   ]  ── Scenario 3/6: warehouse_loop  (4 goals)  weight=0.25 ──
2026-04-28T13:54:20  [INFO   ]  [T008/SC3/warehouse_loop] starting
2026-04-28T13:54:20  [DEBUG  ]  Sending SIGTERM to sim_launch  pgid=70804
2026-04-28T13:54:20  [DEBUG  ]  sim_launch exited cleanly
2026-04-28T13:54:28  [DEBUG  ]    [sim] killed
2026-04-28T13:54:39  [INFO   ]    [sim] launched  pid=72258  world=warehouse.world
2026-04-28T13:54:39  [DEBUG  ]  RosbagRecorder started  pid=72734  dir=/media/lorenzo/writable/Go2_navigation/tuning_results/trial_008/scenario_warehouse_loop/rosbag
2026-04-28T13:54:39  [INFO   ]  [T008/SC3/warehouse_loop] waiting 10s for Gazebo bridge…
2026-04-28T13:54:49  [INFO   ]  [T008/SC3/warehouse_loop] spawning obstacles…
2026-04-28T13:55:19  [INFO   ]  [T008/SC3/warehouse_loop] waiting 20s for planner…
2026-04-28T13:55:29  [DEBUG  ]  [T008/SC3/warehouse_loop] heartbeat — 10s remaining
2026-04-28T13:55:39  [INFO   ]  [T008/SC3/warehouse_loop] nav started — 4 goal(s), timeout=180s
2026-04-28T13:55:39  [INFO   ]  [T008/SC3/warehouse_loop] 0.0s/180s  waiting for pose…
2026-04-28T13:55:39  [DEBUG  ]  [T008/SC3/warehouse_loop] initial_dist set from first pose: 17.75m  pos=(-5.75,-8.28)
2026-04-28T13:55:44  [INFO   ]  [T008/SC3/warehouse_loop] 5.0s/180s  pos=(-5.26,-8.28)  dist=17.26m  cmd=(0.40,-0.05)  mpc_ok=100%  solve=16.0ms
2026-04-28T13:55:49  [INFO   ]  [T008/SC3/warehouse_loop] 10.0s/180s  pos=(-4.57,-8.29)  dist=16.57m  cmd=(0.49,-0.03)  mpc_ok=100%  solve=19.4ms
2026-04-28T13:55:54  [INFO   ]  [T008/SC3/warehouse_loop] 15.1s/180s  pos=(-3.96,-8.31)  dist=15.97m  cmd=(0.26,0.00)  mpc_ok=100%  solve=29.1ms
2026-04-28T13:55:59  [INFO   ]  [T008/SC3/warehouse_loop] 20.1s/180s  pos=(-3.51,-8.34)  dist=15.51m  cmd=(0.24,-0.02)  mpc_ok=100%  solve=28.5ms
2026-04-28T13:56:04  [INFO   ]  [T008/SC3/warehouse_loop] 25.1s/180s  pos=(-3.57,-8.35)  dist=15.58m  cmd=(0.00,0.00)  mpc_ok=100%  solve=37.3ms
2026-04-28T13:56:09  [INFO   ]  [T008/SC3/warehouse_loop] 30.1s/180s  pos=(-3.74,-8.32)  dist=15.74m  cmd=(-0.00,0.00)  mpc_ok=100%  solve=35.2ms
2026-04-28T13:56:14  [INFO   ]  [T008/SC3/warehouse_loop] 35.1s/180s  pos=(-3.89,-8.32)  dist=15.89m  cmd=(-0.00,0.00)  mpc_ok=100%  solve=63.2ms
2026-04-28T13:56:19  [INFO   ]  [T008/SC3/warehouse_loop] 40.1s/180s  pos=(-4.08,-8.44)  dist=16.09m  cmd=(0.07,-0.06)  mpc_ok=100%  solve=51.9ms
2026-04-28T13:56:19  [WARNING]  [T008/SC3/warehouse_loop] early termination — insufficient progress over 30s (Δ=0.020 < 0.02)
2026-04-28T13:56:19  [INFO   ]  [T008/SC3/warehouse_loop] nav done — goals 0/4 (0%)  elapsed=41s  failure=early_term: insufficient progress over 30s (Δ=0.020 < 0.02)
2026-04-28T13:56:20  [DEBUG  ]  RosbagRecorder stopped  pid=72734
2026-04-28T13:56:20  [INFO   ]    → sc=warehouse_loop  goals=0%  score=0.330  weighted=0.0825  running=0.1540  dist=18.26  obs=1.000  scans=331
2026-04-28T13:56:20  [INFO   ]  ── Scenario 4/6: warehouse_cross_aisle  (3 goals)  weight=0.20 ──
2026-04-28T13:56:20  [INFO   ]  [T008/SC4/warehouse_cross_aisle] starting
2026-04-28T13:56:20  [INFO   ]    [sim] reusing Gazebo for world=warehouse.world  — resetting robot pose
2026-04-28T13:56:20  [DEBUG  ]    [sim] reset strategy 'gz service /world/warehouse/set_pose' returned 255 — trying next
2026-04-28T13:56:20  [INFO   ]    [sim] robot reset via 'ign service /world/warehouse/set_pose'  pos=(-4.00, 8.00)  heading=-1.571
2026-04-28T13:56:23  [DEBUG  ]    [sim] nav-reset 'redirect goal' ok
2026-04-28T13:56:23  [DEBUG  ]    [sim] nav-reset 'clear /a_star/path' ok
2026-04-28T13:56:23  [DEBUG  ]    [sim] nav-reset 'clear /mpc/predicted_path' ok
2026-04-28T13:56:23  [DEBUG  ]    [sim] nav-reset 'clear global costmap' returned 1
2026-04-28T13:56:23  [DEBUG  ]    [sim] nav-reset 'clear local costmap' returned 1
2026-04-28T13:56:23  [INFO   ]    [sim] nav state flushed — planner redirected to (-4.00, 2.00)
2026-04-28T13:56:23  [DEBUG  ]  RosbagRecorder started  pid=73501  dir=/media/lorenzo/writable/Go2_navigation/tuning_results/trial_008/scenario_warehouse_cross_aisle/rosbag
2026-04-28T13:56:23  [INFO   ]  [T008/SC4/warehouse_cross_aisle] waiting 10s for Gazebo bridge…
2026-04-28T13:56:33  [INFO   ]  [T008/SC4/warehouse_cross_aisle] spawning obstacles…
2026-04-28T13:56:57  [INFO   ]  [T008/SC4/warehouse_cross_aisle] waiting 20s for planner…
2026-04-28T13:57:07  [DEBUG  ]  [T008/SC4/warehouse_cross_aisle] heartbeat — 10s remaining
2026-04-28T13:57:17  [INFO   ]  [T008/SC4/warehouse_cross_aisle] nav started — 3 goal(s), timeout=150s
2026-04-28T13:57:17  [INFO   ]  [T008/SC4/warehouse_cross_aisle] 0.0s/150s  waiting for pose…
2026-04-28T13:57:17  [DEBUG  ]  [T008/SC4/warehouse_cross_aisle] initial_dist set from first pose: 2.37m  pos=(-4.44,-0.33)
2026-04-28T13:57:22  [INFO   ]  [T008/SC4/warehouse_cross_aisle] 5.0s/150s  pos=(-4.44,-1.20)  dist=3.23m  cmd=(0.80,-0.00)  mpc_ok=100%  solve=31.9ms
2026-04-28T13:57:27  [INFO   ]  [T008/SC4/warehouse_cross_aisle] 10.0s/150s  pos=(-4.41,-1.89)  dist=3.91m  cmd=(0.80,-0.03)  mpc_ok=100%  solve=18.1ms
2026-04-28T13:57:32  [INFO   ]  [T008/SC4/warehouse_cross_aisle] 15.1s/150s  pos=(-4.19,-2.85)  dist=4.85m  cmd=(0.80,0.16)  mpc_ok=100%  solve=38.1ms
2026-04-28T13:57:37  [INFO   ]  [T008/SC4/warehouse_cross_aisle] 20.1s/150s  pos=(-4.05,-3.66)  dist=5.66m  cmd=(0.80,0.05)  mpc_ok=100%  solve=34.5ms
2026-04-28T13:57:42  [INFO   ]  [T008/SC4/warehouse_cross_aisle] 25.1s/150s  pos=(-3.92,-4.60)  dist=6.60m  cmd=(0.66,-0.10)  mpc_ok=100%  solve=39.2ms
2026-04-28T13:57:47  [INFO   ]  [T008/SC4/warehouse_cross_aisle] 30.1s/150s  pos=(-4.02,-5.44)  dist=7.44m  cmd=(0.27,-0.01)  mpc_ok=100%  solve=59.1ms
2026-04-28T13:57:52  [INFO   ]  [T008/SC4/warehouse_cross_aisle] 35.1s/150s  pos=(-3.98,-5.96)  dist=7.96m  cmd=(0.06,0.00)  mpc_ok=100%  solve=86.4ms
2026-04-28T13:57:57  [INFO   ]  [T008/SC4/warehouse_cross_aisle] 40.1s/150s  pos=(-4.00,-6.31)  dist=8.31m  cmd=(0.31,0.01)  mpc_ok=100%  solve=36.0ms
2026-04-28T13:58:02  [INFO   ]  [T008/SC4/warehouse_cross_aisle] 45.1s/150s  pos=(-4.00,-6.75)  dist=8.75m  cmd=(0.22,0.01)  mpc_ok=100%  solve=36.2ms
2026-04-28T13:58:07  [INFO   ]  [T008/SC4/warehouse_cross_aisle] 50.2s/150s  pos=(-4.00,-7.35)  dist=9.35m  cmd=(0.32,-0.02)  mpc_ok=100%  solve=90.1ms
2026-04-28T13:58:12  [INFO   ]  [T008/SC4/warehouse_cross_aisle] 55.2s/150s  pos=(-4.02,-7.55)  dist=9.55m  cmd=(0.57,0.05)  mpc_ok=100%  solve=26.7ms
2026-04-28T13:58:17  [INFO   ]  [T008/SC4/warehouse_cross_aisle] 60.2s/150s  pos=(-4.05,-7.82)  dist=9.82m  cmd=(0.34,0.00)  mpc_ok=100%  solve=32.9ms
2026-04-28T13:58:22  [INFO   ]  [T008/SC4/warehouse_cross_aisle] 65.2s/150s  pos=(-3.99,-8.09)  dist=10.09m  cmd=(0.12,-0.05)  mpc_ok=100%  solve=53.3ms
2026-04-28T13:58:27  [INFO   ]  [T008/SC4/warehouse_cross_aisle] 70.2s/150s  pos=(-4.01,-7.90)  dist=9.90m  cmd=(-0.16,0.12)  mpc_ok=100%  solve=46.7ms
2026-04-28T13:58:32  [INFO   ]  [T008/SC4/warehouse_cross_aisle] 75.2s/150s  pos=(-3.94,-7.14)  dist=9.14m  cmd=(0.05,-0.00)  mpc_ok=100%  solve=95.6ms
2026-04-28T13:58:34  [WARNING]  [T008/SC4/warehouse_cross_aisle] early termination — insufficient progress over 30s (Δ=0.001 < 0.02)
2026-04-28T13:58:34  [INFO   ]  [T008/SC4/warehouse_cross_aisle] nav done — goals 0/3 (0%)  elapsed=77s  failure=early_term: insufficient progress over 30s (Δ=0.001 < 0.02)
2026-04-28T13:58:34  [DEBUG  ]  RosbagRecorder stopped  pid=73501
2026-04-28T13:58:34  [INFO   ]    → sc=warehouse_cross_aisle  goals=0%  score=0.364  weighted=0.0729  running=0.2269  dist=8.14  obs=1.000  scans=622
2026-04-28T13:58:34  [INFO   ]  ── Scenario 5/6: office_traverse  (3 goals)  weight=0.20 ──
2026-04-28T13:58:34  [INFO   ]  [T008/SC5/office_traverse] starting
2026-04-28T13:58:34  [DEBUG  ]  Sending SIGTERM to sim_launch  pgid=72258
2026-04-28T13:58:34  [DEBUG  ]  sim_launch exited cleanly
2026-04-28T13:58:42  [DEBUG  ]    [sim] killed
2026-04-28T13:58:53  [INFO   ]    [sim] launched  pid=73758  world=indoor_office.world
2026-04-28T13:58:53  [DEBUG  ]  RosbagRecorder started  pid=74234  dir=/media/lorenzo/writable/Go2_navigation/tuning_results/trial_008/scenario_office_traverse/rosbag
2026-04-28T13:58:53  [INFO   ]  [T008/SC5/office_traverse] waiting 10s for Gazebo bridge…
2026-04-28T13:59:03  [INFO   ]  [T008/SC5/office_traverse] spawning obstacles…
2026-04-28T13:59:27  [INFO   ]  [T008/SC5/office_traverse] waiting 20s for planner…
2026-04-28T13:59:37  [DEBUG  ]  [T008/SC5/office_traverse] heartbeat — 10s remaining
2026-04-28T13:59:47  [INFO   ]  [T008/SC5/office_traverse] nav started — 3 goal(s), timeout=150s
2026-04-28T13:59:47  [INFO   ]  [T008/SC5/office_traverse] 0.1s/150s  waiting for pose…
2026-04-28T13:59:47  [DEBUG  ]  [T008/SC5/office_traverse] initial_dist set from first pose: 2.44m  pos=(3.54,-2.39)
2026-04-28T13:59:52  [INFO   ]  [T008/SC5/office_traverse] 5.1s/150s  pos=(3.17,-2.72)  dist=2.85m  cmd=(0.79,0.29)  mpc_ok=100%  solve=37.9ms
2026-04-28T13:59:57  [INFO   ]  [T008/SC5/office_traverse] 10.1s/150s  pos=(2.37,-2.87)  dist=3.30m  cmd=(0.80,0.12)  mpc_ok=100%  solve=39.8ms
2026-04-28T14:00:02  [INFO   ]  [T008/SC5/office_traverse] 15.1s/150s  pos=(1.75,-2.73)  dist=3.54m  cmd=(0.40,-0.26)  mpc_ok=100%  solve=67.9ms
2026-04-28T14:00:07  [INFO   ]  [T008/SC5/office_traverse] 20.1s/150s  pos=(2.63,-2.22)  dist=2.61m  cmd=(0.80,-0.30)  mpc_ok=100%  solve=48.7ms
2026-04-28T14:00:12  [INFO   ]  [T008/SC5/office_traverse] 25.1s/150s  pos=(4.04,-2.61)  dist=2.61m  cmd=(-0.44,-0.02)  mpc_ok=100%  solve=35.2ms
2026-04-28T14:00:17  [INFO   ]  [T008/SC5/office_traverse] 30.1s/150s  pos=(3.43,-3.24)  dist=3.29m  cmd=(0.78,-0.26)  mpc_ok=100%  solve=43.3ms
2026-04-28T14:00:22  [INFO   ]  [T008/SC5/office_traverse] 35.1s/150s  pos=(2.76,-2.72)  dist=2.99m  cmd=(0.78,0.14)  mpc_ok=100%  solve=61.3ms
2026-04-28T14:00:23  [WARNING]  [T008/SC5/office_traverse] early termination — insufficient progress over 30s (Δ=0.001 < 0.02)
2026-04-28T14:00:23  [INFO   ]  [T008/SC5/office_traverse] nav done — goals 0/3 (0%)  elapsed=37s  failure=early_term: insufficient progress over 30s (Δ=0.001 < 0.02)
2026-04-28T14:00:24  [DEBUG  ]  RosbagRecorder stopped  pid=74234
2026-04-28T14:00:24  [INFO   ]    → sc=office_traverse  goals=0%  score=0.328  weighted=0.0656  running=0.2926  dist=10.65  obs=0.987  scans=318
2026-04-28T14:00:24  [INFO   ]  ── Scenario 6/6: office_corridor  (3 goals)  weight=0.15 ──
2026-04-28T14:00:24  [INFO   ]  [T008/SC6/office_corridor] starting
2026-04-28T14:00:24  [INFO   ]    [sim] reusing Gazebo for world=indoor_office.world  — resetting robot pose
2026-04-28T14:00:24  [DEBUG  ]    [sim] reset strategy 'gz service /world/indoor_office/set_pose' returned 255 — trying next
2026-04-28T14:00:24  [INFO   ]    [sim] robot reset via 'ign service /world/indoor_office/set_pose'  pos=(-4.00, -6.00)  heading=1.571
2026-04-28T14:00:27  [DEBUG  ]    [sim] nav-reset 'redirect goal' ok
2026-04-28T14:00:27  [DEBUG  ]    [sim] nav-reset 'clear /a_star/path' ok
2026-04-28T14:00:27  [DEBUG  ]    [sim] nav-reset 'clear /mpc/predicted_path' ok
2026-04-28T14:00:27  [DEBUG  ]    [sim] nav-reset 'clear global costmap' returned 1
2026-04-28T14:00:27  [DEBUG  ]    [sim] nav-reset 'clear local costmap' returned 1
2026-04-28T14:00:27  [INFO   ]    [sim] nav state flushed — planner redirected to (-4.00, 0.00)
2026-04-28T14:00:27  [DEBUG  ]  RosbagRecorder started  pid=74939  dir=/media/lorenzo/writable/Go2_navigation/tuning_results/trial_008/scenario_office_corridor/rosbag
2026-04-28T14:00:27  [INFO   ]  [T008/SC6/office_corridor] waiting 10s for Gazebo bridge…
2026-04-28T14:00:37  [INFO   ]  [T008/SC6/office_corridor] spawning obstacles…
2026-04-28T14:01:01  [INFO   ]  [T008/SC6/office_corridor] waiting 20s for planner…
2026-04-28T14:01:11  [DEBUG  ]  [T008/SC6/office_corridor] heartbeat — 10s remaining
2026-04-28T14:01:21  [INFO   ]  [T008/SC6/office_corridor] nav started — 3 goal(s), timeout=150s
2026-04-28T14:01:21  [INFO   ]  [T008/SC6/office_corridor] 0.0s/150s  waiting for pose…
2026-04-28T14:01:21  [DEBUG  ]  [T008/SC6/office_corridor] initial_dist set from first pose: 3.80m  pos=(-7.79,0.25)
2026-04-28T14:01:26  [INFO   ]  [T008/SC6/office_corridor] 5.0s/150s  pos=(-8.09,0.83)  dist=4.18m  cmd=(0.74,-0.30)  mpc_ok=100%  solve=103.5ms
2026-04-28T14:01:31  [INFO   ]  [T008/SC6/office_corridor] 10.1s/150s  pos=(-7.48,1.65)  dist=3.85m  cmd=(0.80,0.03)  mpc_ok=100%  solve=51.5ms
2026-04-28T14:01:36  [INFO   ]  [T008/SC6/office_corridor] 15.1s/150s  pos=(-7.55,2.20)  dist=4.18m  cmd=(0.80,-0.30)  mpc_ok=100%  solve=66.9ms
2026-04-28T14:01:41  [INFO   ]  [T008/SC6/office_corridor] 20.1s/150s  pos=(-7.25,2.82)  dist=4.30m  cmd=(0.80,-0.22)  mpc_ok=100%  solve=52.1ms
2026-04-28T14:01:46  [INFO   ]  [T008/SC6/office_corridor] 25.1s/150s  pos=(-6.09,3.19)  dist=3.82m  cmd=(-0.16,-0.30)  mpc_ok=100%  solve=41.5ms
2026-04-28T14:01:51  [INFO   ]  [T008/SC6/office_corridor] 30.1s/150s  pos=(-5.64,2.15)  dist=2.71m  cmd=(0.72,-0.30)  mpc_ok=100%  solve=76.0ms
2026-04-28T14:01:56  [INFO   ]  [T008/SC6/office_corridor] 35.1s/150s  pos=(-5.27,1.71)  dist=2.13m  cmd=(0.32,-0.07)  mpc_ok=100%  solve=45.7ms
2026-04-28T14:02:01  [INFO   ]  [T008/SC6/office_corridor] 40.1s/150s  pos=(-4.64,1.71)  dist=1.82m  cmd=(0.37,-0.01)  mpc_ok=100%  solve=38.1ms
2026-04-28T14:02:06  [INFO   ]  [T008/SC6/office_corridor] 45.2s/150s  pos=(-3.96,1.79)  dist=1.79m  cmd=(0.80,-0.10)  mpc_ok=100%  solve=107.2ms
2026-04-28T14:02:11  [INFO   ]  [T008/SC6/office_corridor] 50.2s/150s  pos=(-3.63,1.73)  dist=1.77m  cmd=(0.70,-0.30)  mpc_ok=100%  solve=53.8ms
2026-04-28T14:02:16  [INFO   ]  [T008/SC6/office_corridor] 55.2s/150s  pos=(-3.29,1.72)  dist=1.86m  cmd=(-0.11,-0.30)  mpc_ok=95%  solve=66.0ms
2026-04-28T14:02:21  [INFO   ]  [T008/SC6/office_corridor] 60.2s/150s  pos=(-4.54,2.03)  dist=2.10m  cmd=(-0.08,0.30)  mpc_ok=100%  solve=53.1ms
2026-04-28T14:02:22  [WARNING]  [T008/SC6/office_corridor] early termination — insufficient progress over 30s (Δ=0.018 < 0.02)
2026-04-28T14:02:22  [INFO   ]  [T008/SC6/office_corridor] nav done — goals 0/3 (0%)  elapsed=61s  failure=early_term: insufficient progress over 30s (Δ=0.018 < 0.02)
2026-04-28T14:02:23  [DEBUG  ]  RosbagRecorder stopped  pid=74939
2026-04-28T14:02:23  [INFO   ]    → sc=office_corridor  goals=0%  score=0.361  weighted=0.0541  running=0.3467  dist=6.34  obs=0.987  scans=539
2026-04-28T14:02:23  [DEBUG  ]  Sending SIGTERM to sim_launch  pgid=73758
2026-04-28T14:02:23  [DEBUG  ]  sim_launch exited cleanly
2026-04-28T14:02:31  [DEBUG  ]    [sim] killed
2026-04-28T14:02:31  [INFO   ]  [GP] fitting on 8 observations…
2026-04-28T14:02:31  [INFO   ]  [GP] skipped — need at least 10 observations
2026-04-28T14:02:31  [DEBUG  ]  [disk] removed bag  /media/lorenzo/writable/Go2_navigation/tuning_results/trial_003/scenario_open_zigzag/rosbag
2026-04-28T14:02:31  [DEBUG  ]  [disk] removed bag  /media/lorenzo/writable/Go2_navigation/tuning_results/trial_003/scenario_office_corridor/rosbag
2026-04-28T14:02:31  [DEBUG  ]  [disk] removed bag  /media/lorenzo/writable/Go2_navigation/tuning_results/trial_003/scenario_warehouse_loop/rosbag
2026-04-28T14:02:31  [DEBUG  ]  [disk] removed bag  /media/lorenzo/writable/Go2_navigation/tuning_results/trial_003/scenario_office_traverse/rosbag
2026-04-28T14:02:31  [DEBUG  ]  [disk] removed bag  /media/lorenzo/writable/Go2_navigation/tuning_results/trial_003/scenario_warehouse_cross_aisle/rosbag
2026-04-28T14:02:31  [DEBUG  ]  [disk] removed bag  /media/lorenzo/writable/Go2_navigation/tuning_results/trial_003/scenario_open_square/rosbag
2026-04-28T14:02:31  [INFO   ]  [trial 008/50]  aggregate=0.3467  best=0.3830(t006)  elapsed=11.9min  GP=waiting(need at least 10 observations)
2026-04-28T14:02:31  [INFO   ]  ============================================================
2026-04-28T14:02:31  [INFO   ]  Trial 009/50  [RANDOM INIT]  2026-04-28T14:02:31  ETA ~62min
2026-04-28T14:02:31  [INFO   ]  Params: {'grid_std': '0.112', 'mpc_Q_terminal': '177.945', 'mpc_Q_x': '76.971', 'mpc_Q_y': '437.419', 'mpc_Q_yaw': '9.163', 'mpc_W_obs_sigmoid': '155.147'}
2026-04-28T14:02:31  [INFO   ]  ============================================================
2026-04-28T14:02:31  [INFO   ]  ── Scenario 1/6: open_square  (3 goals)  weight=0.10 ──
2026-04-28T14:02:31  [INFO   ]  [T009/SC1/open_square] starting
2026-04-28T14:02:42  [INFO   ]    [sim] launched  pid=75250  world=default.sdf
2026-04-28T14:02:42  [DEBUG  ]  RosbagRecorder started  pid=75727  dir=/media/lorenzo/writable/Go2_navigation/tuning_results/trial_009/scenario_open_square/rosbag
2026-04-28T14:02:42  [INFO   ]  [T009/SC1/open_square] waiting 10s for Gazebo bridge…
2026-04-28T14:02:52  [INFO   ]  [T009/SC1/open_square] spawning obstacles…
2026-04-28T14:03:16  [INFO   ]  [T009/SC1/open_square] waiting 20s for planner…
2026-04-28T14:03:26  [DEBUG  ]  [T009/SC1/open_square] heartbeat — 10s remaining
2026-04-28T14:03:36  [INFO   ]  [T009/SC1/open_square] nav started — 3 goal(s), timeout=300s
2026-04-28T14:03:36  [INFO   ]  [T009/SC1/open_square] 0.0s/300s  waiting for pose…
2026-04-28T14:03:36  [DEBUG  ]  [T009/SC1/open_square] initial_dist set from first pose: 4.78m  pos=(2.39,-1.29)
2026-04-28T14:03:41  [INFO   ]  [T009/SC1/open_square] 5.1s/300s  pos=(3.03,-1.20)  dist=4.15m  cmd=(0.80,0.24)  mpc_ok=100%  solve=90.4ms
2026-04-28T14:03:46  [INFO   ]  [T009/SC1/open_square] 10.1s/300s  pos=(3.36,-1.17)  dist=3.82m  cmd=(0.80,-0.30)  mpc_ok=100%  solve=120.0ms
2026-04-28T14:03:51  [INFO   ]  [T009/SC1/open_square] 15.1s/300s  pos=(3.65,-1.61)  dist=3.72m  cmd=(0.80,0.30)  mpc_ok=100%  solve=45.6ms
2026-04-28T14:03:56  [INFO   ]  [T009/SC1/open_square] 20.1s/300s  pos=(3.98,-1.26)  dist=3.28m  cmd=(0.80,-0.30)  mpc_ok=100%  solve=69.7ms
2026-04-28T14:04:01  [INFO   ]  [T009/SC1/open_square] 25.2s/300s  pos=(4.30,-1.84)  dist=3.27m  cmd=(0.77,0.30)  mpc_ok=100%  solve=27.9ms
2026-04-28T14:04:06  [INFO   ]  [T009/SC1/open_square] 30.2s/300s  pos=(4.58,-1.30)  dist=2.75m  cmd=(0.80,-0.30)  mpc_ok=100%  solve=40.0ms
2026-04-28T14:04:11  [INFO   ]  [T009/SC1/open_square] 35.2s/300s  pos=(5.01,-1.86)  dist=2.72m  cmd=(0.77,0.27)  mpc_ok=100%  solve=41.6ms
2026-04-28T14:04:16  [INFO   ]  [T009/SC1/open_square] 40.2s/300s  pos=(5.10,-1.22)  dist=2.25m  cmd=(0.79,-0.13)  mpc_ok=100%  solve=45.4ms
2026-04-28T14:04:21  [INFO   ]  [T009/SC1/open_square] 45.2s/300s  pos=(5.48,-1.50)  dist=2.13m  cmd=(0.66,0.20)  mpc_ok=100%  solve=40.3ms
2026-04-28T14:04:26  [INFO   ]  [T009/SC1/open_square] 50.2s/300s  pos=(5.69,-1.01)  dist=1.65m  cmd=(0.39,-0.30)  mpc_ok=100%  solve=68.4ms
2026-04-28T14:04:31  [INFO   ]  [T009/SC1/open_square] 55.2s/300s  pos=(6.31,-1.24)  dist=1.41m  cmd=(0.45,0.30)  mpc_ok=100%  solve=40.1ms
2026-04-28T14:04:36  [INFO   ]  [T009/SC1/open_square] 60.3s/300s  pos=(6.26,-0.55)  dist=0.92m  cmd=(0.36,-0.26)  mpc_ok=100%  solve=42.2ms
2026-04-28T14:04:40  [INFO   ]  [T009/SC1/open_square] goal 1/3 reached  pos=(6.65,-0.35)  elapsed=64s
2026-04-28T14:04:41  [INFO   ]  [T009/SC1/open_square] 1.1s/300s  pos=(6.73,-0.26)  dist=6.26m  cmd=(0.29,0.04)  mpc_ok=100%  solve=50.5ms
2026-04-28T14:04:46  [INFO   ]  [T009/SC1/open_square] 6.2s/300s  pos=(6.79,-0.22)  dist=6.22m  cmd=(0.28,-0.04)  mpc_ok=100%  solve=30.5ms
2026-04-28T14:04:51  [INFO   ]  [T009/SC1/open_square] 11.2s/300s  pos=(6.81,-0.17)  dist=6.18m  cmd=(0.13,-0.00)  mpc_ok=100%  solve=32.7ms
2026-04-28T14:04:56  [INFO   ]  [T009/SC1/open_square] 16.2s/300s  pos=(6.75,-0.23)  dist=6.23m  cmd=(0.29,0.01)  mpc_ok=100%  solve=42.4ms
2026-04-28T14:05:01  [INFO   ]  [T009/SC1/open_square] 21.3s/300s  pos=(6.81,-0.11)  dist=6.11m  cmd=(0.00,-0.00)  mpc_ok=100%  solve=48.7ms
2026-04-28T14:05:06  [INFO   ]  [T009/SC1/open_square] 26.3s/300s  pos=(6.71,-0.22)  dist=6.22m  cmd=(0.26,-0.03)  mpc_ok=100%  solve=48.1ms
2026-04-28T14:05:11  [WARNING]  [T009/SC1/open_square] early termination — insufficient progress over 30s (Δ=0.019 < 0.02)
2026-04-28T14:05:11  [INFO   ]  [T009/SC1/open_square] nav done — goals 1/3 (33%)  elapsed=31s  failure=early_term: insufficient progress over 30s (Δ=0.019 < 0.02)
2026-04-28T14:05:12  [DEBUG  ]  RosbagRecorder stopped  pid=75727
2026-04-28T14:05:12  [INFO   ]    → sc=open_square  goals=33%  score=0.360  weighted=0.0360  running=0.0360  dist=9.84  obs=1.000  scans=268
2026-04-28T14:05:12  [INFO   ]  ── Scenario 2/6: open_zigzag  (3 goals)  weight=0.10 ──
2026-04-28T14:05:12  [INFO   ]  [T009/SC2/open_zigzag] starting
2026-04-28T14:05:12  [INFO   ]    [sim] reusing Gazebo for world=default.sdf  — resetting robot pose
2026-04-28T14:05:13  [DEBUG  ]    [sim] reset strategy 'gz service /world/default/set_pose' returned 255 — trying next
2026-04-28T14:05:13  [INFO   ]    [sim] robot reset via 'ign service /world/default/set_pose'  pos=(0.00, 0.00)  heading=0.000
2026-04-28T14:05:16  [DEBUG  ]    [sim] nav-reset 'redirect goal' ok
2026-04-28T14:05:16  [DEBUG  ]    [sim] nav-reset 'clear /a_star/path' ok
2026-04-28T14:05:16  [DEBUG  ]    [sim] nav-reset 'clear /mpc/predicted_path' ok
2026-04-28T14:05:16  [DEBUG  ]    [sim] nav-reset 'clear global costmap' returned 1
2026-04-28T14:05:16  [DEBUG  ]    [sim] nav-reset 'clear local costmap' returned 1
2026-04-28T14:05:16  [INFO   ]    [sim] nav state flushed — planner redirected to (-6.00, 3.00)
2026-04-28T14:05:16  [DEBUG  ]  RosbagRecorder started  pid=76467  dir=/media/lorenzo/writable/Go2_navigation/tuning_results/trial_009/scenario_open_zigzag/rosbag
2026-04-28T14:05:16  [INFO   ]  [T009/SC2/open_zigzag] waiting 10s for Gazebo bridge…
2026-04-28T14:05:26  [INFO   ]  [T009/SC2/open_zigzag] spawning obstacles…
2026-04-28T14:05:50  [INFO   ]  [T009/SC2/open_zigzag] waiting 20s for planner…
2026-04-28T14:06:00  [DEBUG  ]  [T009/SC2/open_zigzag] heartbeat — 10s remaining
2026-04-28T14:06:10  [INFO   ]  [T009/SC2/open_zigzag] nav started — 3 goal(s), timeout=300s
2026-04-28T14:06:10  [INFO   ]  [T009/SC2/open_zigzag] 0.0s/300s  waiting for pose…
2026-04-28T14:06:10  [DEBUG  ]  [T009/SC2/open_zigzag] initial_dist set from first pose: 1.38m  pos=(-4.83,2.28)
2026-04-28T14:06:15  [INFO   ]  [T009/SC2/open_zigzag] 5.0s/300s  pos=(-5.51,2.38)  dist=0.79m  cmd=(0.49,-0.17)  mpc_ok=0%  solve=3.6ms
2026-04-28T14:06:20  [INFO   ]  [T009/SC2/open_zigzag] 10.1s/300s  pos=(-5.66,2.56)  dist=0.56m  cmd=(0.38,-0.09)  mpc_ok=0%  solve=6.1ms
2026-04-28T14:06:20  [INFO   ]  [T009/SC2/open_zigzag] goal 1/3 reached  pos=(-5.69,2.61)  elapsed=11s
2026-04-28T14:06:25  [INFO   ]  [T009/SC2/open_zigzag] 4.6s/300s  pos=(-5.77,2.66)  dist=12.23m  cmd=(-0.57,0.30)  mpc_ok=0%  solve=1.9ms
2026-04-28T14:06:30  [INFO   ]  [T009/SC2/open_zigzag] 9.6s/300s  pos=(-4.95,2.72)  dist=11.43m  cmd=(0.10,0.30)  mpc_ok=0%  solve=4.0ms
2026-04-28T14:06:35  [INFO   ]  [T009/SC2/open_zigzag] 14.6s/300s  pos=(-4.03,2.66)  dist=10.58m  cmd=(0.76,-0.09)  mpc_ok=0%  solve=5.8ms
2026-04-28T14:06:40  [INFO   ]  [T009/SC2/open_zigzag] 19.6s/300s  pos=(-4.03,2.01)  dist=10.79m  cmd=(0.79,0.20)  mpc_ok=0%  solve=2.2ms
2026-04-28T14:06:45  [INFO   ]  [T009/SC2/open_zigzag] 24.6s/300s  pos=(-3.79,1.68)  dist=10.70m  cmd=(0.63,0.27)  mpc_ok=0%  solve=4.2ms
2026-04-28T14:06:50  [INFO   ]  [T009/SC2/open_zigzag] 29.6s/300s  pos=(-3.26,1.40)  dist=10.34m  cmd=(0.34,0.02)  mpc_ok=0%  solve=4.3ms
2026-04-28T14:06:50  [WARNING]  [T009/SC2/open_zigzag] early termination — MPC success rate 0% < 70%
2026-04-28T14:06:50  [INFO   ]  [T009/SC2/open_zigzag] nav done — goals 1/3 (33%)  elapsed=30s  failure=early_term: MPC success rate 0% < 70%
2026-04-28T14:06:51  [DEBUG  ]  RosbagRecorder stopped  pid=76467
2026-04-28T14:06:51  [INFO   ]    → sc=open_zigzag  goals=33%  score=0.318  weighted=0.0318  running=0.0678  dist=8.16  obs=1.000  scans=190
2026-04-28T14:06:51  [INFO   ]  ── Scenario 3/6: warehouse_loop  (4 goals)  weight=0.25 ──
2026-04-28T14:06:51  [INFO   ]  [T009/SC3/warehouse_loop] starting
2026-04-28T14:06:51  [DEBUG  ]  Sending SIGTERM to sim_launch  pgid=75250
2026-04-28T14:06:51  [DEBUG  ]  sim_launch exited cleanly
2026-04-28T14:06:59  [DEBUG  ]    [sim] killed
2026-04-28T14:07:10  [INFO   ]    [sim] launched  pid=76758  world=warehouse.world
2026-04-28T14:07:10  [DEBUG  ]  RosbagRecorder started  pid=77234  dir=/media/lorenzo/writable/Go2_navigation/tuning_results/trial_009/scenario_warehouse_loop/rosbag
2026-04-28T14:07:10  [INFO   ]  [T009/SC3/warehouse_loop] waiting 10s for Gazebo bridge…
2026-04-28T14:07:20  [INFO   ]  [T009/SC3/warehouse_loop] spawning obstacles…
2026-04-28T14:07:38  [WARNING]    [sim] obstacle spawn timed out  name=tuner_obs_0
2026-04-28T14:07:56  [INFO   ]  [T009/SC3/warehouse_loop] waiting 20s for planner…
2026-04-28T14:08:06  [DEBUG  ]  [T009/SC3/warehouse_loop] heartbeat — 10s remaining
2026-04-28T14:08:16  [INFO   ]  [T009/SC3/warehouse_loop] nav started — 4 goal(s), timeout=180s
2026-04-28T14:08:16  [INFO   ]  [T009/SC3/warehouse_loop] 0.0s/180s  waiting for pose…
2026-04-28T14:08:16  [DEBUG  ]  [T009/SC3/warehouse_loop] initial_dist set from first pose: 19.13m  pos=(-7.13,-8.24)
2026-04-28T14:08:21  [INFO   ]  [T009/SC3/warehouse_loop] 5.0s/180s  pos=(-6.71,-8.25)  dist=18.71m  cmd=(0.32,-0.01)  mpc_ok=100%  solve=33.9ms
2026-04-28T14:08:26  [INFO   ]  [T009/SC3/warehouse_loop] 10.0s/180s  pos=(-6.20,-8.29)  dist=18.20m  cmd=(0.28,-0.04)  mpc_ok=100%  solve=27.7ms
2026-04-28T14:08:31  [INFO   ]  [T009/SC3/warehouse_loop] 15.1s/180s  pos=(-5.68,-8.34)  dist=17.69m  cmd=(0.16,0.00)  mpc_ok=100%  solve=28.1ms
2026-04-28T14:08:36  [INFO   ]  [T009/SC3/warehouse_loop] 20.1s/180s  pos=(-5.21,-8.34)  dist=17.22m  cmd=(0.25,-0.03)  mpc_ok=100%  solve=37.9ms
2026-04-28T14:08:41  [INFO   ]  [T009/SC3/warehouse_loop] 25.1s/180s  pos=(-4.91,-8.35)  dist=16.91m  cmd=(0.00,-0.00)  mpc_ok=100%  solve=41.1ms
2026-04-28T14:08:46  [INFO   ]  [T009/SC3/warehouse_loop] 30.1s/180s  pos=(-4.95,-8.36)  dist=16.96m  cmd=(-0.07,0.02)  mpc_ok=100%  solve=35.3ms
2026-04-28T14:08:51  [INFO   ]  [T009/SC3/warehouse_loop] 35.1s/180s  pos=(-5.20,-8.42)  dist=17.20m  cmd=(-0.00,0.00)  mpc_ok=100%  solve=44.3ms
2026-04-28T14:08:56  [INFO   ]  [T009/SC3/warehouse_loop] 40.1s/180s  pos=(-5.20,-8.42)  dist=17.20m  cmd=(-0.00,0.00)  mpc_ok=100%  solve=41.3ms
2026-04-28T14:09:01  [INFO   ]  [T009/SC3/warehouse_loop] 45.1s/180s  pos=(-5.20,-8.42)  dist=17.20m  cmd=(-0.00,0.00)  mpc_ok=100%  solve=44.0ms
2026-04-28T14:09:02  [WARNING]  [T009/SC3/warehouse_loop] early termination — insufficient progress over 30s (Δ=0.020 < 0.02)
2026-04-28T14:09:02  [INFO   ]  [T009/SC3/warehouse_loop] nav done — goals 0/4 (0%)  elapsed=47s  failure=early_term: insufficient progress over 30s (Δ=0.020 < 0.02)
2026-04-28T14:09:03  [DEBUG  ]  RosbagRecorder stopped  pid=77234
2026-04-28T14:09:03  [INFO   ]    → sc=warehouse_loop  goals=0%  score=0.330  weighted=0.0825  running=0.1503  dist=17.78  obs=1.000  scans=403
2026-04-28T14:09:03  [INFO   ]  ── Scenario 4/6: warehouse_cross_aisle  (3 goals)  weight=0.20 ──
2026-04-28T14:09:03  [INFO   ]  [T009/SC4/warehouse_cross_aisle] starting
2026-04-28T14:09:03  [INFO   ]    [sim] reusing Gazebo for world=warehouse.world  — resetting robot pose
2026-04-28T14:09:03  [DEBUG  ]    [sim] reset strategy 'gz service /world/warehouse/set_pose' returned 255 — trying next
2026-04-28T14:09:04  [INFO   ]    [sim] robot reset via 'ign service /world/warehouse/set_pose'  pos=(-4.00, 8.00)  heading=-1.571
2026-04-28T14:09:07  [DEBUG  ]    [sim] nav-reset 'redirect goal' ok
2026-04-28T14:09:07  [DEBUG  ]    [sim] nav-reset 'clear /a_star/path' ok
2026-04-28T14:09:07  [DEBUG  ]    [sim] nav-reset 'clear /mpc/predicted_path' ok
2026-04-28T14:09:07  [DEBUG  ]    [sim] nav-reset 'clear global costmap' returned 1
2026-04-28T14:09:07  [DEBUG  ]    [sim] nav-reset 'clear local costmap' returned 1
2026-04-28T14:09:07  [INFO   ]    [sim] nav state flushed — planner redirected to (-4.00, 2.00)
2026-04-28T14:09:07  [DEBUG  ]  RosbagRecorder started  pid=78020  dir=/media/lorenzo/writable/Go2_navigation/tuning_results/trial_009/scenario_warehouse_cross_aisle/rosbag
2026-04-28T14:09:07  [INFO   ]  [T009/SC4/warehouse_cross_aisle] waiting 10s for Gazebo bridge…
2026-04-28T14:09:17  [INFO   ]  [T009/SC4/warehouse_cross_aisle] spawning obstacles…
2026-04-28T14:09:40  [INFO   ]  [T009/SC4/warehouse_cross_aisle] waiting 20s for planner…
2026-04-28T14:09:50  [DEBUG  ]  [T009/SC4/warehouse_cross_aisle] heartbeat — 10s remaining
2026-04-28T14:10:00  [INFO   ]  [T009/SC4/warehouse_cross_aisle] nav started — 3 goal(s), timeout=150s
2026-04-28T14:10:00  [INFO   ]  [T009/SC4/warehouse_cross_aisle] 0.0s/150s  waiting for pose…
2026-04-28T14:10:00  [DEBUG  ]  [T009/SC4/warehouse_cross_aisle] initial_dist set from first pose: 3.80m  pos=(-4.56,-1.76)
2026-04-28T14:10:05  [INFO   ]  [T009/SC4/warehouse_cross_aisle] 5.0s/150s  pos=(-4.52,-2.76)  dist=4.79m  cmd=(0.80,0.02)  mpc_ok=100%  solve=34.7ms
2026-04-28T14:10:10  [INFO   ]  [T009/SC4/warehouse_cross_aisle] 10.0s/150s  pos=(-4.06,-3.70)  dist=5.70m  cmd=(0.80,0.12)  mpc_ok=100%  solve=36.8ms
2026-04-28T14:10:15  [INFO   ]  [T009/SC4/warehouse_cross_aisle] 15.0s/150s  pos=(-4.06,-4.68)  dist=6.68m  cmd=(0.42,0.04)  mpc_ok=100%  solve=47.0ms
2026-04-28T14:10:20  [INFO   ]  [T009/SC4/warehouse_cross_aisle] 20.0s/150s  pos=(-3.94,-5.31)  dist=7.31m  cmd=(0.13,-0.00)  mpc_ok=100%  solve=30.8ms
2026-04-28T14:10:25  [INFO   ]  [T009/SC4/warehouse_cross_aisle] 25.0s/150s  pos=(-4.02,-5.79)  dist=7.79m  cmd=(0.27,-0.04)  mpc_ok=100%  solve=42.4ms
2026-04-28T14:10:30  [INFO   ]  [T009/SC4/warehouse_cross_aisle] 30.0s/150s  pos=(-4.13,-6.57)  dist=8.58m  cmd=(0.26,0.08)  mpc_ok=100%  solve=41.3ms
2026-04-28T14:10:35  [INFO   ]  [T009/SC4/warehouse_cross_aisle] 35.0s/150s  pos=(-4.29,-7.37)  dist=9.38m  cmd=(0.32,0.01)  mpc_ok=100%  solve=31.7ms
2026-04-28T14:10:40  [INFO   ]  [T009/SC4/warehouse_cross_aisle] 40.1s/150s  pos=(-4.65,-8.01)  dist=10.03m  cmd=(0.25,-0.06)  mpc_ok=100%  solve=63.4ms
2026-04-28T14:10:45  [INFO   ]  [T009/SC4/warehouse_cross_aisle] 45.1s/150s  pos=(-4.73,-8.04)  dist=10.07m  cmd=(-0.05,0.04)  mpc_ok=100%  solve=44.1ms
2026-04-28T14:10:51  [INFO   ]  [T009/SC4/warehouse_cross_aisle] 50.1s/150s  pos=(-4.19,-7.43)  dist=9.43m  cmd=(0.23,0.13)  mpc_ok=100%  solve=50.0ms
2026-04-28T14:10:56  [INFO   ]  [T009/SC4/warehouse_cross_aisle] 55.1s/150s  pos=(-4.02,-6.97)  dist=8.97m  cmd=(0.37,-0.11)  mpc_ok=100%  solve=35.9ms
2026-04-28T14:11:00  [WARNING]  [T009/SC4/warehouse_cross_aisle] early termination — insufficient progress over 30s (Δ=0.001 < 0.02)
2026-04-28T14:11:00  [INFO   ]  [T009/SC4/warehouse_cross_aisle] nav done — goals 0/3 (0%)  elapsed=59s  failure=early_term: insufficient progress over 30s (Δ=0.001 < 0.02)
2026-04-28T14:11:00  [DEBUG  ]  RosbagRecorder stopped  pid=78020
2026-04-28T14:11:00  [INFO   ]    → sc=warehouse_cross_aisle  goals=0%  score=0.361  weighted=0.0723  running=0.2225  dist=8.21  obs=1.000  scans=523
2026-04-28T14:11:00  [INFO   ]  ── Scenario 5/6: office_traverse  (3 goals)  weight=0.20 ──
2026-04-28T14:11:00  [INFO   ]  [T009/SC5/office_traverse] starting
2026-04-28T14:11:00  [DEBUG  ]  Sending SIGTERM to sim_launch  pgid=76758
2026-04-28T14:11:00  [DEBUG  ]  sim_launch exited cleanly
2026-04-28T14:11:08  [DEBUG  ]    [sim] killed
2026-04-28T14:11:19  [INFO   ]    [sim] launched  pid=78313  world=indoor_office.world
2026-04-28T14:11:19  [DEBUG  ]  RosbagRecorder started  pid=78790  dir=/media/lorenzo/writable/Go2_navigation/tuning_results/trial_009/scenario_office_traverse/rosbag
2026-04-28T14:11:19  [INFO   ]  [T009/SC5/office_traverse] waiting 10s for Gazebo bridge…
2026-04-28T14:11:29  [INFO   ]  [T009/SC5/office_traverse] spawning obstacles…
2026-04-28T14:11:52  [INFO   ]  [T009/SC5/office_traverse] waiting 20s for planner…
2026-04-28T14:12:03  [DEBUG  ]  [T009/SC5/office_traverse] heartbeat — 10s remaining
2026-04-28T14:12:13  [INFO   ]  [T009/SC5/office_traverse] nav started — 3 goal(s), timeout=150s
2026-04-28T14:12:13  [INFO   ]  [T009/SC5/office_traverse] 0.0s/150s  waiting for pose…
2026-04-28T14:12:13  [DEBUG  ]  [T009/SC5/office_traverse] initial_dist set from first pose: 0.25m  pos=(3.75,-0.03)
2026-04-28T14:12:13  [INFO   ]  [T009/SC5/office_traverse] goal 1/3 reached  pos=(3.75,-0.03)  elapsed=0s
2026-04-28T14:12:18  [INFO   ]  [T009/SC5/office_traverse] 5.0s/150s  pos=(4.07,0.83)  dist=3.64m  cmd=(0.80,-0.24)  mpc_ok=100%  solve=83.0ms
2026-04-28T14:12:23  [INFO   ]  [T009/SC5/office_traverse] 10.0s/150s  pos=(4.12,1.78)  dist=3.13m  cmd=(0.80,-0.11)  mpc_ok=100%  solve=90.7ms
2026-04-28T14:12:28  [INFO   ]  [T009/SC5/office_traverse] 15.0s/150s  pos=(4.08,2.63)  dist=2.95m  cmd=(0.80,-0.12)  mpc_ok=100%  solve=73.3ms
2026-04-28T14:12:33  [INFO   ]  [T009/SC5/office_traverse] 20.0s/150s  pos=(4.04,3.41)  dist=2.99m  cmd=(0.19,0.13)  mpc_ok=100%  solve=54.4ms
2026-04-28T14:12:38  [INFO   ]  [T009/SC5/office_traverse] 25.1s/150s  pos=(3.82,2.37)  dist=3.24m  cmd=(0.36,0.30)  mpc_ok=100%  solve=55.0ms
2026-04-28T14:12:43  [INFO   ]  [T009/SC5/office_traverse] 30.1s/150s  pos=(4.01,1.73)  dist=3.24m  cmd=(0.45,-0.30)  mpc_ok=95%  solve=35.1ms
2026-04-28T14:12:47  [WARNING]  [T009/SC5/office_traverse] early termination — insufficient progress over 30s (Δ=0.019 < 0.02)
2026-04-28T14:12:47  [INFO   ]  [T009/SC5/office_traverse] nav done — goals 1/3 (33%)  elapsed=34s  failure=early_term: insufficient progress over 30s (Δ=0.019 < 0.02)
2026-04-28T14:12:48  [DEBUG  ]  RosbagRecorder stopped  pid=78790
2026-04-28T14:12:48  [INFO   ]    → sc=office_traverse  goals=33%  score=0.410  weighted=0.0820  running=0.3045  dist=6.53  obs=0.999  scans=292
2026-04-28T14:12:48  [INFO   ]  ── Scenario 6/6: office_corridor  (3 goals)  weight=0.15 ──
2026-04-28T14:12:48  [INFO   ]  [T009/SC6/office_corridor] starting
2026-04-28T14:12:48  [INFO   ]    [sim] reusing Gazebo for world=indoor_office.world  — resetting robot pose
2026-04-28T14:12:48  [DEBUG  ]    [sim] reset strategy 'gz service /world/indoor_office/set_pose' returned 255 — trying next
2026-04-28T14:12:48  [INFO   ]    [sim] robot reset via 'ign service /world/indoor_office/set_pose'  pos=(-4.00, -6.00)  heading=1.571
2026-04-28T14:12:51  [DEBUG  ]    [sim] nav-reset 'redirect goal' ok
2026-04-28T14:12:51  [DEBUG  ]    [sim] nav-reset 'clear /a_star/path' ok
2026-04-28T14:12:51  [DEBUG  ]    [sim] nav-reset 'clear /mpc/predicted_path' ok
2026-04-28T14:12:51  [DEBUG  ]    [sim] nav-reset 'clear global costmap' returned 1
2026-04-28T14:12:51  [DEBUG  ]    [sim] nav-reset 'clear local costmap' returned 1
2026-04-28T14:12:51  [INFO   ]    [sim] nav state flushed — planner redirected to (-4.00, 0.00)
2026-04-28T14:12:51  [DEBUG  ]  RosbagRecorder started  pid=79530  dir=/media/lorenzo/writable/Go2_navigation/tuning_results/trial_009/scenario_office_corridor/rosbag
2026-04-28T14:12:51  [INFO   ]  [T009/SC6/office_corridor] waiting 10s for Gazebo bridge…
2026-04-28T14:13:01  [INFO   ]  [T009/SC6/office_corridor] spawning obstacles…
2026-04-28T14:13:25  [INFO   ]  [T009/SC6/office_corridor] waiting 20s for planner…
2026-04-28T14:13:35  [DEBUG  ]  [T009/SC6/office_corridor] heartbeat — 10s remaining
2026-04-28T14:13:45  [INFO   ]  [T009/SC6/office_corridor] nav started — 3 goal(s), timeout=150s
2026-04-28T14:13:45  [INFO   ]  [T009/SC6/office_corridor] 0.0s/150s  waiting for pose…
2026-04-28T14:13:45  [DEBUG  ]  [T009/SC6/office_corridor] initial_dist set from first pose: 2.13m  pos=(-5.16,-1.79)
2026-04-28T14:13:50  [INFO   ]  [T009/SC6/office_corridor] 5.0s/150s  pos=(-5.21,-1.82)  dist=2.19m  cmd=(0.12,0.30)  mpc_ok=100%  solve=73.2ms
2026-04-28T14:13:55  [INFO   ]  [T009/SC6/office_corridor] 10.0s/150s  pos=(-6.18,-1.77)  dist=2.81m  cmd=(0.76,-0.30)  mpc_ok=100%  solve=86.3ms
2026-04-28T14:14:01  [INFO   ]  [T009/SC6/office_corridor] 15.1s/150s  pos=(-6.50,-1.95)  dist=3.17m  cmd=(0.80,0.30)  mpc_ok=100%  solve=35.8ms
2026-04-28T14:14:06  [INFO   ]  [T009/SC6/office_corridor] 20.1s/150s  pos=(-6.75,-3.18)  dist=4.20m  cmd=(-0.02,-0.29)  mpc_ok=95%  solve=32.4ms
2026-04-28T14:14:11  [INFO   ]  [T009/SC6/office_corridor] 25.1s/150s  pos=(-7.64,-3.20)  dist=4.84m  cmd=(-0.45,0.29)  mpc_ok=100%  solve=47.5ms
2026-04-28T14:14:16  [INFO   ]  [T009/SC6/office_corridor] 30.1s/150s  pos=(-8.56,-2.87)  dist=5.39m  cmd=(0.80,-0.30)  mpc_ok=100%  solve=28.0ms
2026-04-28T14:14:21  [INFO   ]  [T009/SC6/office_corridor] 35.1s/150s  pos=(-7.67,-2.13)  dist=4.25m  cmd=(0.75,-0.30)  mpc_ok=100%  solve=147.6ms
2026-04-28T14:14:26  [INFO   ]  [T009/SC6/office_corridor] 40.1s/150s  pos=(-6.66,-1.78)  dist=3.20m  cmd=(0.39,-0.30)  mpc_ok=100%  solve=27.8ms
2026-04-28T14:14:28  [WARNING]  [T009/SC6/office_corridor] early termination — insufficient progress over 30s (Δ=0.004 < 0.02)
2026-04-28T14:14:28  [INFO   ]  [T009/SC6/office_corridor] nav done — goals 0/3 (0%)  elapsed=43s  failure=early_term: insufficient progress over 30s (Δ=0.004 < 0.02)
2026-04-28T14:14:29  [DEBUG  ]  RosbagRecorder stopped  pid=79530
2026-04-28T14:14:29  [INFO   ]    → sc=office_corridor  goals=0%  score=0.321  weighted=0.0482  running=0.3527  dist=10.43  obs=0.946  scans=357
2026-04-28T14:14:29  [DEBUG  ]  Sending SIGTERM to sim_launch  pgid=78313
2026-04-28T14:14:29  [DEBUG  ]  sim_launch exited cleanly
2026-04-28T14:14:37  [DEBUG  ]    [sim] killed
2026-04-28T14:14:37  [INFO   ]  [GP] fitting on 9 observations…
2026-04-28T14:14:37  [INFO   ]  [GP] skipped — need at least 10 observations
2026-04-28T14:14:37  [DEBUG  ]  [disk] removed bag  /media/lorenzo/writable/Go2_navigation/tuning_results/trial_004/scenario_open_zigzag/rosbag
2026-04-28T14:14:37  [DEBUG  ]  [disk] removed bag  /media/lorenzo/writable/Go2_navigation/tuning_results/trial_004/scenario_office_corridor/rosbag
2026-04-28T14:14:37  [DEBUG  ]  [disk] removed bag  /media/lorenzo/writable/Go2_navigation/tuning_results/trial_004/scenario_warehouse_loop/rosbag
2026-04-28T14:14:37  [DEBUG  ]  [disk] removed bag  /media/lorenzo/writable/Go2_navigation/tuning_results/trial_004/scenario_office_traverse/rosbag
2026-04-28T14:14:37  [DEBUG  ]  [disk] removed bag  /media/lorenzo/writable/Go2_navigation/tuning_results/trial_004/scenario_warehouse_cross_aisle/rosbag
2026-04-28T14:14:37  [DEBUG  ]  [disk] removed bag  /media/lorenzo/writable/Go2_navigation/tuning_results/trial_004/scenario_open_square/rosbag
2026-04-28T14:14:37  [INFO   ]  [trial 009/50]  aggregate=0.3527  best=0.3830(t006)  elapsed=12.1min  GP=waiting(need at least 10 observations)
2026-04-28T14:14:37  [INFO   ]  ============================================================
2026-04-28T14:14:37  [INFO   ]  Trial 010/50  [RANDOM INIT]  2026-04-28T14:14:37  ETA ~109min
2026-04-28T14:14:37  [INFO   ]  Params: {'grid_std': '0.224', 'mpc_Q_terminal': '180.364', 'mpc_Q_x': '120.731', 'mpc_Q_y': '327.947', 'mpc_Q_yaw': '1.198', 'mpc_W_obs_sigmoid': '101.437'}
2026-04-28T14:14:37  [INFO   ]  ============================================================
2026-04-28T14:14:37  [INFO   ]  ── Scenario 1/6: open_square  (3 goals)  weight=0.10 ──
2026-04-28T14:14:37  [INFO   ]  [T010/SC1/open_square] starting
2026-04-28T14:14:48  [INFO   ]    [sim] launched  pid=79841  world=default.sdf
2026-04-28T14:14:48  [DEBUG  ]  RosbagRecorder started  pid=80318  dir=/media/lorenzo/writable/Go2_navigation/tuning_results/trial_010/scenario_open_square/rosbag
2026-04-28T14:14:48  [INFO   ]  [T010/SC1/open_square] waiting 10s for Gazebo bridge…
2026-04-28T14:14:58  [INFO   ]  [T010/SC1/open_square] spawning obstacles…
2026-04-28T14:15:22  [INFO   ]  [T010/SC1/open_square] waiting 20s for planner…
2026-04-28T14:15:32  [DEBUG  ]  [T010/SC1/open_square] heartbeat — 10s remaining
2026-04-28T14:15:42  [INFO   ]  [T010/SC1/open_square] nav started — 3 goal(s), timeout=300s
2026-04-28T14:15:42  [INFO   ]  [T010/SC1/open_square] 0.1s/300s  waiting for pose…
2026-04-28T14:15:42  [DEBUG  ]  [T010/SC1/open_square] initial_dist set from first pose: 4.77m  pos=(2.40,-1.25)
2026-04-28T14:15:47  [INFO   ]  [T010/SC1/open_square] 5.1s/300s  pos=(2.77,-1.33)  dist=4.44m  cmd=(0.80,-0.21)  mpc_ok=100%  solve=36.0ms
2026-04-28T14:15:52  [INFO   ]  [T010/SC1/open_square] 10.1s/300s  pos=(2.98,-1.30)  dist=4.23m  cmd=(0.73,0.20)  mpc_ok=100%  solve=40.9ms
2026-04-28T14:15:57  [INFO   ]  [T010/SC1/open_square] 15.1s/300s  pos=(3.20,-1.00)  dist=3.93m  cmd=(0.65,-0.30)  mpc_ok=100%  solve=53.4ms
2026-04-28T14:16:02  [INFO   ]  [T010/SC1/open_square] 20.2s/300s  pos=(3.81,-1.41)  dist=3.49m  cmd=(0.80,-0.02)  mpc_ok=100%  solve=31.5ms
2026-04-28T14:16:07  [INFO   ]  [T010/SC1/open_square] 25.2s/300s  pos=(4.22,-1.79)  dist=3.31m  cmd=(0.80,0.27)  mpc_ok=100%  solve=19.0ms
2026-04-28T14:16:12  [INFO   ]  [T010/SC1/open_square] 30.2s/300s  pos=(4.69,-1.51)  dist=2.76m  cmd=(0.80,-0.30)  mpc_ok=100%  solve=41.6ms
2026-04-28T14:16:17  [INFO   ]  [T010/SC1/open_square] 35.2s/300s  pos=(5.05,-1.68)  dist=2.57m  cmd=(0.80,0.29)  mpc_ok=100%  solve=43.0ms
2026-04-28T14:16:22  [INFO   ]  [T010/SC1/open_square] 40.2s/300s  pos=(5.17,-1.19)  dist=2.19m  cmd=(0.78,-0.19)  mpc_ok=100%  solve=41.5ms
2026-04-28T14:16:27  [INFO   ]  [T010/SC1/open_square] 45.2s/300s  pos=(5.67,-1.26)  dist=1.83m  cmd=(0.80,-0.17)  mpc_ok=100%  solve=42.6ms
2026-04-28T14:16:32  [INFO   ]  [T010/SC1/open_square] 50.3s/300s  pos=(5.98,-1.18)  dist=1.56m  cmd=(0.74,0.03)  mpc_ok=100%  solve=91.9ms
2026-04-28T14:16:37  [INFO   ]  [T010/SC1/open_square] 55.3s/300s  pos=(6.35,-1.02)  dist=1.22m  cmd=(0.57,0.02)  mpc_ok=100%  solve=33.2ms
2026-04-28T14:16:42  [INFO   ]  [T010/SC1/open_square] 60.3s/300s  pos=(6.73,-0.47)  dist=0.54m  cmd=(0.28,0.09)  mpc_ok=100%  solve=41.5ms
2026-04-28T14:16:42  [INFO   ]  [T010/SC1/open_square] goal 1/3 reached  pos=(6.75,-0.43)  elapsed=61s
2026-04-28T14:16:47  [INFO   ]  [T010/SC1/open_square] 4.4s/300s  pos=(6.68,-0.35)  dist=6.36m  cmd=(0.11,-0.06)  mpc_ok=100%  solve=49.9ms
2026-04-28T14:16:52  [INFO   ]  [T010/SC1/open_square] 9.4s/300s  pos=(6.83,-0.33)  dist=6.33m  cmd=(0.00,-0.00)  mpc_ok=100%  solve=47.7ms
2026-04-28T14:16:57  [INFO   ]  [T010/SC1/open_square] 14.5s/300s  pos=(6.70,-0.42)  dist=6.43m  cmd=(0.29,0.03)  mpc_ok=100%  solve=37.1ms
2026-04-28T14:17:02  [INFO   ]  [T010/SC1/open_square] 19.5s/300s  pos=(6.66,-0.42)  dist=6.43m  cmd=(0.33,-0.07)  mpc_ok=100%  solve=28.1ms
2026-04-28T14:17:07  [INFO   ]  [T010/SC1/open_square] 24.5s/300s  pos=(6.71,-0.44)  dist=6.44m  cmd=(0.32,-0.03)  mpc_ok=100%  solve=39.7ms
2026-04-28T14:17:12  [INFO   ]  [T010/SC1/open_square] 29.5s/300s  pos=(6.72,-0.34)  dist=6.35m  cmd=(0.00,-0.00)  mpc_ok=100%  solve=59.0ms
2026-04-28T14:17:12  [WARNING]  [T010/SC1/open_square] early termination — insufficient progress over 30s (Δ=0.007 < 0.02)
2026-04-28T14:17:12  [INFO   ]  [T010/SC1/open_square] nav done — goals 1/3 (33%)  elapsed=30s  failure=early_term: insufficient progress over 30s (Δ=0.007 < 0.02)
2026-04-28T14:17:13  [DEBUG  ]  RosbagRecorder stopped  pid=80318
2026-04-28T14:17:13  [INFO   ]    → sc=open_square  goals=33%  score=0.360  weighted=0.0360  running=0.0360  dist=10.00  obs=1.000  scans=303
2026-04-28T14:17:13  [INFO   ]  ── Scenario 2/6: open_zigzag  (3 goals)  weight=0.10 ──
2026-04-28T14:17:13  [INFO   ]  [T010/SC2/open_zigzag] starting
2026-04-28T14:17:13  [INFO   ]    [sim] reusing Gazebo for world=default.sdf  — resetting robot pose
2026-04-28T14:17:14  [DEBUG  ]    [sim] reset strategy 'gz service /world/default/set_pose' returned 255 — trying next
2026-04-28T14:17:14  [INFO   ]    [sim] robot reset via 'ign service /world/default/set_pose'  pos=(0.00, 0.00)  heading=0.000
2026-04-28T14:17:17  [DEBUG  ]    [sim] nav-reset 'redirect goal' ok
2026-04-28T14:17:17  [DEBUG  ]    [sim] nav-reset 'clear /a_star/path' ok
2026-04-28T14:17:17  [DEBUG  ]    [sim] nav-reset 'clear /mpc/predicted_path' ok
2026-04-28T14:17:17  [DEBUG  ]    [sim] nav-reset 'clear global costmap' returned 1
2026-04-28T14:17:17  [DEBUG  ]    [sim] nav-reset 'clear local costmap' returned 1
2026-04-28T14:17:17  [INFO   ]    [sim] nav state flushed — planner redirected to (-6.00, 3.00)
2026-04-28T14:17:17  [DEBUG  ]  RosbagRecorder started  pid=81058  dir=/media/lorenzo/writable/Go2_navigation/tuning_results/trial_010/scenario_open_zigzag/rosbag
2026-04-28T14:17:17  [INFO   ]  [T010/SC2/open_zigzag] waiting 10s for Gazebo bridge…
2026-04-28T14:17:27  [INFO   ]  [T010/SC2/open_zigzag] spawning obstacles…
2026-04-28T14:17:51  [INFO   ]  [T010/SC2/open_zigzag] waiting 20s for planner…
2026-04-28T14:18:01  [DEBUG  ]  [T010/SC2/open_zigzag] heartbeat — 10s remaining
2026-04-28T14:18:11  [INFO   ]  [T010/SC2/open_zigzag] nav started — 3 goal(s), timeout=300s
2026-04-28T14:18:11  [INFO   ]  [T010/SC2/open_zigzag] 0.0s/300s  waiting for pose…
2026-04-28T14:18:11  [DEBUG  ]  [T010/SC2/open_zigzag] initial_dist set from first pose: 0.25m  pos=(-5.94,2.76)
2026-04-28T14:18:11  [INFO   ]  [T010/SC2/open_zigzag] goal 1/3 reached  pos=(-5.94,2.76)  elapsed=0s
2026-04-28T14:18:16  [INFO   ]  [T010/SC2/open_zigzag] 5.0s/300s  pos=(-5.95,2.78)  dist=12.37m  cmd=(0.11,0.02)  mpc_ok=100%  solve=47.9ms
2026-04-28T14:18:21  [INFO   ]  [T010/SC2/open_zigzag] 10.1s/300s  pos=(-6.04,2.81)  dist=12.45m  cmd=(0.02,-0.00)  mpc_ok=100%  solve=39.3ms
2026-04-28T14:18:26  [INFO   ]  [T010/SC2/open_zigzag] 15.1s/300s  pos=(-5.99,2.80)  dist=12.41m  cmd=(0.00,-0.00)  mpc_ok=100%  solve=37.3ms
2026-04-28T14:18:31  [INFO   ]  [T010/SC2/open_zigzag] 20.1s/300s  pos=(-5.89,2.77)  dist=12.32m  cmd=(0.31,0.02)  mpc_ok=100%  solve=42.5ms
2026-04-28T14:18:36  [INFO   ]  [T010/SC2/open_zigzag] 25.1s/300s  pos=(-6.00,2.78)  dist=12.42m  cmd=(0.00,0.00)  mpc_ok=100%  solve=33.0ms
2026-04-28T14:18:41  [INFO   ]  [T010/SC2/open_zigzag] 30.1s/300s  pos=(-6.00,2.78)  dist=12.43m  cmd=(0.00,0.00)  mpc_ok=100%  solve=34.2ms
2026-04-28T14:18:46  [INFO   ]  [T010/SC2/open_zigzag] 35.1s/300s  pos=(-6.00,2.78)  dist=12.42m  cmd=(0.00,0.00)  mpc_ok=100%  solve=35.1ms
2026-04-28T14:18:51  [WARNING]  [T010/SC2/open_zigzag] early termination — insufficient progress over 30s (Δ=0.001 < 0.02)
2026-04-28T14:18:51  [INFO   ]  [T010/SC2/open_zigzag] nav done — goals 1/3 (33%)  elapsed=39s  failure=early_term: insufficient progress over 30s (Δ=0.001 < 0.02)
2026-04-28T14:18:52  [DEBUG  ]  RosbagRecorder stopped  pid=81058
2026-04-28T14:18:52  [INFO   ]    → sc=open_zigzag  goals=33%  score=0.390  weighted=0.0390  running=0.0750  dist=6.22  obs=1.000  scans=13
2026-04-28T14:18:52  [INFO   ]  ── Scenario 3/6: warehouse_loop  (4 goals)  weight=0.25 ──
2026-04-28T14:18:52  [INFO   ]  [T010/SC3/warehouse_loop] starting
2026-04-28T14:18:52  [DEBUG  ]  Sending SIGTERM to sim_launch  pgid=79841
2026-04-28T14:18:52  [DEBUG  ]  sim_launch exited cleanly
2026-04-28T14:19:00  [DEBUG  ]    [sim] killed
2026-04-28T14:19:10  [INFO   ]    [sim] launched  pid=81350  world=warehouse.world
2026-04-28T14:19:10  [DEBUG  ]  RosbagRecorder started  pid=81827  dir=/media/lorenzo/writable/Go2_navigation/tuning_results/trial_010/scenario_warehouse_loop/rosbag
2026-04-28T14:19:10  [INFO   ]  [T010/SC3/warehouse_loop] waiting 10s for Gazebo bridge…
2026-04-28T14:19:20  [INFO   ]  [T010/SC3/warehouse_loop] spawning obstacles…
2026-04-28T14:19:50  [INFO   ]  [T010/SC3/warehouse_loop] waiting 20s for planner…
2026-04-28T14:20:00  [DEBUG  ]  [T010/SC3/warehouse_loop] heartbeat — 10s remaining
2026-04-28T14:20:10  [INFO   ]  [T010/SC3/warehouse_loop] nav started — 4 goal(s), timeout=180s
2026-04-28T14:20:10  [INFO   ]  [T010/SC3/warehouse_loop] 0.0s/180s  waiting for pose…
2026-04-28T14:20:10  [DEBUG  ]  [T010/SC3/warehouse_loop] initial_dist set from first pose: 17.06m  pos=(-5.06,-8.17)
2026-04-28T14:20:15  [INFO   ]  [T010/SC3/warehouse_loop] 5.0s/180s  pos=(-4.54,-8.17)  dist=16.54m  cmd=(0.11,-0.00)  mpc_ok=100%  solve=32.5ms
2026-04-28T14:20:20  [INFO   ]  [T010/SC3/warehouse_loop] 10.1s/180s  pos=(-4.11,-8.16)  dist=16.11m  cmd=(0.48,0.03)  mpc_ok=100%  solve=26.4ms
2026-04-28T14:20:25  [INFO   ]  [T010/SC3/warehouse_loop] 15.1s/180s  pos=(-3.52,-8.18)  dist=15.52m  cmd=(0.66,-0.04)  mpc_ok=100%  solve=37.2ms
2026-04-28T14:20:30  [INFO   ]  [T010/SC3/warehouse_loop] 20.1s/180s  pos=(-2.86,-8.18)  dist=14.86m  cmd=(0.00,-0.00)  mpc_ok=100%  solve=40.2ms
2026-04-28T14:20:35  [INFO   ]  [T010/SC3/warehouse_loop] 25.2s/180s  pos=(-3.18,-8.20)  dist=15.18m  cmd=(-0.00,-0.00)  mpc_ok=100%  solve=45.4ms
2026-04-28T14:20:40  [INFO   ]  [T010/SC3/warehouse_loop] 30.2s/180s  pos=(-3.45,-8.19)  dist=15.46m  cmd=(-0.00,0.00)  mpc_ok=100%  solve=48.5ms
2026-04-28T14:20:45  [INFO   ]  [T010/SC3/warehouse_loop] 35.2s/180s  pos=(-3.64,-8.22)  dist=15.64m  cmd=(-0.00,0.00)  mpc_ok=100%  solve=61.2ms
2026-04-28T14:20:50  [INFO   ]  [T010/SC3/warehouse_loop] 40.2s/180s  pos=(-3.64,-8.22)  dist=15.64m  cmd=(-0.00,0.00)  mpc_ok=100%  solve=44.7ms
2026-04-28T14:20:52  [WARNING]  [T010/SC3/warehouse_loop] early termination — insufficient progress over 30s (Δ=0.019 < 0.02)
2026-04-28T14:20:52  [INFO   ]  [T010/SC3/warehouse_loop] nav done — goals 0/4 (0%)  elapsed=42s  failure=early_term: insufficient progress over 30s (Δ=0.019 < 0.02)
2026-04-28T14:20:53  [DEBUG  ]  RosbagRecorder stopped  pid=81827
2026-04-28T14:20:53  [INFO   ]    → sc=warehouse_loop  goals=0%  score=0.330  weighted=0.0825  running=0.1575  dist=18.25  obs=1.000  scans=337
2026-04-28T14:20:53  [INFO   ]  ── Scenario 4/6: warehouse_cross_aisle  (3 goals)  weight=0.20 ──
2026-04-28T14:20:53  [INFO   ]  [T010/SC4/warehouse_cross_aisle] starting
2026-04-28T14:20:53  [INFO   ]    [sim] reusing Gazebo for world=warehouse.world  — resetting robot pose
2026-04-28T14:20:53  [DEBUG  ]    [sim] reset strategy 'gz service /world/warehouse/set_pose' returned 255 — trying next
2026-04-28T14:20:54  [INFO   ]    [sim] robot reset via 'ign service /world/warehouse/set_pose'  pos=(-4.00, 8.00)  heading=-1.571
2026-04-28T14:20:57  [DEBUG  ]    [sim] nav-reset 'redirect goal' ok
2026-04-28T14:20:57  [DEBUG  ]    [sim] nav-reset 'clear /a_star/path' ok
2026-04-28T14:20:57  [DEBUG  ]    [sim] nav-reset 'clear /mpc/predicted_path' ok
2026-04-28T14:20:57  [DEBUG  ]    [sim] nav-reset 'clear global costmap' returned 1
2026-04-28T14:20:57  [DEBUG  ]    [sim] nav-reset 'clear local costmap' returned 1
2026-04-28T14:20:57  [INFO   ]    [sim] nav state flushed — planner redirected to (-4.00, 2.00)
2026-04-28T14:20:57  [DEBUG  ]  RosbagRecorder started  pid=82613  dir=/media/lorenzo/writable/Go2_navigation/tuning_results/trial_010/scenario_warehouse_cross_aisle/rosbag
2026-04-28T14:20:57  [INFO   ]  [T010/SC4/warehouse_cross_aisle] waiting 10s for Gazebo bridge…
2026-04-28T14:21:07  [INFO   ]  [T010/SC4/warehouse_cross_aisle] spawning obstacles…
2026-04-28T14:21:31  [INFO   ]  [T010/SC4/warehouse_cross_aisle] waiting 20s for planner…
2026-04-28T14:21:41  [DEBUG  ]  [T010/SC4/warehouse_cross_aisle] heartbeat — 10s remaining
2026-04-28T14:21:51  [INFO   ]  [T010/SC4/warehouse_cross_aisle] nav started — 3 goal(s), timeout=150s
2026-04-28T14:21:51  [INFO   ]  [T010/SC4/warehouse_cross_aisle] 0.1s/150s  waiting for pose…
2026-04-28T14:21:51  [DEBUG  ]  [T010/SC4/warehouse_cross_aisle] initial_dist set from first pose: 2.50m  pos=(-4.21,-0.49)
2026-04-28T14:21:56  [INFO   ]  [T010/SC4/warehouse_cross_aisle] 5.1s/150s  pos=(-4.17,-1.14)  dist=3.15m  cmd=(0.80,-0.07)  mpc_ok=0%  solve=1.6ms
2026-04-28T14:22:01  [INFO   ]  [T010/SC4/warehouse_cross_aisle] 10.1s/150s  pos=(-4.19,-1.89)  dist=3.90m  cmd=(0.80,0.04)  mpc_ok=0%  solve=1.7ms
2026-04-28T14:22:06  [INFO   ]  [T010/SC4/warehouse_cross_aisle] 15.1s/150s  pos=(-4.17,-2.48)  dist=4.48m  cmd=(0.80,-0.02)  mpc_ok=0%  solve=1.6ms
2026-04-28T14:22:11  [INFO   ]  [T010/SC4/warehouse_cross_aisle] 20.1s/150s  pos=(-4.09,-3.45)  dist=5.45m  cmd=(0.80,-0.00)  mpc_ok=0%  solve=1.6ms
2026-04-28T14:22:16  [INFO   ]  [T010/SC4/warehouse_cross_aisle] 25.1s/150s  pos=(-4.11,-4.31)  dist=6.31m  cmd=(0.80,0.03)  mpc_ok=0%  solve=1.8ms
2026-04-28T14:22:21  [WARNING]  [T010/SC4/warehouse_cross_aisle] early termination — MPC success rate 0% < 70%
2026-04-28T14:22:21  [INFO   ]  [T010/SC4/warehouse_cross_aisle] nav done — goals 0/3 (0%)  elapsed=30s  failure=early_term: MPC success rate 0% < 70%
2026-04-28T14:22:22  [DEBUG  ]  RosbagRecorder stopped  pid=82613
2026-04-28T14:22:22  [INFO   ]    → sc=warehouse_cross_aisle  goals=0%  score=0.291  weighted=0.0583  running=0.2157  dist=8.63  obs=1.000  scans=258
2026-04-28T14:22:22  [INFO   ]  ── Scenario 5/6: office_traverse  (3 goals)  weight=0.20 ──
2026-04-28T14:22:22  [INFO   ]  [T010/SC5/office_traverse] starting
2026-04-28T14:22:22  [DEBUG  ]  Sending SIGTERM to sim_launch  pgid=81350
2026-04-28T14:22:22  [DEBUG  ]  sim_launch exited cleanly
2026-04-28T14:22:30  [DEBUG  ]    [sim] killed
2026-04-28T14:22:40  [INFO   ]    [sim] launched  pid=82905  world=indoor_office.world
2026-04-28T14:22:40  [DEBUG  ]  RosbagRecorder started  pid=83381  dir=/media/lorenzo/writable/Go2_navigation/tuning_results/trial_010/scenario_office_traverse/rosbag
2026-04-28T14:22:40  [INFO   ]  [T010/SC5/office_traverse] waiting 10s for Gazebo bridge…
2026-04-28T14:22:50  [INFO   ]  [T010/SC5/office_traverse] spawning obstacles…
2026-04-28T14:23:14  [INFO   ]  [T010/SC5/office_traverse] waiting 20s for planner…
2026-04-28T14:23:24  [DEBUG  ]  [T010/SC5/office_traverse] heartbeat — 10s remaining
2026-04-28T14:23:34  [INFO   ]  [T010/SC5/office_traverse] nav started — 3 goal(s), timeout=150s
2026-04-28T14:23:34  [INFO   ]  [T010/SC5/office_traverse] 0.0s/150s  waiting for pose…
2026-04-28T14:23:34  [DEBUG  ]  [T010/SC5/office_traverse] initial_dist set from first pose: 3.29m  pos=(3.69,-3.27)
2026-04-28T14:23:39  [INFO   ]  [T010/SC5/office_traverse] 5.0s/150s  pos=(3.81,-1.95)  dist=1.95m  cmd=(-0.19,-0.29)  mpc_ok=100%  solve=65.8ms
2026-04-28T14:23:44  [INFO   ]  [T010/SC5/office_traverse] 10.1s/150s  pos=(4.18,-2.28)  dist=2.28m  cmd=(0.79,0.28)  mpc_ok=100%  solve=38.7ms
2026-04-28T14:23:49  [INFO   ]  [T010/SC5/office_traverse] 15.1s/150s  pos=(3.60,-2.64)  dist=2.67m  cmd=(0.80,-0.09)  mpc_ok=100%  solve=49.6ms
2026-04-28T14:23:54  [INFO   ]  [T010/SC5/office_traverse] 20.1s/150s  pos=(2.69,-2.13)  dist=2.50m  cmd=(0.79,-0.30)  mpc_ok=100%  solve=36.4ms
2026-04-28T14:23:59  [INFO   ]  [T010/SC5/office_traverse] 25.1s/150s  pos=(3.07,-1.28)  dist=1.58m  cmd=(0.37,-0.30)  mpc_ok=100%  solve=36.0ms
2026-04-28T14:24:04  [INFO   ]  [T010/SC5/office_traverse] 30.2s/150s  pos=(3.40,-1.72)  dist=1.82m  cmd=(-0.45,0.23)  mpc_ok=100%  solve=51.2ms
2026-04-28T14:24:09  [INFO   ]  [T010/SC5/office_traverse] 35.2s/150s  pos=(2.66,-1.10)  dist=1.73m  cmd=(0.73,-0.28)  mpc_ok=100%  solve=37.1ms
2026-04-28T14:24:14  [INFO   ]  [T010/SC5/office_traverse] 40.2s/150s  pos=(3.32,-1.11)  dist=1.30m  cmd=(0.06,-0.17)  mpc_ok=100%  solve=83.2ms
2026-04-28T14:24:19  [INFO   ]  [T010/SC5/office_traverse] 45.2s/150s  pos=(3.48,-0.69)  dist=0.86m  cmd=(0.41,-0.15)  mpc_ok=100%  solve=39.5ms
2026-04-28T14:24:22  [INFO   ]  [T010/SC5/office_traverse] goal 1/3 reached  pos=(3.51,-0.10)  elapsed=48s
2026-04-28T14:24:24  [INFO   ]  [T010/SC5/office_traverse] 1.9s/150s  pos=(3.71,0.07)  dist=4.41m  cmd=(0.21,-0.20)  mpc_ok=100%  solve=24.6ms
2026-04-28T14:24:29  [INFO   ]  [T010/SC5/office_traverse] 6.9s/150s  pos=(3.82,0.51)  dist=4.03m  cmd=(0.80,-0.30)  mpc_ok=100%  solve=27.9ms
2026-04-28T14:24:34  [INFO   ]  [T010/SC5/office_traverse] 12.0s/150s  pos=(3.84,1.47)  dist=3.51m  cmd=(0.80,0.05)  mpc_ok=100%  solve=17.2ms
2026-04-28T14:24:39  [INFO   ]  [T010/SC5/office_traverse] 17.0s/150s  pos=(3.23,2.21)  dist=3.85m  cmd=(0.80,0.10)  mpc_ok=100%  solve=74.5ms
2026-04-28T14:24:44  [INFO   ]  [T010/SC5/office_traverse] 22.0s/150s  pos=(1.97,2.51)  dist=5.05m  cmd=(0.80,0.15)  mpc_ok=100%  solve=59.0ms
2026-04-28T14:24:49  [INFO   ]  [T010/SC5/office_traverse] 27.0s/150s  pos=(2.01,3.45)  dist=5.01m  cmd=(0.80,0.09)  mpc_ok=100%  solve=178.1ms
2026-04-28T14:24:54  [INFO   ]  [T010/SC5/office_traverse] 32.0s/150s  pos=(2.62,4.45)  dist=4.61m  cmd=(-0.61,-0.19)  mpc_ok=100%  solve=179.5ms
2026-04-28T14:24:59  [INFO   ]  [T010/SC5/office_traverse] 37.0s/150s  pos=(2.70,4.02)  dist=4.43m  cmd=(-0.10,0.30)  mpc_ok=100%  solve=101.6ms
2026-04-28T14:25:04  [INFO   ]  [T010/SC5/office_traverse] 42.1s/150s  pos=(2.88,2.75)  dist=4.12m  cmd=(0.08,-0.30)  mpc_ok=100%  solve=36.7ms
2026-04-28T14:25:09  [INFO   ]  [T010/SC5/office_traverse] 47.1s/150s  pos=(1.57,1.95)  dist=5.53m  cmd=(-0.45,0.30)  mpc_ok=100%  solve=31.5ms
2026-04-28T14:25:14  [INFO   ]  [T010/SC5/office_traverse] 52.1s/150s  pos=(1.27,2.09)  dist=5.81m  cmd=(0.80,-0.30)  mpc_ok=100%  solve=68.9ms
2026-04-28T14:25:18  [WARNING]  [T010/SC5/office_traverse] early termination — insufficient progress over 30s (Δ=0.001 < 0.02)
2026-04-28T14:25:18  [INFO   ]  [T010/SC5/office_traverse] nav done — goals 1/3 (33%)  elapsed=55s  failure=early_term: insufficient progress over 30s (Δ=0.001 < 0.02)
2026-04-28T14:25:18  [DEBUG  ]  RosbagRecorder stopped  pid=83381
2026-04-28T14:25:18  [INFO   ]    → sc=office_traverse  goals=33%  score=0.391  weighted=0.0781  running=0.2938  dist=7.23  obs=0.991  scans=883
2026-04-28T14:25:18  [INFO   ]  ── Scenario 6/6: office_corridor  (3 goals)  weight=0.15 ──
2026-04-28T14:25:18  [INFO   ]  [T010/SC6/office_corridor] starting
2026-04-28T14:25:18  [INFO   ]    [sim] reusing Gazebo for world=indoor_office.world  — resetting robot pose
2026-04-28T14:25:19  [DEBUG  ]    [sim] reset strategy 'gz service /world/indoor_office/set_pose' returned 255 — trying next
2026-04-28T14:25:19  [INFO   ]    [sim] robot reset via 'ign service /world/indoor_office/set_pose'  pos=(-4.00, -6.00)  heading=1.571
2026-04-28T14:25:22  [DEBUG  ]    [sim] nav-reset 'redirect goal' ok
2026-04-28T14:25:22  [DEBUG  ]    [sim] nav-reset 'clear /a_star/path' ok
2026-04-28T14:25:22  [DEBUG  ]    [sim] nav-reset 'clear /mpc/predicted_path' ok
2026-04-28T14:25:22  [DEBUG  ]    [sim] nav-reset 'clear global costmap' returned 1
2026-04-28T14:25:22  [DEBUG  ]    [sim] nav-reset 'clear local costmap' returned 1
2026-04-28T14:25:22  [INFO   ]    [sim] nav state flushed — planner redirected to (-4.00, 0.00)
2026-04-28T14:25:22  [DEBUG  ]  RosbagRecorder started  pid=84121  dir=/media/lorenzo/writable/Go2_navigation/tuning_results/trial_010/scenario_office_corridor/rosbag
2026-04-28T14:25:22  [INFO   ]  [T010/SC6/office_corridor] waiting 10s for Gazebo bridge…
2026-04-28T14:25:32  [INFO   ]  [T010/SC6/office_corridor] spawning obstacles…
2026-04-28T14:25:56  [INFO   ]  [T010/SC6/office_corridor] waiting 20s for planner…
2026-04-28T14:26:06  [DEBUG  ]  [T010/SC6/office_corridor] heartbeat — 10s remaining
2026-04-28T14:26:16  [INFO   ]  [T010/SC6/office_corridor] nav started — 3 goal(s), timeout=150s
2026-04-28T14:26:16  [INFO   ]  [T010/SC6/office_corridor] 0.0s/150s  waiting for pose…
2026-04-28T14:26:16  [DEBUG  ]  [T010/SC6/office_corridor] initial_dist set from first pose: 4.11m  pos=(-7.97,-1.07)
2026-04-28T14:26:21  [INFO   ]  [T010/SC6/office_corridor] 5.0s/150s  pos=(-7.80,-0.13)  dist=3.80m  cmd=(0.80,-0.26)  mpc_ok=0%  solve=2.0ms
2026-04-28T14:26:26  [INFO   ]  [T010/SC6/office_corridor] 10.0s/150s  pos=(-6.53,0.46)  dist=2.57m  cmd=(-0.03,-0.30)  mpc_ok=0%  solve=1.7ms
2026-04-28T14:26:31  [INFO   ]  [T010/SC6/office_corridor] 15.1s/150s  pos=(-7.20,-0.73)  dist=3.29m  cmd=(-0.05,0.30)  mpc_ok=0%  solve=1.7ms
2026-04-28T14:26:36  [INFO   ]  [T010/SC6/office_corridor] 20.1s/150s  pos=(-5.96,-1.05)  dist=2.22m  cmd=(0.09,-0.29)  mpc_ok=0%  solve=1.7ms
2026-04-28T14:26:41  [INFO   ]  [T010/SC6/office_corridor] 25.1s/150s  pos=(-5.93,0.06)  dist=1.93m  cmd=(0.80,-0.16)  mpc_ok=0%  solve=1.5ms
2026-04-28T14:26:46  [WARNING]  [T010/SC6/office_corridor] early termination — MPC success rate 0% < 70%
2026-04-28T14:26:46  [INFO   ]  [T010/SC6/office_corridor] nav done — goals 0/3 (0%)  elapsed=30s  failure=early_term: MPC success rate 0% < 70%
2026-04-28T14:26:46  [DEBUG  ]  RosbagRecorder stopped  pid=84121
2026-04-28T14:26:46  [INFO   ]    → sc=office_corridor  goals=0%  score=0.282  weighted=0.0422  running=0.3361  dist=8.16  obs=0.880  scans=259
2026-04-28T14:26:46  [DEBUG  ]  Sending SIGTERM to sim_launch  pgid=82905
2026-04-28T14:26:46  [DEBUG  ]  sim_launch exited cleanly
2026-04-28T14:26:55  [DEBUG  ]    [sim] killed
2026-04-28T14:26:55  [INFO   ]  [GP] fitting on 10 observations…
2026-04-28T14:26:55  [INFO   ]  [GP] active  noise=0.1223  gp_mean=0.3792±0.0180  top5=mpc_Q_terminal=0.974  mpc_Q_x=0.005  mpc_Q_y=0.005  mpc_Q_yaw=0.005  mpc_W_obs_sigmoid=0.005
2026-04-28T14:26:55  [DEBUG  ]  [GP] model checkpoint saved  /media/lorenzo/writable/Go2_navigation/tuning_results/trial_010/gp_data/gp_model.joblib
2026-04-28T14:26:55  [DEBUG  ]  [GP] checkpoint written  /media/lorenzo/writable/Go2_navigation/tuning_results/trial_010/gp_data
2026-04-28T14:26:56  [DEBUG  ]  [plot] gp_marginals saved  /media/lorenzo/writable/Go2_navigation/tuning_results/gp_marginals.png
2026-04-28T14:26:56  [DEBUG  ]  [plot] gp_fitted_vs_actual saved  /media/lorenzo/writable/Go2_navigation/tuning_results/gp_fitted_vs_actual.png
2026-04-28T14:26:56  [DEBUG  ]  [disk] removed bag  /media/lorenzo/writable/Go2_navigation/tuning_results/trial_005/scenario_open_zigzag/rosbag
2026-04-28T14:26:56  [DEBUG  ]  [disk] removed bag  /media/lorenzo/writable/Go2_navigation/tuning_results/trial_005/scenario_office_corridor/rosbag
2026-04-28T14:26:56  [DEBUG  ]  [disk] removed bag  /media/lorenzo/writable/Go2_navigation/tuning_results/trial_005/scenario_warehouse_loop/rosbag
2026-04-28T14:26:56  [DEBUG  ]  [disk] removed bag  /media/lorenzo/writable/Go2_navigation/tuning_results/trial_005/scenario_office_traverse/rosbag
2026-04-28T14:26:56  [DEBUG  ]  [disk] removed bag  /media/lorenzo/writable/Go2_navigation/tuning_results/trial_005/scenario_warehouse_cross_aisle/rosbag
2026-04-28T14:26:56  [DEBUG  ]  [disk] removed bag  /media/lorenzo/writable/Go2_navigation/tuning_results/trial_005/scenario_open_square/rosbag
2026-04-28T14:26:56  [INFO   ]  [trial 010/50]  aggregate=0.3361  best=0.3830(t006)  elapsed=12.3min  GP=active(n=10)
2026-04-28T14:26:56  [INFO   ]  ============================================================
2026-04-28T14:26:56  [INFO   ]  Trial 011/50  [TPE-GUIDED]  2026-04-28T14:26:56  ETA ~145min
2026-04-28T14:26:56  [INFO   ]  Params: {'grid_std': '0.175', 'mpc_Q_terminal': '40.697', 'mpc_Q_x': '367.007', 'mpc_Q_y': '316.604', 'mpc_Q_yaw': '3.262', 'mpc_W_obs_sigmoid': '191.322'}
2026-04-28T14:26:56  [INFO   ]  ============================================================
2026-04-28T14:26:56  [INFO   ]  ── Scenario 1/6: open_square  (3 goals)  weight=0.10 ──
2026-04-28T14:26:56  [INFO   ]  [T011/SC1/open_square] starting
2026-04-28T14:27:06  [INFO   ]    [sim] launched  pid=84433  world=default.sdf
2026-04-28T14:27:06  [DEBUG  ]  RosbagRecorder started  pid=84911  dir=/media/lorenzo/writable/Go2_navigation/tuning_results/trial_011/scenario_open_square/rosbag
2026-04-28T14:27:06  [INFO   ]  [T011/SC1/open_square] waiting 10s for Gazebo bridge…
2026-04-28T14:27:16  [INFO   ]  [T011/SC1/open_square] spawning obstacles…
2026-04-28T14:27:40  [INFO   ]  [T011/SC1/open_square] waiting 20s for planner…
2026-04-28T14:27:50  [DEBUG  ]  [T011/SC1/open_square] heartbeat — 10s remaining
2026-04-28T14:28:00  [INFO   ]  [T011/SC1/open_square] nav started — 3 goal(s), timeout=300s
2026-04-28T14:28:00  [INFO   ]  [T011/SC1/open_square] 0.0s/300s  waiting for pose…
2026-04-28T14:28:00  [DEBUG  ]  [T011/SC1/open_square] initial_dist set from first pose: 5.08m  pos=(1.98,-0.80)
2026-04-28T14:28:05  [INFO   ]  [T011/SC1/open_square] 5.0s/300s  pos=(2.33,-0.70)  dist=4.72m  cmd=(0.80,0.21)  mpc_ok=100%  solve=42.6ms
2026-04-28T14:28:10  [INFO   ]  [T011/SC1/open_square] 10.1s/300s  pos=(2.68,-0.23)  dist=4.33m  cmd=(0.62,-0.11)  mpc_ok=100%  solve=37.8ms
2026-04-28T14:28:15  [INFO   ]  [T011/SC1/open_square] 15.1s/300s  pos=(2.96,-0.20)  dist=4.05m  cmd=(0.60,-0.28)  mpc_ok=100%  solve=29.4ms
2026-04-28T14:28:20  [INFO   ]  [T011/SC1/open_square] 20.1s/300s  pos=(3.25,-0.73)  dist=3.82m  cmd=(0.80,0.16)  mpc_ok=100%  solve=34.2ms
2026-04-28T14:28:25  [INFO   ]  [T011/SC1/open_square] 25.1s/300s  pos=(3.60,-0.50)  dist=3.43m  cmd=(0.30,-0.30)  mpc_ok=100%  solve=36.4ms
2026-04-28T14:28:30  [INFO   ]  [T011/SC1/open_square] 30.1s/300s  pos=(3.84,-0.75)  dist=3.25m  cmd=(0.62,-0.30)  mpc_ok=100%  solve=47.7ms
2026-04-28T14:28:35  [INFO   ]  [T011/SC1/open_square] 35.1s/300s  pos=(3.76,-1.15)  dist=3.44m  cmd=(0.80,0.21)  mpc_ok=100%  solve=29.1ms
2026-04-28T14:28:40  [INFO   ]  [T011/SC1/open_square] 40.1s/300s  pos=(4.14,-0.77)  dist=2.96m  cmd=(0.70,-0.23)  mpc_ok=100%  solve=68.9ms
2026-04-28T14:28:45  [INFO   ]  [T011/SC1/open_square] 45.1s/300s  pos=(4.54,-1.06)  dist=2.68m  cmd=(0.80,-0.23)  mpc_ok=100%  solve=52.2ms
2026-04-28T14:28:50  [INFO   ]  [T011/SC1/open_square] 50.2s/300s  pos=(4.69,-1.25)  dist=2.62m  cmd=(0.80,0.20)  mpc_ok=100%  solve=74.6ms
2026-04-28T14:28:55  [INFO   ]  [T011/SC1/open_square] 55.2s/300s  pos=(4.97,-0.94)  dist=2.23m  cmd=(0.75,-0.30)  mpc_ok=100%  solve=34.5ms
2026-04-28T14:29:00  [INFO   ]  [T011/SC1/open_square] 60.2s/300s  pos=(5.36,-1.36)  dist=2.13m  cmd=(0.80,0.29)  mpc_ok=100%  solve=38.7ms
2026-04-28T14:29:05  [INFO   ]  [T011/SC1/open_square] 65.2s/300s  pos=(5.62,-0.94)  dist=1.68m  cmd=(0.27,-0.30)  mpc_ok=100%  solve=49.2ms
2026-04-28T14:29:10  [INFO   ]  [T011/SC1/open_square] 70.3s/300s  pos=(6.21,-0.94)  dist=1.23m  cmd=(0.58,0.12)  mpc_ok=100%  solve=40.9ms
2026-04-28T14:29:15  [INFO   ]  [T011/SC1/open_square] 75.3s/300s  pos=(6.69,-0.81)  dist=0.87m  cmd=(0.27,0.08)  mpc_ok=100%  solve=63.7ms
2026-04-28T14:29:21  [INFO   ]  [T011/SC1/open_square] 80.3s/300s  pos=(6.78,-0.50)  dist=0.54m  cmd=(0.33,-0.03)  mpc_ok=100%  solve=40.1ms
2026-04-28T14:29:23  [INFO   ]  [T011/SC1/open_square] goal 1/3 reached  pos=(6.94,-0.49)  elapsed=83s
2026-04-28T14:29:26  [INFO   ]  [T011/SC1/open_square] 2.7s/300s  pos=(6.84,-0.29)  dist=6.29m  cmd=(0.00,0.00)  mpc_ok=100%  solve=52.0ms
2026-04-28T14:29:31  [INFO   ]  [T011/SC1/open_square] 7.7s/300s  pos=(6.81,-0.35)  dist=6.35m  cmd=(0.11,0.00)  mpc_ok=100%  solve=35.8ms
2026-04-28T14:29:36  [INFO   ]  [T011/SC1/open_square] 12.7s/300s  pos=(6.81,-0.39)  dist=6.39m  cmd=(0.06,0.02)  mpc_ok=100%  solve=29.4ms
2026-04-28T14:29:41  [INFO   ]  [T011/SC1/open_square] 17.7s/300s  pos=(6.85,-0.33)  dist=6.33m  cmd=(0.00,-0.00)  mpc_ok=100%  solve=33.0ms
2026-04-28T14:29:46  [INFO   ]  [T011/SC1/open_square] 22.7s/300s  pos=(6.78,-0.37)  dist=6.37m  cmd=(0.23,0.00)  mpc_ok=100%  solve=32.5ms
2026-04-28T14:29:51  [INFO   ]  [T011/SC1/open_square] 27.7s/300s  pos=(6.77,-0.39)  dist=6.39m  cmd=(0.07,0.04)  mpc_ok=100%  solve=35.8ms
2026-04-28T14:29:53  [WARNING]  [T011/SC1/open_square] early termination — insufficient progress over 30s (Δ=0.016 < 0.02)
2026-04-28T14:29:53  [INFO   ]  [T011/SC1/open_square] nav done — goals 1/3 (33%)  elapsed=30s  failure=early_term: insufficient progress over 30s (Δ=0.016 < 0.02)
2026-04-28T14:29:54  [DEBUG  ]  RosbagRecorder stopped  pid=84911
2026-04-28T14:29:54  [INFO   ]    → sc=open_square  goals=33%  score=0.351  weighted=0.0351  running=0.0351  dist=9.99  obs=1.000  scans=369
2026-04-28T14:29:54  [INFO   ]  ── Scenario 2/6: open_zigzag  (3 goals)  weight=0.10 ──
2026-04-28T14:29:54  [INFO   ]  [T011/SC2/open_zigzag] starting
2026-04-28T14:29:54  [INFO   ]    [sim] reusing Gazebo for world=default.sdf  — resetting robot pose
2026-04-28T14:29:54  [DEBUG  ]    [sim] reset strategy 'gz service /world/default/set_pose' returned 255 — trying next
2026-04-28T14:29:55  [INFO   ]    [sim] robot reset via 'ign service /world/default/set_pose'  pos=(0.00, 0.00)  heading=0.000
2026-04-28T14:29:58  [DEBUG  ]    [sim] nav-reset 'redirect goal' ok
2026-04-28T14:29:58  [DEBUG  ]    [sim] nav-reset 'clear /a_star/path' ok
2026-04-28T14:29:58  [DEBUG  ]    [sim] nav-reset 'clear /mpc/predicted_path' ok
2026-04-28T14:29:58  [DEBUG  ]    [sim] nav-reset 'clear global costmap' returned 1
2026-04-28T14:29:58  [DEBUG  ]    [sim] nav-reset 'clear local costmap' returned 1
2026-04-28T14:29:58  [INFO   ]    [sim] nav state flushed — planner redirected to (-6.00, 3.00)
2026-04-28T14:29:58  [DEBUG  ]  RosbagRecorder started  pid=85651  dir=/media/lorenzo/writable/Go2_navigation/tuning_results/trial_011/scenario_open_zigzag/rosbag
2026-04-28T14:29:58  [INFO   ]  [T011/SC2/open_zigzag] waiting 10s for Gazebo bridge…
2026-04-28T14:30:08  [INFO   ]  [T011/SC2/open_zigzag] spawning obstacles…
2026-04-28T14:30:32  [INFO   ]  [T011/SC2/open_zigzag] waiting 20s for planner…
2026-04-28T14:30:42  [DEBUG  ]  [T011/SC2/open_zigzag] heartbeat — 10s remaining
2026-04-28T14:30:52  [INFO   ]  [T011/SC2/open_zigzag] nav started — 3 goal(s), timeout=300s
2026-04-28T14:30:52  [INFO   ]  [T011/SC2/open_zigzag] 0.0s/300s  waiting for pose…
2026-04-28T14:30:52  [DEBUG  ]  [T011/SC2/open_zigzag] initial_dist set from first pose: 0.19m  pos=(-5.94,2.82)
2026-04-28T14:30:52  [INFO   ]  [T011/SC2/open_zigzag] goal 1/3 reached  pos=(-5.94,2.82)  elapsed=0s
2026-04-28T14:30:57  [INFO   ]  [T011/SC2/open_zigzag] 5.0s/300s  pos=(-5.94,2.83)  dist=12.36m  cmd=(0.01,0.00)  mpc_ok=100%  solve=36.4ms
2026-04-28T14:31:02  [INFO   ]  [T011/SC2/open_zigzag] 10.0s/300s  pos=(-5.93,2.82)  dist=12.35m  cmd=(0.19,0.00)  mpc_ok=100%  solve=39.3ms
2026-04-28T14:31:07  [INFO   ]  [T011/SC2/open_zigzag] 15.0s/300s  pos=(-5.91,2.78)  dist=12.34m  cmd=(0.25,0.01)  mpc_ok=100%  solve=40.8ms
2026-04-28T14:31:12  [INFO   ]  [T011/SC2/open_zigzag] 20.1s/300s  pos=(-5.92,2.81)  dist=12.34m  cmd=(0.00,-0.00)  mpc_ok=100%  solve=34.1ms
2026-04-28T14:31:17  [INFO   ]  [T011/SC2/open_zigzag] 25.1s/300s  pos=(-5.86,2.74)  dist=12.30m  cmd=(0.33,-0.00)  mpc_ok=100%  solve=29.3ms
2026-04-28T14:31:22  [WARNING]  [T011/SC2/open_zigzag] early termination — insufficient progress over 30s (Δ=0.008 < 0.02)
2026-04-28T14:31:22  [INFO   ]  [T011/SC2/open_zigzag] nav done — goals 1/3 (33%)  elapsed=30s  failure=early_term: insufficient progress over 30s (Δ=0.008 < 0.02)
2026-04-28T14:31:23  [DEBUG  ]  RosbagRecorder stopped  pid=85651
2026-04-28T14:31:23  [INFO   ]    → sc=open_zigzag  goals=33%  score=0.390  weighted=0.0390  running=0.0741  dist=6.29  obs=1.000  scans=5
2026-04-28T14:31:23  [INFO   ]  ── Scenario 3/6: warehouse_loop  (4 goals)  weight=0.25 ──
2026-04-28T14:31:23  [INFO   ]  [T011/SC3/warehouse_loop] starting
2026-04-28T14:31:23  [DEBUG  ]  Sending SIGTERM to sim_launch  pgid=84433
2026-04-28T14:31:23  [DEBUG  ]  sim_launch exited cleanly
2026-04-28T14:31:31  [DEBUG  ]    [sim] killed
2026-04-28T14:31:41  [INFO   ]    [sim] launched  pid=85943  world=warehouse.world
2026-04-28T14:31:41  [DEBUG  ]  RosbagRecorder started  pid=86420  dir=/media/lorenzo/writable/Go2_navigation/tuning_results/trial_011/scenario_warehouse_loop/rosbag
2026-04-28T14:31:41  [INFO   ]  [T011/SC3/warehouse_loop] waiting 10s for Gazebo bridge…
2026-04-28T14:31:51  [INFO   ]  [T011/SC3/warehouse_loop] spawning obstacles…
2026-04-28T14:32:21  [INFO   ]  [T011/SC3/warehouse_loop] waiting 20s for planner…
2026-04-28T14:32:31  [DEBUG  ]  [T011/SC3/warehouse_loop] heartbeat — 10s remaining
2026-04-28T14:32:41  [INFO   ]  [T011/SC3/warehouse_loop] nav started — 4 goal(s), timeout=180s
2026-04-28T14:32:41  [INFO   ]  [T011/SC3/warehouse_loop] 0.0s/180s  waiting for pose…
2026-04-28T14:32:41  [DEBUG  ]  [T011/SC3/warehouse_loop] initial_dist set from first pose: 17.88m  pos=(-5.88,-8.16)
2026-04-28T14:32:46  [INFO   ]  [T011/SC3/warehouse_loop] 5.1s/180s  pos=(-5.40,-8.22)  dist=17.40m  cmd=(0.33,-0.01)  mpc_ok=100%  solve=24.4ms
2026-04-28T14:32:51  [INFO   ]  [T011/SC3/warehouse_loop] 10.1s/180s  pos=(-4.88,-8.23)  dist=16.88m  cmd=(0.07,0.01)  mpc_ok=100%  solve=32.5ms
2026-04-28T14:32:56  [INFO   ]  [T011/SC3/warehouse_loop] 15.1s/180s  pos=(-4.48,-8.23)  dist=16.48m  cmd=(0.28,0.00)  mpc_ok=100%  solve=30.3ms
2026-04-28T14:33:01  [INFO   ]  [T011/SC3/warehouse_loop] 20.1s/180s  pos=(-3.91,-8.24)  dist=15.91m  cmd=(0.12,0.00)  mpc_ok=100%  solve=27.4ms
2026-04-28T14:33:06  [INFO   ]  [T011/SC3/warehouse_loop] 25.1s/180s  pos=(-3.55,-8.25)  dist=15.56m  cmd=(0.00,-0.00)  mpc_ok=100%  solve=48.7ms
2026-04-28T14:33:11  [INFO   ]  [T011/SC3/warehouse_loop] 30.1s/180s  pos=(-3.64,-8.25)  dist=15.64m  cmd=(-0.07,-0.01)  mpc_ok=100%  solve=43.4ms
2026-04-28T14:33:16  [INFO   ]  [T011/SC3/warehouse_loop] 35.1s/180s  pos=(-3.83,-8.25)  dist=15.83m  cmd=(-0.00,-0.00)  mpc_ok=100%  solve=42.0ms
2026-04-28T14:33:21  [INFO   ]  [T011/SC3/warehouse_loop] 40.1s/180s  pos=(-3.91,-8.25)  dist=15.91m  cmd=(-0.00,-0.00)  mpc_ok=100%  solve=52.8ms
2026-04-28T14:33:26  [INFO   ]  [T011/SC3/warehouse_loop] 45.1s/180s  pos=(-3.91,-8.25)  dist=15.91m  cmd=(-0.00,-0.00)  mpc_ok=100%  solve=66.2ms
2026-04-28T14:33:28  [WARNING]  [T011/SC3/warehouse_loop] early termination — insufficient progress over 30s (Δ=0.020 < 0.02)
2026-04-28T14:33:28  [INFO   ]  [T011/SC3/warehouse_loop] nav done — goals 0/4 (0%)  elapsed=47s  failure=early_term: insufficient progress over 30s (Δ=0.020 < 0.02)
2026-04-28T14:33:29  [DEBUG  ]  RosbagRecorder stopped  pid=86420
2026-04-28T14:33:29  [INFO   ]    → sc=warehouse_loop  goals=0%  score=0.330  weighted=0.0825  running=0.1566  dist=18.15  obs=1.000  scans=396
2026-04-28T14:33:29  [INFO   ]  ── Scenario 4/6: warehouse_cross_aisle  (3 goals)  weight=0.20 ──
2026-04-28T14:33:29  [INFO   ]  [T011/SC4/warehouse_cross_aisle] starting
2026-04-28T14:33:29  [INFO   ]    [sim] reusing Gazebo for world=warehouse.world  — resetting robot pose
2026-04-28T14:33:29  [DEBUG  ]    [sim] reset strategy 'gz service /world/warehouse/set_pose' returned 255 — trying next
2026-04-28T14:33:29  [INFO   ]    [sim] robot reset via 'ign service /world/warehouse/set_pose'  pos=(-4.00, 8.00)  heading=-1.571
2026-04-28T14:33:33  [DEBUG  ]    [sim] nav-reset 'redirect goal' ok
2026-04-28T14:33:33  [DEBUG  ]    [sim] nav-reset 'clear /a_star/path' ok
2026-04-28T14:33:33  [DEBUG  ]    [sim] nav-reset 'clear /mpc/predicted_path' ok
2026-04-28T14:33:33  [DEBUG  ]    [sim] nav-reset 'clear global costmap' returned 1
2026-04-28T14:33:33  [DEBUG  ]    [sim] nav-reset 'clear local costmap' returned 1
2026-04-28T14:33:33  [INFO   ]    [sim] nav state flushed — planner redirected to (-4.00, 2.00)
2026-04-28T14:33:33  [DEBUG  ]  RosbagRecorder started  pid=87206  dir=/media/lorenzo/writable/Go2_navigation/tuning_results/trial_011/scenario_warehouse_cross_aisle/rosbag
2026-04-28T14:33:33  [INFO   ]  [T011/SC4/warehouse_cross_aisle] waiting 10s for Gazebo bridge…
2026-04-28T14:33:43  [INFO   ]  [T011/SC4/warehouse_cross_aisle] spawning obstacles…
2026-04-28T14:34:07  [INFO   ]  [T011/SC4/warehouse_cross_aisle] waiting 20s for planner…
2026-04-28T14:34:17  [DEBUG  ]  [T011/SC4/warehouse_cross_aisle] heartbeat — 10s remaining
2026-04-28T14:34:27  [INFO   ]  [T011/SC4/warehouse_cross_aisle] nav started — 3 goal(s), timeout=150s
2026-04-28T14:34:27  [INFO   ]  [T011/SC4/warehouse_cross_aisle] 0.1s/150s  waiting for pose…
2026-04-28T14:34:27  [DEBUG  ]  [T011/SC4/warehouse_cross_aisle] initial_dist set from first pose: 0.73m  pos=(-4.40,1.39)
2026-04-28T14:34:32  [INFO   ]  [T011/SC4/warehouse_cross_aisle] 5.1s/150s  pos=(-4.39,1.03)  dist=1.05m  cmd=(0.80,0.01)  mpc_ok=100%  solve=28.1ms
2026-04-28T14:34:37  [INFO   ]  [T011/SC4/warehouse_cross_aisle] 10.1s/150s  pos=(-4.31,0.79)  dist=1.25m  cmd=(0.80,-0.12)  mpc_ok=100%  solve=46.4ms
2026-04-28T14:34:42  [INFO   ]  [T011/SC4/warehouse_cross_aisle] 15.1s/150s  pos=(-4.48,0.37)  dist=1.70m  cmd=(0.80,0.22)  mpc_ok=100%  solve=29.3ms
2026-04-28T14:34:47  [INFO   ]  [T011/SC4/warehouse_cross_aisle] 20.1s/150s  pos=(-4.28,0.25)  dist=1.77m  cmd=(0.80,0.27)  mpc_ok=100%  solve=18.8ms
2026-04-28T14:34:52  [INFO   ]  [T011/SC4/warehouse_cross_aisle] 25.2s/150s  pos=(-3.90,-0.06)  dist=2.06m  cmd=(0.80,-0.08)  mpc_ok=100%  solve=25.4ms
2026-04-28T14:34:57  [INFO   ]  [T011/SC4/warehouse_cross_aisle] 30.2s/150s  pos=(-4.11,-0.86)  dist=2.86m  cmd=(0.80,0.28)  mpc_ok=100%  solve=25.4ms
2026-04-28T14:35:02  [INFO   ]  [T011/SC4/warehouse_cross_aisle] 35.2s/150s  pos=(-4.03,-1.26)  dist=3.26m  cmd=(0.80,-0.01)  mpc_ok=100%  solve=26.3ms
2026-04-28T14:35:07  [INFO   ]  [T011/SC4/warehouse_cross_aisle] 40.2s/150s  pos=(-4.08,-1.90)  dist=3.90m  cmd=(0.80,0.03)  mpc_ok=100%  solve=20.8ms
2026-04-28T14:35:12  [INFO   ]  [T011/SC4/warehouse_cross_aisle] 45.2s/150s  pos=(-4.11,-2.38)  dist=4.38m  cmd=(0.80,0.19)  mpc_ok=100%  solve=15.9ms
2026-04-28T14:35:17  [INFO   ]  [T011/SC4/warehouse_cross_aisle] 50.3s/150s  pos=(-4.05,-2.87)  dist=4.87m  cmd=(0.80,0.10)  mpc_ok=100%  solve=19.3ms
2026-04-28T14:35:22  [INFO   ]  [T011/SC4/warehouse_cross_aisle] 55.3s/150s  pos=(-4.04,-3.04)  dist=5.04m  cmd=(0.80,0.24)  mpc_ok=100%  solve=52.6ms
2026-04-28T14:35:27  [INFO   ]  [T011/SC4/warehouse_cross_aisle] 60.3s/150s  pos=(-4.26,-3.34)  dist=5.35m  cmd=(0.80,0.14)  mpc_ok=100%  solve=57.0ms
2026-04-28T14:35:32  [INFO   ]  [T011/SC4/warehouse_cross_aisle] 65.3s/150s  pos=(-3.88,-4.02)  dist=6.03m  cmd=(0.80,-0.28)  mpc_ok=100%  solve=27.0ms
2026-04-28T14:35:37  [INFO   ]  [T011/SC4/warehouse_cross_aisle] 70.3s/150s  pos=(-3.78,-4.48)  dist=6.49m  cmd=(0.80,0.18)  mpc_ok=100%  solve=125.7ms
2026-04-28T14:35:42  [INFO   ]  [T011/SC4/warehouse_cross_aisle] 75.3s/150s  pos=(-3.99,-5.08)  dist=7.08m  cmd=(0.80,0.10)  mpc_ok=100%  solve=23.4ms
2026-04-28T14:35:47  [INFO   ]  [T011/SC4/warehouse_cross_aisle] 80.4s/150s  pos=(-4.02,-5.80)  dist=7.80m  cmd=(0.80,-0.07)  mpc_ok=100%  solve=17.0ms
2026-04-28T14:35:52  [INFO   ]  [T011/SC4/warehouse_cross_aisle] 85.4s/150s  pos=(-4.05,-6.53)  dist=8.53m  cmd=(0.80,-0.02)  mpc_ok=100%  solve=35.0ms
2026-04-28T14:35:57  [INFO   ]  [T011/SC4/warehouse_cross_aisle] 90.4s/150s  pos=(-4.03,-7.05)  dist=9.05m  cmd=(0.68,0.01)  mpc_ok=100%  solve=46.2ms
2026-04-28T14:36:02  [INFO   ]  [T011/SC4/warehouse_cross_aisle] 95.4s/150s  pos=(-4.01,-7.68)  dist=9.68m  cmd=(0.29,-0.02)  mpc_ok=100%  solve=35.2ms
2026-04-28T14:36:07  [INFO   ]  [T011/SC4/warehouse_cross_aisle] 100.4s/150s  pos=(-4.02,-7.97)  dist=9.97m  cmd=(0.26,-0.02)  mpc_ok=100%  solve=28.5ms
2026-04-28T14:36:12  [INFO   ]  [T011/SC4/warehouse_cross_aisle] 105.4s/150s  pos=(-4.02,-8.20)  dist=10.20m  cmd=(0.00,0.00)  mpc_ok=100%  solve=66.6ms
2026-04-28T14:36:17  [INFO   ]  [T011/SC4/warehouse_cross_aisle] 110.5s/150s  pos=(-4.17,-7.45)  dist=9.45m  cmd=(-0.17,0.29)  mpc_ok=100%  solve=67.9ms
2026-04-28T14:36:22  [INFO   ]  [T011/SC4/warehouse_cross_aisle] 115.5s/150s  pos=(-4.16,-6.85)  dist=8.85m  cmd=(0.26,0.13)  mpc_ok=100%  solve=45.5ms
2026-04-28T14:36:24  [WARNING]  [T011/SC4/warehouse_cross_aisle] early termination — insufficient progress over 30s (Δ=0.009 < 0.02)
2026-04-28T14:36:24  [INFO   ]  [T011/SC4/warehouse_cross_aisle] nav done — goals 0/3 (0%)  elapsed=117s  failure=early_term: insufficient progress over 30s (Δ=0.009 < 0.02)
2026-04-28T14:36:25  [DEBUG  ]  RosbagRecorder stopped  pid=87206
2026-04-28T14:36:25  [INFO   ]    → sc=warehouse_cross_aisle  goals=0%  score=0.354  weighted=0.0708  running=0.2274  dist=8.13  obs=1.000  scans=831
2026-04-28T14:36:25  [INFO   ]  ── Scenario 5/6: office_traverse  (3 goals)  weight=0.20 ──
2026-04-28T14:36:25  [INFO   ]  [T011/SC5/office_traverse] starting
2026-04-28T14:36:25  [DEBUG  ]  Sending SIGTERM to sim_launch  pgid=85943
2026-04-28T14:36:25  [DEBUG  ]  sim_launch exited cleanly
2026-04-28T14:36:33  [DEBUG  ]    [sim] killed
2026-04-28T14:36:43  [INFO   ]    [sim] launched  pid=87498  world=indoor_office.world
2026-04-28T14:36:43  [DEBUG  ]  RosbagRecorder started  pid=87975  dir=/media/lorenzo/writable/Go2_navigation/tuning_results/trial_011/scenario_office_traverse/rosbag
2026-04-28T14:36:43  [INFO   ]  [T011/SC5/office_traverse] waiting 10s for Gazebo bridge…
2026-04-28T14:36:53  [INFO   ]  [T011/SC5/office_traverse] spawning obstacles…
2026-04-28T14:37:17  [INFO   ]  [T011/SC5/office_traverse] waiting 20s for planner…
2026-04-28T14:37:27  [DEBUG  ]  [T011/SC5/office_traverse] heartbeat — 10s remaining
2026-04-28T14:37:37  [INFO   ]  [T011/SC5/office_traverse] nav started — 3 goal(s), timeout=150s
2026-04-28T14:37:37  [INFO   ]  [T011/SC5/office_traverse] 0.0s/150s  waiting for pose…
2026-04-28T14:37:37  [DEBUG  ]  [T011/SC5/office_traverse] initial_dist set from first pose: 4.26m  pos=(4.08,-4.26)
2026-04-28T14:37:42  [INFO   ]  [T011/SC5/office_traverse] 5.0s/150s  pos=(4.00,-3.26)  dist=3.26m  cmd=(0.80,-0.30)  mpc_ok=100%  solve=49.4ms
2026-04-28T14:37:47  [INFO   ]  [T011/SC5/office_traverse] 10.0s/150s  pos=(3.85,-2.23)  dist=2.23m  cmd=(0.59,-0.30)  mpc_ok=100%  solve=42.0ms
2026-04-28T14:37:52  [INFO   ]  [T011/SC5/office_traverse] 15.1s/150s  pos=(3.57,-0.92)  dist=1.02m  cmd=(0.31,-0.30)  mpc_ok=100%  solve=98.6ms
2026-04-28T14:37:57  [INFO   ]  [T011/SC5/office_traverse] 20.1s/150s  pos=(3.60,-0.54)  dist=0.67m  cmd=(0.11,0.01)  mpc_ok=100%  solve=35.0ms
2026-04-28T14:38:01  [INFO   ]  [T011/SC5/office_traverse] goal 1/3 reached  pos=(3.52,-0.13)  elapsed=23s
2026-04-28T14:38:02  [INFO   ]  [T011/SC5/office_traverse] 1.7s/150s  pos=(3.68,-0.01)  dist=4.48m  cmd=(0.21,-0.22)  mpc_ok=100%  solve=39.5ms
2026-04-28T14:38:07  [INFO   ]  [T011/SC5/office_traverse] 6.7s/150s  pos=(3.78,1.11)  dist=3.74m  cmd=(0.80,-0.12)  mpc_ok=100%  solve=36.8ms
2026-04-28T14:38:12  [INFO   ]  [T011/SC5/office_traverse] 11.7s/150s  pos=(3.40,1.91)  dist=3.76m  cmd=(0.80,-0.00)  mpc_ok=100%  solve=40.6ms
2026-04-28T14:38:17  [INFO   ]  [T011/SC5/office_traverse] 16.8s/150s  pos=(2.57,2.32)  dist=4.48m  cmd=(0.80,-0.10)  mpc_ok=100%  solve=37.8ms
2026-04-28T14:38:22  [INFO   ]  [T011/SC5/office_traverse] 21.8s/150s  pos=(2.32,2.75)  dist=4.68m  cmd=(0.78,-0.21)  mpc_ok=100%  solve=31.4ms
2026-04-28T14:38:27  [INFO   ]  [T011/SC5/office_traverse] 26.8s/150s  pos=(2.87,3.51)  dist=4.16m  cmd=(0.80,0.19)  mpc_ok=100%  solve=160.2ms
2026-04-28T14:38:32  [INFO   ]  [T011/SC5/office_traverse] 31.8s/150s  pos=(2.85,3.91)  dist=4.25m  cmd=(0.57,0.30)  mpc_ok=100%  solve=78.1ms
2026-04-28T14:38:33  [WARNING]  [T011/SC5/office_traverse] early termination — insufficient progress over 30s (Δ=0.018 < 0.02)
2026-04-28T14:38:33  [INFO   ]  [T011/SC5/office_traverse] nav done — goals 1/3 (33%)  elapsed=33s  failure=early_term: insufficient progress over 30s (Δ=0.018 < 0.02)
2026-04-28T14:38:34  [DEBUG  ]  RosbagRecorder stopped  pid=87975
2026-04-28T14:38:34  [INFO   ]    → sc=office_traverse  goals=33%  score=0.452  weighted=0.0904  running=0.3178  dist=6.03  obs=1.000  scans=482
2026-04-28T14:38:34  [INFO   ]  ── Scenario 6/6: office_corridor  (3 goals)  weight=0.15 ──
2026-04-28T14:38:34  [INFO   ]  [T011/SC6/office_corridor] starting
2026-04-28T14:38:34  [INFO   ]    [sim] reusing Gazebo for world=indoor_office.world  — resetting robot pose
2026-04-28T14:38:35  [DEBUG  ]    [sim] reset strategy 'gz service /world/indoor_office/set_pose' returned 255 — trying next
2026-04-28T14:38:35  [INFO   ]    [sim] robot reset via 'ign service /world/indoor_office/set_pose'  pos=(-4.00, -6.00)  heading=1.571
2026-04-28T14:38:38  [DEBUG  ]    [sim] nav-reset 'redirect goal' ok
2026-04-28T14:38:38  [DEBUG  ]    [sim] nav-reset 'clear /a_star/path' ok
2026-04-28T14:38:38  [DEBUG  ]    [sim] nav-reset 'clear /mpc/predicted_path' ok
2026-04-28T14:38:38  [DEBUG  ]    [sim] nav-reset 'clear global costmap' returned 1
2026-04-28T14:38:38  [DEBUG  ]    [sim] nav-reset 'clear local costmap' returned 1
2026-04-28T14:38:38  [INFO   ]    [sim] nav state flushed — planner redirected to (-4.00, 0.00)
2026-04-28T14:38:38  [DEBUG  ]  RosbagRecorder started  pid=88715  dir=/media/lorenzo/writable/Go2_navigation/tuning_results/trial_011/scenario_office_corridor/rosbag
2026-04-28T14:38:38  [INFO   ]  [T011/SC6/office_corridor] waiting 10s for Gazebo bridge…
2026-04-28T14:38:48  [INFO   ]  [T011/SC6/office_corridor] spawning obstacles…
2026-04-28T14:39:12  [INFO   ]  [T011/SC6/office_corridor] waiting 20s for planner…
2026-04-28T14:39:22  [DEBUG  ]  [T011/SC6/office_corridor] heartbeat — 10s remaining
2026-04-28T14:39:32  [INFO   ]  [T011/SC6/office_corridor] nav started — 3 goal(s), timeout=150s
2026-04-28T14:39:32  [INFO   ]  [T011/SC6/office_corridor] 0.0s/150s  waiting for pose…
2026-04-28T14:39:32  [DEBUG  ]  [T011/SC6/office_corridor] initial_dist set from first pose: 3.21m  pos=(-5.03,-3.04)
2026-04-28T14:39:37  [INFO   ]  [T011/SC6/office_corridor] 5.1s/150s  pos=(-5.58,-3.00)  dist=3.39m  cmd=(0.65,0.28)  mpc_ok=100%  solve=46.5ms
2026-04-28T14:39:42  [INFO   ]  [T011/SC6/office_corridor] 10.1s/150s  pos=(-6.18,-2.98)  dist=3.69m  cmd=(0.80,-0.28)  mpc_ok=100%  solve=31.8ms
2026-04-28T14:39:47  [INFO   ]  [T011/SC6/office_corridor] 15.1s/150s  pos=(-6.28,-2.72)  dist=3.55m  cmd=(0.42,-0.29)  mpc_ok=100%  solve=33.7ms
2026-04-28T14:39:52  [INFO   ]  [T011/SC6/office_corridor] 20.2s/150s  pos=(-6.11,-2.47)  dist=3.25m  cmd=(-0.57,-0.30)  mpc_ok=100%  solve=83.0ms
2026-04-28T14:39:57  [INFO   ]  [T011/SC6/office_corridor] 25.2s/150s  pos=(-4.98,-3.02)  dist=3.17m  cmd=(-0.78,-0.28)  mpc_ok=100%  solve=33.0ms
2026-04-28T14:40:02  [INFO   ]  [T011/SC6/office_corridor] 30.2s/150s  pos=(-4.49,-3.73)  dist=3.77m  cmd=(-0.80,0.15)  mpc_ok=100%  solve=35.7ms
2026-04-28T14:40:07  [INFO   ]  [T011/SC6/office_corridor] 35.2s/150s  pos=(-4.65,-4.53)  dist=4.58m  cmd=(0.80,0.10)  mpc_ok=100%  solve=56.9ms
2026-04-28T14:40:12  [INFO   ]  [T011/SC6/office_corridor] 40.3s/150s  pos=(-4.74,-3.77)  dist=3.84m  cmd=(0.80,-0.04)  mpc_ok=100%  solve=29.9ms
2026-04-28T14:40:15  [WARNING]  [T011/SC6/office_corridor] early termination — insufficient progress over 30s (Δ=0.002 < 0.02)
2026-04-28T14:40:15  [INFO   ]  [T011/SC6/office_corridor] nav done — goals 0/3 (0%)  elapsed=43s  failure=early_term: insufficient progress over 30s (Δ=0.002 < 0.02)
2026-04-28T14:40:16  [DEBUG  ]  RosbagRecorder stopped  pid=88715
2026-04-28T14:40:16  [INFO   ]    → sc=office_corridor  goals=0%  score=0.324  weighted=0.0486  running=0.3664  dist=11.11  obs=0.953  scans=332
2026-04-28T14:40:16  [DEBUG  ]  Sending SIGTERM to sim_launch  pgid=87498
2026-04-28T14:40:16  [DEBUG  ]  sim_launch exited cleanly
2026-04-28T14:40:24  [DEBUG  ]    [sim] killed
2026-04-28T14:40:24  [INFO   ]  [GP] fitting on 11 observations…
2026-04-28T14:40:24  [INFO   ]  [GP] active  noise=0.1060  gp_mean=0.3800±0.0165  top5=mpc_Q_terminal=0.975  mpc_Q_x=0.005  mpc_Q_y=0.005  mpc_Q_yaw=0.005  mpc_W_obs_sigmoid=0.005
2026-04-28T14:40:24  [DEBUG  ]  [GP] model checkpoint saved  /media/lorenzo/writable/Go2_navigation/tuning_results/trial_011/gp_data/gp_model.joblib
2026-04-28T14:40:24  [DEBUG  ]  [GP] checkpoint written  /media/lorenzo/writable/Go2_navigation/tuning_results/trial_011/gp_data
2026-04-28T14:40:25  [DEBUG  ]  [plot] gp_marginals saved  /media/lorenzo/writable/Go2_navigation/tuning_results/gp_marginals.png
2026-04-28T14:40:25  [DEBUG  ]  [plot] gp_fitted_vs_actual saved  /media/lorenzo/writable/Go2_navigation/tuning_results/gp_fitted_vs_actual.png
2026-04-28T14:40:25  [DEBUG  ]  [disk] removed bag  /media/lorenzo/writable/Go2_navigation/tuning_results/trial_006/scenario_open_zigzag/rosbag
2026-04-28T14:40:25  [DEBUG  ]  [disk] removed bag  /media/lorenzo/writable/Go2_navigation/tuning_results/trial_006/scenario_office_corridor/rosbag
2026-04-28T14:40:25  [DEBUG  ]  [disk] removed bag  /media/lorenzo/writable/Go2_navigation/tuning_results/trial_006/scenario_warehouse_loop/rosbag
2026-04-28T14:40:25  [DEBUG  ]  [disk] removed bag  /media/lorenzo/writable/Go2_navigation/tuning_results/trial_006/scenario_office_traverse/rosbag
2026-04-28T14:40:25  [DEBUG  ]  [disk] removed bag  /media/lorenzo/writable/Go2_navigation/tuning_results/trial_006/scenario_warehouse_cross_aisle/rosbag
2026-04-28T14:40:25  [DEBUG  ]  [disk] removed bag  /media/lorenzo/writable/Go2_navigation/tuning_results/trial_006/scenario_open_square/rosbag
2026-04-28T14:40:25  [INFO   ]  [trial 011/50]  aggregate=0.3664  best=0.3830(t006)  elapsed=13.5min  GP=active(n=11)
2026-04-28T14:40:25  [INFO   ]  ============================================================
2026-04-28T14:40:25  [INFO   ]  Trial 012/50  [TPE-GUIDED]  2026-04-28T14:40:25  ETA ~177min
2026-04-28T14:40:25  [INFO   ]  Params: {'grid_std': '0.161', 'mpc_Q_terminal': '114.686', 'mpc_Q_x': '205.753', 'mpc_Q_y': '179.310', 'mpc_Q_yaw': '1.540', 'mpc_W_obs_sigmoid': '226.016'}
2026-04-28T14:40:25  [INFO   ]  ============================================================
2026-04-28T14:40:25  [INFO   ]  ── Scenario 1/6: open_square  (3 goals)  weight=0.10 ──
2026-04-28T14:40:25  [INFO   ]  [T012/SC1/open_square] starting
2026-04-28T14:40:36  [INFO   ]    [sim] launched  pid=89026  world=default.sdf
2026-04-28T14:40:36  [DEBUG  ]  RosbagRecorder started  pid=89504  dir=/media/lorenzo/writable/Go2_navigation/tuning_results/trial_012/scenario_open_square/rosbag
2026-04-28T14:40:36  [INFO   ]  [T012/SC1/open_square] waiting 10s for Gazebo bridge…
2026-04-28T14:40:46  [INFO   ]  [T012/SC1/open_square] spawning obstacles…
2026-04-28T14:41:10  [INFO   ]  [T012/SC1/open_square] waiting 20s for planner…
2026-04-28T14:41:20  [DEBUG  ]  [T012/SC1/open_square] heartbeat — 10s remaining
2026-04-28T14:41:30  [INFO   ]  [T012/SC1/open_square] nav started — 3 goal(s), timeout=300s
2026-04-28T14:41:30  [INFO   ]  [T012/SC1/open_square] 0.0s/300s  waiting for pose…
2026-04-28T14:41:30  [DEBUG  ]  [T012/SC1/open_square] initial_dist set from first pose: 5.69m  pos=(1.33,-0.39)
2026-04-28T14:41:35  [INFO   ]  [T012/SC1/open_square] 5.0s/300s  pos=(1.43,0.08)  dist=5.57m  cmd=(0.80,-0.26)  mpc_ok=100%  solve=29.3ms
2026-04-28T14:41:40  [INFO   ]  [T012/SC1/open_square] 10.1s/300s  pos=(2.12,-0.05)  dist=4.88m  cmd=(0.80,0.26)  mpc_ok=100%  solve=45.1ms
2026-04-28T14:41:45  [INFO   ]  [T012/SC1/open_square] 15.1s/300s  pos=(2.38,0.30)  dist=4.63m  cmd=(0.71,-0.21)  mpc_ok=100%  solve=40.0ms
2026-04-28T14:41:50  [INFO   ]  [T012/SC1/open_square] 20.1s/300s  pos=(2.51,-0.05)  dist=4.49m  cmd=(0.80,-0.30)  mpc_ok=100%  solve=35.4ms
2026-04-28T14:41:55  [INFO   ]  [T012/SC1/open_square] 25.2s/300s  pos=(2.43,-0.59)  dist=4.61m  cmd=(0.80,0.21)  mpc_ok=100%  solve=43.7ms
2026-04-28T14:42:00  [INFO   ]  [T012/SC1/open_square] 30.2s/300s  pos=(2.73,-0.37)  dist=4.28m  cmd=(0.68,-0.19)  mpc_ok=100%  solve=36.6ms
2026-04-28T14:42:05  [INFO   ]  [T012/SC1/open_square] 35.2s/300s  pos=(2.84,-0.33)  dist=4.17m  cmd=(0.41,-0.30)  mpc_ok=100%  solve=41.0ms
2026-04-28T14:42:10  [INFO   ]  [T012/SC1/open_square] 40.2s/300s  pos=(3.02,-0.67)  dist=4.04m  cmd=(0.80,-0.30)  mpc_ok=100%  solve=53.5ms
2026-04-28T14:42:15  [INFO   ]  [T012/SC1/open_square] 45.3s/300s  pos=(3.23,-1.02)  dist=3.91m  cmd=(0.80,-0.30)  mpc_ok=100%  solve=30.4ms
2026-04-28T14:42:20  [INFO   ]  [T012/SC1/open_square] 50.3s/300s  pos=(3.61,-1.47)  dist=3.70m  cmd=(0.80,-0.30)  mpc_ok=100%  solve=65.2ms
2026-04-28T14:42:25  [INFO   ]  [T012/SC1/open_square] 55.3s/300s  pos=(3.65,-1.82)  dist=3.81m  cmd=(0.80,0.06)  mpc_ok=100%  solve=31.0ms
2026-04-28T14:42:30  [INFO   ]  [T012/SC1/open_square] 60.3s/300s  pos=(3.76,-1.93)  dist=3.77m  cmd=(0.80,0.30)  mpc_ok=100%  solve=55.7ms
2026-04-28T14:42:35  [INFO   ]  [T012/SC1/open_square] 65.3s/300s  pos=(4.07,-1.45)  dist=3.27m  cmd=(0.80,-0.30)  mpc_ok=100%  solve=128.6ms
2026-04-28T14:42:40  [INFO   ]  [T012/SC1/open_square] 70.4s/300s  pos=(4.33,-1.80)  dist=3.22m  cmd=(0.80,0.09)  mpc_ok=100%  solve=53.7ms
2026-04-28T14:42:45  [INFO   ]  [T012/SC1/open_square] 75.4s/300s  pos=(4.57,-1.62)  dist=2.91m  cmd=(0.80,-0.07)  mpc_ok=100%  solve=71.9ms
2026-04-28T14:42:50  [INFO   ]  [T012/SC1/open_square] 80.4s/300s  pos=(5.03,-1.65)  dist=2.57m  cmd=(0.80,-0.30)  mpc_ok=100%  solve=37.6ms
2026-04-28T14:42:55  [INFO   ]  [T012/SC1/open_square] 85.4s/300s  pos=(5.75,-1.89)  dist=2.27m  cmd=(0.80,0.19)  mpc_ok=100%  solve=54.6ms
2026-04-28T14:43:00  [INFO   ]  [T012/SC1/open_square] 90.4s/300s  pos=(5.79,-1.36)  dist=1.82m  cmd=(0.80,-0.02)  mpc_ok=100%  solve=27.0ms
2026-04-28T14:43:05  [INFO   ]  [T012/SC1/open_square] 95.4s/300s  pos=(5.88,-1.23)  dist=1.66m  cmd=(0.78,-0.27)  mpc_ok=100%  solve=50.2ms
2026-04-28T14:43:10  [INFO   ]  [T012/SC1/open_square] 100.5s/300s  pos=(6.17,-1.20)  dist=1.46m  cmd=(0.80,0.15)  mpc_ok=100%  solve=53.4ms
2026-04-28T14:43:15  [INFO   ]  [T012/SC1/open_square] 105.5s/300s  pos=(6.35,-0.79)  dist=1.02m  cmd=(0.49,-0.23)  mpc_ok=100%  solve=53.9ms
2026-04-28T14:43:20  [INFO   ]  [T012/SC1/open_square] 110.5s/300s  pos=(6.70,-0.70)  dist=0.76m  cmd=(0.30,0.30)  mpc_ok=100%  solve=37.3ms
2026-04-28T14:43:23  [INFO   ]  [T012/SC1/open_square] goal 1/3 reached  pos=(6.56,-0.21)  elapsed=113s
2026-04-28T14:43:25  [INFO   ]  [T012/SC1/open_square] 2.1s/300s  pos=(6.89,-0.18)  dist=6.18m  cmd=(0.68,0.29)  mpc_ok=100%  solve=49.7ms
2026-04-28T14:43:30  [INFO   ]  [T012/SC1/open_square] 7.1s/300s  pos=(6.61,0.32)  dist=5.69m  cmd=(0.80,-0.23)  mpc_ok=100%  solve=31.2ms
2026-04-28T14:43:35  [INFO   ]  [T012/SC1/open_square] 12.1s/300s  pos=(6.97,0.75)  dist=5.25m  cmd=(0.80,0.13)  mpc_ok=100%  solve=28.5ms
2026-04-28T14:43:40  [INFO   ]  [T012/SC1/open_square] 17.1s/300s  pos=(6.93,0.97)  dist=5.03m  cmd=(0.80,0.13)  mpc_ok=100%  solve=37.5ms
2026-04-28T14:43:45  [INFO   ]  [T012/SC1/open_square] 22.1s/300s  pos=(6.79,1.19)  dist=4.81m  cmd=(0.80,-0.11)  mpc_ok=100%  solve=47.3ms
2026-04-28T14:43:50  [INFO   ]  [T012/SC1/open_square] 27.1s/300s  pos=(7.08,1.59)  dist=4.41m  cmd=(0.80,0.24)  mpc_ok=100%  solve=31.9ms
2026-04-28T14:43:55  [INFO   ]  [T012/SC1/open_square] 32.2s/300s  pos=(6.63,2.08)  dist=3.94m  cmd=(0.80,-0.30)  mpc_ok=100%  solve=45.2ms
2026-04-28T14:44:00  [INFO   ]  [T012/SC1/open_square] 37.2s/300s  pos=(6.89,2.64)  dist=3.36m  cmd=(0.80,0.29)  mpc_ok=100%  solve=35.1ms
2026-04-28T14:44:05  [INFO   ]  [T012/SC1/open_square] 42.2s/300s  pos=(6.81,3.07)  dist=2.93m  cmd=(0.80,-0.12)  mpc_ok=100%  solve=24.2ms
2026-04-28T14:44:10  [INFO   ]  [T012/SC1/open_square] 47.2s/300s  pos=(6.90,3.25)  dist=2.75m  cmd=(0.80,0.16)  mpc_ok=100%  solve=22.9ms
2026-04-28T14:44:15  [INFO   ]  [T012/SC1/open_square] 52.2s/300s  pos=(6.91,3.59)  dist=2.41m  cmd=(0.80,-0.06)  mpc_ok=100%  solve=33.2ms
2026-04-28T14:44:20  [INFO   ]  [T012/SC1/open_square] 57.3s/300s  pos=(6.89,4.62)  dist=1.39m  cmd=(0.70,-0.01)  mpc_ok=100%  solve=32.5ms
2026-04-28T14:44:25  [INFO   ]  [T012/SC1/open_square] goal 2/3 reached  pos=(6.90,5.52)  elapsed=62s
2026-04-28T14:44:25  [INFO   ]  [T012/SC1/open_square] 0.6s/300s  pos=(6.89,5.59)  dist=7.04m  cmd=(0.26,0.01)  mpc_ok=100%  solve=141.6ms
2026-04-28T14:44:30  [INFO   ]  [T012/SC1/open_square] 5.6s/300s  pos=(6.81,5.70)  dist=6.93m  cmd=(0.51,0.30)  mpc_ok=100%  solve=65.3ms
2026-04-28T14:44:35  [INFO   ]  [T012/SC1/open_square] 10.6s/300s  pos=(6.53,6.10)  dist=6.59m  cmd=(-0.09,0.30)  mpc_ok=100%  solve=59.6ms
2026-04-28T14:44:40  [INFO   ]  [T012/SC1/open_square] 15.6s/300s  pos=(5.92,6.16)  dist=5.98m  cmd=(-0.56,0.30)  mpc_ok=100%  solve=210.8ms
2026-04-28T14:44:45  [INFO   ]  [T012/SC1/open_square] 20.6s/300s  pos=(5.37,5.90)  dist=5.48m  cmd=(-0.04,0.30)  mpc_ok=100%  solve=37.5ms
2026-04-28T14:44:50  [INFO   ]  [T012/SC1/open_square] 25.6s/300s  pos=(4.75,6.03)  dist=4.85m  cmd=(-0.75,0.30)  mpc_ok=100%  solve=39.7ms
2026-04-28T14:44:55  [INFO   ]  [T012/SC1/open_square] 30.6s/300s  pos=(4.32,5.50)  dist=4.57m  cmd=(0.46,0.30)  mpc_ok=100%  solve=45.2ms
2026-04-28T14:45:00  [INFO   ]  [T012/SC1/open_square] 35.6s/300s  pos=(3.62,5.51)  dist=3.91m  cmd=(0.80,0.27)  mpc_ok=100%  solve=50.5ms
2026-04-28T14:45:05  [INFO   ]  [T012/SC1/open_square] 40.6s/300s  pos=(3.21,6.00)  dist=3.36m  cmd=(0.31,0.30)  mpc_ok=100%  solve=57.5ms
2026-04-28T14:45:10  [INFO   ]  [T012/SC1/open_square] 45.6s/300s  pos=(2.61,6.39)  dist=2.68m  cmd=(0.73,0.30)  mpc_ok=100%  solve=43.4ms
2026-04-28T14:45:15  [INFO   ]  [T012/SC1/open_square] 50.7s/300s  pos=(2.00,6.60)  dist=2.04m  cmd=(0.42,0.30)  mpc_ok=100%  solve=60.9ms
2026-04-28T14:45:18  [WARNING]  [T012/SC1/open_square] early termination — MPC success rate 65% < 70%
2026-04-28T14:45:18  [INFO   ]  [T012/SC1/open_square] nav done — goals 2/3 (67%)  elapsed=53s  failure=early_term: MPC success rate 65% < 70%
2026-04-28T14:45:20  [DEBUG  ]  RosbagRecorder stopped  pid=89504
2026-04-28T14:45:20  [INFO   ]    → sc=open_square  goals=67%  score=0.500  weighted=0.0500  running=0.0500  dist=1.71  obs=0.992  scans=830
2026-04-28T14:45:20  [INFO   ]  ── Scenario 2/6: open_zigzag  (3 goals)  weight=0.10 ──
2026-04-28T14:45:20  [INFO   ]  [T012/SC2/open_zigzag] starting
2026-04-28T14:45:20  [INFO   ]    [sim] reusing Gazebo for world=default.sdf  — resetting robot pose
2026-04-28T14:45:20  [DEBUG  ]    [sim] reset strategy 'gz service /world/default/set_pose' returned 255 — trying next
2026-04-28T14:45:20  [INFO   ]    [sim] robot reset via 'ign service /world/default/set_pose'  pos=(0.00, 0.00)  heading=0.000
2026-04-28T14:45:23  [DEBUG  ]    [sim] nav-reset 'redirect goal' ok
2026-04-28T14:45:23  [DEBUG  ]    [sim] nav-reset 'clear /a_star/path' ok
2026-04-28T14:45:23  [DEBUG  ]    [sim] nav-reset 'clear /mpc/predicted_path' ok
2026-04-28T14:45:23  [DEBUG  ]    [sim] nav-reset 'clear global costmap' returned 1
2026-04-28T14:45:23  [DEBUG  ]    [sim] nav-reset 'clear local costmap' returned 1
2026-04-28T14:45:23  [INFO   ]    [sim] nav state flushed — planner redirected to (-6.00, 3.00)
2026-04-28T14:45:23  [DEBUG  ]  RosbagRecorder started  pid=90245  dir=/media/lorenzo/writable/Go2_navigation/tuning_results/trial_012/scenario_open_zigzag/rosbag
2026-04-28T14:45:23  [INFO   ]  [T012/SC2/open_zigzag] waiting 10s for Gazebo bridge…
2026-04-28T14:45:33  [INFO   ]  [T012/SC2/open_zigzag] spawning obstacles…
2026-04-28T14:45:58  [INFO   ]  [T012/SC2/open_zigzag] waiting 20s for planner…
2026-04-28T14:46:08  [DEBUG  ]  [T012/SC2/open_zigzag] heartbeat — 10s remaining
2026-04-28T14:46:18  [INFO   ]  [T012/SC2/open_zigzag] nav started — 3 goal(s), timeout=300s
2026-04-28T14:46:18  [INFO   ]  [T012/SC2/open_zigzag] 0.1s/300s  waiting for pose…
2026-04-28T14:46:18  [DEBUG  ]  [T012/SC2/open_zigzag] initial_dist set from first pose: 2.46m  pos=(-3.95,1.64)
2026-04-28T14:46:23  [INFO   ]  [T012/SC2/open_zigzag] 5.1s/300s  pos=(-4.60,1.55)  dist=2.01m  cmd=(0.80,-0.18)  mpc_ok=0%  solve=3.4ms
2026-04-28T14:46:28  [INFO   ]  [T012/SC2/open_zigzag] 10.1s/300s  pos=(-4.94,2.33)  dist=1.26m  cmd=(0.76,-0.25)  mpc_ok=0%  solve=4.0ms
2026-04-28T14:46:33  [INFO   ]  [T012/SC2/open_zigzag] 15.1s/300s  pos=(-5.00,2.59)  dist=1.08m  cmd=(0.66,0.25)  mpc_ok=0%  solve=4.6ms
2026-04-28T14:46:38  [INFO   ]  [T012/SC2/open_zigzag] 20.1s/300s  pos=(-5.41,2.47)  dist=0.79m  cmd=(0.43,0.16)  mpc_ok=0%  solve=4.5ms
2026-04-28T14:46:43  [INFO   ]  [T012/SC2/open_zigzag] 25.2s/300s  pos=(-5.81,2.49)  dist=0.54m  cmd=(0.09,-0.26)  mpc_ok=0%  solve=4.8ms
2026-04-28T14:46:44  [INFO   ]  [T012/SC2/open_zigzag] goal 1/3 reached  pos=(-5.71,2.60)  elapsed=27s
2026-04-28T14:46:48  [INFO   ]  [T012/SC2/open_zigzag] 3.6s/300s  pos=(-5.88,2.86)  dist=12.29m  cmd=(-0.32,0.12)  mpc_ok=0%  solve=5.0ms
2026-04-28T14:46:53  [INFO   ]  [T012/SC2/open_zigzag] 8.6s/300s  pos=(-5.74,2.45)  dist=12.26m  cmd=(0.40,0.09)  mpc_ok=0%  solve=3.8ms
2026-04-28T14:46:58  [INFO   ]  [T012/SC2/open_zigzag] 13.6s/300s  pos=(-6.04,2.63)  dist=12.50m  cmd=(0.30,0.00)  mpc_ok=0%  solve=4.5ms
2026-04-28T14:47:03  [INFO   ]  [T012/SC2/open_zigzag] 18.6s/300s  pos=(-6.14,2.83)  dist=12.54m  cmd=(0.00,-0.00)  mpc_ok=0%  solve=3.6ms
2026-04-28T14:47:08  [INFO   ]  [T012/SC2/open_zigzag] 23.6s/300s  pos=(-6.08,2.76)  dist=12.51m  cmd=(0.00,-0.00)  mpc_ok=0%  solve=5.2ms
2026-04-28T14:47:13  [INFO   ]  [T012/SC2/open_zigzag] 28.6s/300s  pos=(-6.08,2.76)  dist=12.51m  cmd=(0.00,-0.00)  mpc_ok=0%  solve=4.9ms
2026-04-28T14:47:14  [WARNING]  [T012/SC2/open_zigzag] early termination — MPC success rate 0% < 70%
2026-04-28T14:47:14  [INFO   ]  [T012/SC2/open_zigzag] nav done — goals 1/3 (33%)  elapsed=30s  failure=early_term: MPC success rate 0% < 70%
2026-04-28T14:47:15  [DEBUG  ]  RosbagRecorder stopped  pid=90245
2026-04-28T14:47:15  [INFO   ]    → sc=open_zigzag  goals=33%  score=0.339  weighted=0.0339  running=0.0838  dist=6.24  obs=1.000  scans=80
2026-04-28T14:47:15  [INFO   ]  ── Scenario 3/6: warehouse_loop  (4 goals)  weight=0.25 ──
2026-04-28T14:47:15  [INFO   ]  [T012/SC3/warehouse_loop] starting
2026-04-28T14:47:15  [DEBUG  ]  Sending SIGTERM to sim_launch  pgid=89026
2026-04-28T14:47:15  [DEBUG  ]  sim_launch exited cleanly
2026-04-28T14:47:23  [DEBUG  ]    [sim] killed
2026-04-28T14:47:34  [INFO   ]    [sim] launched  pid=90531  world=warehouse.world
2026-04-28T14:47:34  [DEBUG  ]  RosbagRecorder started  pid=91008  dir=/media/lorenzo/writable/Go2_navigation/tuning_results/trial_012/scenario_warehouse_loop/rosbag
2026-04-28T14:47:34  [INFO   ]  [T012/SC3/warehouse_loop] waiting 10s for Gazebo bridge…
2026-04-28T14:47:44  [INFO   ]  [T012/SC3/warehouse_loop] spawning obstacles…
2026-04-28T14:48:14  [INFO   ]  [T012/SC3/warehouse_loop] waiting 20s for planner…
2026-04-28T14:48:24  [DEBUG  ]  [T012/SC3/warehouse_loop] heartbeat — 10s remaining
2026-04-28T14:48:34  [INFO   ]  [T012/SC3/warehouse_loop] nav started — 4 goal(s), timeout=180s
2026-04-28T14:48:34  [INFO   ]  [T012/SC3/warehouse_loop] 0.0s/180s  waiting for pose…
2026-04-28T14:48:34  [DEBUG  ]  [T012/SC3/warehouse_loop] initial_dist set from first pose: 17.62m  pos=(-5.62,-8.21)
2026-04-28T14:48:39  [INFO   ]  [T012/SC3/warehouse_loop] 5.1s/180s  pos=(-5.12,-8.24)  dist=17.12m  cmd=(0.68,-0.09)  mpc_ok=100%  solve=36.1ms
2026-04-28T14:48:44  [INFO   ]  [T012/SC3/warehouse_loop] 10.1s/180s  pos=(-4.38,-8.29)  dist=16.39m  cmd=(0.44,-0.02)  mpc_ok=100%  solve=34.7ms
2026-04-28T14:48:49  [INFO   ]  [T012/SC3/warehouse_loop] 15.1s/180s  pos=(-3.72,-8.28)  dist=15.72m  cmd=(0.32,0.02)  mpc_ok=100%  solve=29.8ms
2026-04-28T14:48:54  [INFO   ]  [T012/SC3/warehouse_loop] 20.1s/180s  pos=(-3.38,-8.29)  dist=15.38m  cmd=(0.00,0.00)  mpc_ok=100%  solve=40.2ms
2026-04-28T14:48:59  [INFO   ]  [T012/SC3/warehouse_loop] 25.1s/180s  pos=(-3.55,-8.29)  dist=15.55m  cmd=(-0.01,0.00)  mpc_ok=100%  solve=41.5ms
2026-04-28T14:49:04  [INFO   ]  [T012/SC3/warehouse_loop] 30.2s/180s  pos=(-3.70,-8.34)  dist=15.70m  cmd=(0.02,-0.18)  mpc_ok=100%  solve=62.5ms
2026-04-28T14:49:09  [INFO   ]  [T012/SC3/warehouse_loop] 35.2s/180s  pos=(-3.93,-8.38)  dist=15.94m  cmd=(0.28,0.05)  mpc_ok=100%  solve=44.1ms
2026-04-28T14:49:14  [INFO   ]  [T012/SC3/warehouse_loop] 40.2s/180s  pos=(-3.95,-8.36)  dist=15.95m  cmd=(0.12,0.01)  mpc_ok=100%  solve=51.3ms
2026-04-28T14:49:16  [WARNING]  [T012/SC3/warehouse_loop] early termination — insufficient progress over 30s (Δ=0.020 < 0.02)
2026-04-28T14:49:16  [INFO   ]  [T012/SC3/warehouse_loop] nav done — goals 0/4 (0%)  elapsed=42s  failure=early_term: insufficient progress over 30s (Δ=0.020 < 0.02)
2026-04-28T14:49:17  [DEBUG  ]  RosbagRecorder stopped  pid=91008
2026-04-28T14:49:17  [INFO   ]    → sc=warehouse_loop  goals=0%  score=0.330  weighted=0.0825  running=0.1663  dist=18.26  obs=1.000  scans=302
2026-04-28T14:49:17  [INFO   ]  ── Scenario 4/6: warehouse_cross_aisle  (3 goals)  weight=0.20 ──
2026-04-28T14:49:17  [INFO   ]  [T012/SC4/warehouse_cross_aisle] starting
2026-04-28T14:49:17  [INFO   ]    [sim] reusing Gazebo for world=warehouse.world  — resetting robot pose
2026-04-28T14:49:17  [DEBUG  ]    [sim] reset strategy 'gz service /world/warehouse/set_pose' returned 255 — trying next
2026-04-28T14:49:17  [INFO   ]    [sim] robot reset via 'ign service /world/warehouse/set_pose'  pos=(-4.00, 8.00)  heading=-1.571
2026-04-28T14:49:20  [DEBUG  ]    [sim] nav-reset 'redirect goal' ok
2026-04-28T14:49:20  [DEBUG  ]    [sim] nav-reset 'clear /a_star/path' ok
2026-04-28T14:49:20  [DEBUG  ]    [sim] nav-reset 'clear /mpc/predicted_path' ok
2026-04-28T14:49:20  [DEBUG  ]    [sim] nav-reset 'clear global costmap' returned 1
2026-04-28T14:49:20  [DEBUG  ]    [sim] nav-reset 'clear local costmap' returned 1
2026-04-28T14:49:20  [INFO   ]    [sim] nav state flushed — planner redirected to (-4.00, 2.00)
2026-04-28T14:49:20  [DEBUG  ]  RosbagRecorder started  pid=91794  dir=/media/lorenzo/writable/Go2_navigation/tuning_results/trial_012/scenario_warehouse_cross_aisle/rosbag
2026-04-28T14:49:20  [INFO   ]  [T012/SC4/warehouse_cross_aisle] waiting 10s for Gazebo bridge…
2026-04-28T14:49:30  [INFO   ]  [T012/SC4/warehouse_cross_aisle] spawning obstacles…
2026-04-28T14:49:55  [INFO   ]  [T012/SC4/warehouse_cross_aisle] waiting 20s for planner…
2026-04-28T14:50:05  [DEBUG  ]  [T012/SC4/warehouse_cross_aisle] heartbeat — 10s remaining
2026-04-28T14:50:15  [INFO   ]  [T012/SC4/warehouse_cross_aisle] nav started — 3 goal(s), timeout=150s
2026-04-28T14:50:15  [INFO   ]  [T012/SC4/warehouse_cross_aisle] 0.0s/150s  waiting for pose…
2026-04-28T14:50:15  [DEBUG  ]  [T012/SC4/warehouse_cross_aisle] initial_dist set from first pose: 0.66m  pos=(-4.39,1.47)
2026-04-28T14:50:20  [INFO   ]  [T012/SC4/warehouse_cross_aisle] 5.1s/150s  pos=(-4.37,0.68)  dist=1.37m  cmd=(0.80,0.01)  mpc_ok=100%  solve=18.9ms
2026-04-28T14:50:25  [INFO   ]  [T012/SC4/warehouse_cross_aisle] 10.1s/150s  pos=(-4.36,-0.15)  dist=2.18m  cmd=(0.80,-0.02)  mpc_ok=100%  solve=25.7ms
2026-04-28T14:50:30  [INFO   ]  [T012/SC4/warehouse_cross_aisle] 15.1s/150s  pos=(-4.34,-1.05)  dist=3.07m  cmd=(0.80,0.02)  mpc_ok=100%  solve=29.0ms
2026-04-28T14:50:35  [INFO   ]  [T012/SC4/warehouse_cross_aisle] 20.1s/150s  pos=(-4.30,-1.87)  dist=3.88m  cmd=(0.80,-0.06)  mpc_ok=100%  solve=22.8ms
2026-04-28T14:50:40  [INFO   ]  [T012/SC4/warehouse_cross_aisle] 25.1s/150s  pos=(-4.32,-2.67)  dist=4.69m  cmd=(0.80,0.01)  mpc_ok=100%  solve=49.2ms
2026-04-28T14:50:45  [INFO   ]  [T012/SC4/warehouse_cross_aisle] 30.2s/150s  pos=(-4.10,-3.49)  dist=5.49m  cmd=(0.80,0.02)  mpc_ok=100%  solve=57.1ms
2026-04-28T14:50:50  [INFO   ]  [T012/SC4/warehouse_cross_aisle] 35.2s/150s  pos=(-4.05,-4.11)  dist=6.11m  cmd=(0.80,-0.17)  mpc_ok=100%  solve=35.0ms
2026-04-28T14:50:55  [INFO   ]  [T012/SC4/warehouse_cross_aisle] 40.2s/150s  pos=(-3.91,-4.85)  dist=6.85m  cmd=(0.68,-0.11)  mpc_ok=100%  solve=39.1ms
2026-04-28T14:51:00  [INFO   ]  [T012/SC4/warehouse_cross_aisle] 45.2s/150s  pos=(-4.03,-5.68)  dist=7.68m  cmd=(0.32,-0.01)  mpc_ok=100%  solve=32.4ms
2026-04-28T14:51:05  [INFO   ]  [T012/SC4/warehouse_cross_aisle] 50.2s/150s  pos=(-4.00,-6.17)  dist=8.17m  cmd=(0.27,0.01)  mpc_ok=100%  solve=31.2ms
2026-04-28T14:51:10  [INFO   ]  [T012/SC4/warehouse_cross_aisle] 55.3s/150s  pos=(-3.98,-6.72)  dist=8.72m  cmd=(0.03,0.00)  mpc_ok=100%  solve=53.8ms
2026-04-28T14:51:15  [INFO   ]  [T012/SC4/warehouse_cross_aisle] 60.3s/150s  pos=(-3.99,-7.16)  dist=9.16m  cmd=(0.37,-0.03)  mpc_ok=100%  solve=44.1ms
2026-04-28T14:51:20  [INFO   ]  [T012/SC4/warehouse_cross_aisle] 65.3s/150s  pos=(-4.01,-7.63)  dist=9.63m  cmd=(0.28,0.05)  mpc_ok=100%  solve=41.5ms
2026-04-28T14:51:25  [INFO   ]  [T012/SC4/warehouse_cross_aisle] 70.3s/150s  pos=(-3.95,-7.93)  dist=9.93m  cmd=(0.07,-0.02)  mpc_ok=100%  solve=25.3ms
2026-04-28T14:51:30  [INFO   ]  [T012/SC4/warehouse_cross_aisle] 75.4s/150s  pos=(-3.83,-8.13)  dist=10.13m  cmd=(0.00,-0.00)  mpc_ok=100%  solve=45.3ms
2026-04-28T14:51:35  [INFO   ]  [T012/SC4/warehouse_cross_aisle] 80.4s/150s  pos=(-4.08,-7.51)  dist=9.51m  cmd=(0.17,0.30)  mpc_ok=100%  solve=69.9ms
2026-04-28T14:51:40  [INFO   ]  [T012/SC4/warehouse_cross_aisle] 85.4s/150s  pos=(-3.97,-6.75)  dist=8.75m  cmd=(0.48,0.03)  mpc_ok=100%  solve=62.7ms
2026-04-28T14:51:40  [WARNING]  [T012/SC4/warehouse_cross_aisle] early termination — insufficient progress over 30s (Δ=0.005 < 0.02)
2026-04-28T14:51:40  [INFO   ]  [T012/SC4/warehouse_cross_aisle] nav done — goals 0/3 (0%)  elapsed=85s  failure=early_term: insufficient progress over 30s (Δ=0.005 < 0.02)
2026-04-28T14:51:41  [DEBUG  ]  RosbagRecorder stopped  pid=91794
2026-04-28T14:51:41  [INFO   ]    → sc=warehouse_cross_aisle  goals=0%  score=0.373  weighted=0.0746  running=0.2409  dist=8.08  obs=1.000  scans=701
2026-04-28T14:51:41  [INFO   ]  ── Scenario 5/6: office_traverse  (3 goals)  weight=0.20 ──
2026-04-28T14:51:41  [INFO   ]  [T012/SC5/office_traverse] starting
2026-04-28T14:51:41  [DEBUG  ]  Sending SIGTERM to sim_launch  pgid=90531
2026-04-28T14:51:41  [DEBUG  ]  sim_launch exited cleanly
2026-04-28T14:51:49  [DEBUG  ]    [sim] killed
2026-04-28T14:52:00  [INFO   ]    [sim] launched  pid=92086  world=indoor_office.world
2026-04-28T14:52:00  [DEBUG  ]  RosbagRecorder started  pid=92563  dir=/media/lorenzo/writable/Go2_navigation/tuning_results/trial_012/scenario_office_traverse/rosbag
2026-04-28T14:52:00  [INFO   ]  [T012/SC5/office_traverse] waiting 10s for Gazebo bridge…
2026-04-28T14:52:10  [INFO   ]  [T012/SC5/office_traverse] spawning obstacles…
2026-04-28T14:52:33  [INFO   ]  [T012/SC5/office_traverse] waiting 20s for planner…
2026-04-28T14:52:43  [DEBUG  ]  [T012/SC5/office_traverse] heartbeat — 10s remaining
2026-04-28T14:52:53  [INFO   ]  [T012/SC5/office_traverse] nav started — 3 goal(s), timeout=150s
2026-04-28T14:52:53  [INFO   ]  [T012/SC5/office_traverse] 0.0s/150s  waiting for pose…
2026-04-28T14:52:53  [DEBUG  ]  [T012/SC5/office_traverse] initial_dist set from first pose: 5.45m  pos=(2.73,-5.30)
2026-04-28T14:52:58  [INFO   ]  [T012/SC5/office_traverse] 5.0s/150s  pos=(3.41,-4.14)  dist=4.18m  cmd=(0.80,-0.30)  mpc_ok=100%  solve=25.3ms
2026-04-28T14:53:04  [INFO   ]  [T012/SC5/office_traverse] 10.1s/150s  pos=(3.95,-2.70)  dist=2.70m  cmd=(-0.11,-0.30)  mpc_ok=100%  solve=39.7ms
2026-04-28T14:53:09  [INFO   ]  [T012/SC5/office_traverse] 15.1s/150s  pos=(4.05,-3.05)  dist=3.05m  cmd=(0.80,-0.27)  mpc_ok=100%  solve=46.6ms
2026-04-28T14:53:14  [INFO   ]  [T012/SC5/office_traverse] 20.1s/150s  pos=(3.15,-1.89)  dist=2.07m  cmd=(0.46,-0.22)  mpc_ok=100%  solve=70.6ms
2026-04-28T14:53:19  [INFO   ]  [T012/SC5/office_traverse] 25.1s/150s  pos=(3.39,-1.01)  dist=1.18m  cmd=(0.51,-0.30)  mpc_ok=100%  solve=66.1ms
2026-04-28T14:53:24  [INFO   ]  [T012/SC5/office_traverse] 30.1s/150s  pos=(3.29,-1.26)  dist=1.45m  cmd=(-0.17,0.30)  mpc_ok=100%  solve=38.3ms
2026-04-28T14:53:29  [INFO   ]  [T012/SC5/office_traverse] 35.1s/150s  pos=(2.87,-0.73)  dist=1.35m  cmd=(0.63,-0.30)  mpc_ok=100%  solve=38.0ms
2026-04-28T14:53:32  [INFO   ]  [T012/SC5/office_traverse] goal 1/3 reached  pos=(3.61,-0.31)  elapsed=38s
2026-04-28T14:53:34  [INFO   ]  [T012/SC5/office_traverse] 1.9s/150s  pos=(3.49,-0.31)  dist=4.82m  cmd=(0.47,0.20)  mpc_ok=100%  solve=31.0ms
2026-04-28T14:53:39  [INFO   ]  [T012/SC5/office_traverse] 6.9s/150s  pos=(3.19,0.62)  dist=4.49m  cmd=(0.80,-0.27)  mpc_ok=100%  solve=34.2ms
2026-04-28T14:53:44  [INFO   ]  [T012/SC5/office_traverse] 11.9s/150s  pos=(3.36,1.71)  dist=3.86m  cmd=(0.80,0.06)  mpc_ok=100%  solve=34.4ms
2026-04-28T14:53:49  [INFO   ]  [T012/SC5/office_traverse] 17.0s/150s  pos=(2.70,2.32)  dist=4.35m  cmd=(0.80,0.25)  mpc_ok=100%  solve=38.0ms
2026-04-28T14:53:54  [INFO   ]  [T012/SC5/office_traverse] 22.0s/150s  pos=(2.22,2.72)  dist=4.79m  cmd=(0.80,-0.18)  mpc_ok=100%  solve=31.2ms
2026-04-28T14:53:59  [INFO   ]  [T012/SC5/office_traverse] 27.0s/150s  pos=(2.20,3.77)  dist=4.86m  cmd=(0.80,-0.23)  mpc_ok=100%  solve=38.3ms
2026-04-28T14:54:04  [INFO   ]  [T012/SC5/office_traverse] 32.0s/150s  pos=(2.71,4.47)  dist=4.53m  cmd=(0.30,-0.30)  mpc_ok=100%  solve=48.1ms
2026-04-28T14:54:08  [WARNING]  [T012/SC5/office_traverse] early termination — insufficient progress over 30s (Δ=0.017 < 0.02)
2026-04-28T14:54:08  [INFO   ]  [T012/SC5/office_traverse] nav done — goals 1/3 (33%)  elapsed=36s  failure=early_term: insufficient progress over 30s (Δ=0.017 < 0.02)
2026-04-28T14:54:08  [DEBUG  ]  RosbagRecorder stopped  pid=92563
2026-04-28T14:54:08  [INFO   ]    → sc=office_traverse  goals=33%  score=0.435  weighted=0.0870  running=0.3279  dist=6.28  obs=0.974  scans=625
2026-04-28T14:54:08  [INFO   ]  ── Scenario 6/6: office_corridor  (3 goals)  weight=0.15 ──
2026-04-28T14:54:08  [INFO   ]  [T012/SC6/office_corridor] starting
2026-04-28T14:54:08  [INFO   ]    [sim] reusing Gazebo for world=indoor_office.world  — resetting robot pose
2026-04-28T14:54:09  [DEBUG  ]    [sim] reset strategy 'gz service /world/indoor_office/set_pose' returned 255 — trying next
2026-04-28T14:54:09  [INFO   ]    [sim] robot reset via 'ign service /world/indoor_office/set_pose'  pos=(-4.00, -6.00)  heading=1.571
2026-04-28T14:54:12  [DEBUG  ]    [sim] nav-reset 'redirect goal' ok
2026-04-28T14:54:12  [DEBUG  ]    [sim] nav-reset 'clear /a_star/path' ok
2026-04-28T14:54:12  [DEBUG  ]    [sim] nav-reset 'clear /mpc/predicted_path' ok
2026-04-28T14:54:12  [DEBUG  ]    [sim] nav-reset 'clear global costmap' returned 1
2026-04-28T14:54:12  [DEBUG  ]    [sim] nav-reset 'clear local costmap' returned 1
2026-04-28T14:54:12  [INFO   ]    [sim] nav state flushed — planner redirected to (-4.00, 0.00)
2026-04-28T14:54:12  [DEBUG  ]  RosbagRecorder started  pid=93303  dir=/media/lorenzo/writable/Go2_navigation/tuning_results/trial_012/scenario_office_corridor/rosbag
2026-04-28T14:54:12  [INFO   ]  [T012/SC6/office_corridor] waiting 10s for Gazebo bridge…
2026-04-28T14:54:22  [INFO   ]  [T012/SC6/office_corridor] spawning obstacles…
2026-04-28T14:54:46  [INFO   ]  [T012/SC6/office_corridor] waiting 20s for planner…
2026-04-28T14:54:56  [DEBUG  ]  [T012/SC6/office_corridor] heartbeat — 10s remaining
2026-04-28T14:55:06  [INFO   ]  [T012/SC6/office_corridor] nav started — 3 goal(s), timeout=150s
2026-04-28T14:55:06  [DEBUG  ]  [T012/SC6/office_corridor] initial_dist set from first pose: 3.45m  pos=(-7.44,0.02)
2026-04-28T14:55:06  [INFO   ]  [T012/SC6/office_corridor] 0.0s/150s  pos=(-7.44,0.02)  dist=3.45m  cmd=(0.00,0.00)  mpc_ok=nan%  solve=nanms
2026-04-28T14:55:11  [INFO   ]  [T012/SC6/office_corridor] 5.0s/150s  pos=(-6.54,0.78)  dist=2.65m  cmd=(0.12,-0.30)  mpc_ok=0%  solve=1.6ms
2026-04-28T14:55:16  [INFO   ]  [T012/SC6/office_corridor] 10.1s/150s  pos=(-7.15,0.57)  dist=3.21m  cmd=(0.80,0.09)  mpc_ok=0%  solve=1.9ms
2026-04-28T14:55:21  [INFO   ]  [T012/SC6/office_corridor] 15.1s/150s  pos=(-7.78,1.31)  dist=4.00m  cmd=(0.80,0.07)  mpc_ok=0%  solve=2.8ms
2026-04-28T14:55:26  [INFO   ]  [T012/SC6/office_corridor] 20.1s/150s  pos=(-8.64,1.68)  dist=4.93m  cmd=(0.80,0.29)  mpc_ok=0%  solve=1.6ms
2026-04-28T14:55:31  [INFO   ]  [T012/SC6/office_corridor] 25.1s/150s  pos=(-8.87,2.05)  dist=5.29m  cmd=(0.22,-0.30)  mpc_ok=0%  solve=2.0ms
2026-04-28T14:55:36  [WARNING]  [T012/SC6/office_corridor] early termination — MPC success rate 0% < 70%
2026-04-28T14:55:36  [INFO   ]  [T012/SC6/office_corridor] nav done — goals 0/3 (0%)  elapsed=30s  failure=early_term: MPC success rate 0% < 70%
2026-04-28T14:55:37  [DEBUG  ]  RosbagRecorder stopped  pid=93303
2026-04-28T14:55:37  [INFO   ]    → sc=office_corridor  goals=0%  score=0.259  weighted=0.0388  running=0.3667  dist=10.35  obs=0.992  scans=279
2026-04-28T14:55:37  [DEBUG  ]  Sending SIGTERM to sim_launch  pgid=92086
2026-04-28T14:55:37  [DEBUG  ]  sim_launch exited cleanly
2026-04-28T14:55:45  [DEBUG  ]    [sim] killed
2026-04-28T14:55:45  [INFO   ]  [GP] fitting on 12 observations…
2026-04-28T14:55:45  [INFO   ]  [GP] active  noise=0.9996  gp_mean=0.3428±0.0356  top5=mpc_Q_terminal=0.923  mpc_Q_x=0.062  grid_std=0.005  mpc_Q_yaw=0.003  mpc_Q_y=0.003
2026-04-28T14:55:45  [DEBUG  ]  [GP] model checkpoint saved  /media/lorenzo/writable/Go2_navigation/tuning_results/trial_012/gp_data/gp_model.joblib
2026-04-28T14:55:45  [DEBUG  ]  [GP] checkpoint written  /media/lorenzo/writable/Go2_navigation/tuning_results/trial_012/gp_data
2026-04-28T14:55:46  [DEBUG  ]  [plot] gp_marginals saved  /media/lorenzo/writable/Go2_navigation/tuning_results/gp_marginals.png
2026-04-28T14:55:46  [DEBUG  ]  [plot] gp_fitted_vs_actual saved  /media/lorenzo/writable/Go2_navigation/tuning_results/gp_fitted_vs_actual.png
2026-04-28T14:55:46  [DEBUG  ]  [disk] removed bag  /media/lorenzo/writable/Go2_navigation/tuning_results/trial_007/scenario_open_zigzag/rosbag
2026-04-28T14:55:46  [DEBUG  ]  [disk] removed bag  /media/lorenzo/writable/Go2_navigation/tuning_results/trial_007/scenario_office_corridor/rosbag
2026-04-28T14:55:46  [DEBUG  ]  [disk] removed bag  /media/lorenzo/writable/Go2_navigation/tuning_results/trial_007/scenario_warehouse_loop/rosbag
2026-04-28T14:55:46  [DEBUG  ]  [disk] removed bag  /media/lorenzo/writable/Go2_navigation/tuning_results/trial_007/scenario_office_traverse/rosbag
2026-04-28T14:55:46  [DEBUG  ]  [disk] removed bag  /media/lorenzo/writable/Go2_navigation/tuning_results/trial_007/scenario_warehouse_cross_aisle/rosbag
2026-04-28T14:55:46  [DEBUG  ]  [disk] removed bag  /media/lorenzo/writable/Go2_navigation/tuning_results/trial_007/scenario_open_square/rosbag
2026-04-28T14:55:46  [INFO   ]  [trial 012/50]  aggregate=0.3667  best=0.3830(t006)  elapsed=15.3min  GP=active(n=12)
2026-04-28T14:55:46  [INFO   ]  ============================================================
2026-04-28T14:55:46  [INFO   ]  Trial 013/50  [TPE-GUIDED]  2026-04-28T14:55:46  ETA ~206min
2026-04-28T14:55:46  [INFO   ]  Params: {'grid_std': '0.184', 'mpc_Q_terminal': '273.831', 'mpc_Q_x': '375.417', 'mpc_Q_y': '248.875', 'mpc_Q_yaw': '2.499', 'mpc_W_obs_sigmoid': '314.155'}
2026-04-28T14:55:46  [INFO   ]  ============================================================
2026-04-28T14:55:46  [INFO   ]  ── Scenario 1/6: open_square  (3 goals)  weight=0.10 ──
2026-04-28T14:55:46  [INFO   ]  [T013/SC1/open_square] starting
2026-04-28T14:55:57  [INFO   ]    [sim] launched  pid=93614  world=default.sdf
2026-04-28T14:55:57  [DEBUG  ]  RosbagRecorder started  pid=94092  dir=/media/lorenzo/writable/Go2_navigation/tuning_results/trial_013/scenario_open_square/rosbag
2026-04-28T14:55:57  [INFO   ]  [T013/SC1/open_square] waiting 10s for Gazebo bridge…
2026-04-28T14:56:07  [INFO   ]  [T013/SC1/open_square] spawning obstacles…
2026-04-28T14:56:31  [INFO   ]  [T013/SC1/open_square] waiting 20s for planner…
2026-04-28T14:56:41  [DEBUG  ]  [T013/SC1/open_square] heartbeat — 10s remaining
2026-04-28T14:56:51  [INFO   ]  [T013/SC1/open_square] nav started — 3 goal(s), timeout=300s
2026-04-28T14:56:51  [INFO   ]  [T013/SC1/open_square] 0.0s/300s  waiting for pose…
2026-04-28T14:56:51  [DEBUG  ]  [T013/SC1/open_square] initial_dist set from first pose: 4.81m  pos=(2.42,-1.46)
2026-04-28T14:56:56  [INFO   ]  [T013/SC1/open_square] 5.0s/300s  pos=(2.76,-1.49)  dist=4.50m  cmd=(0.80,-0.01)  mpc_ok=100%  solve=78.6ms
2026-04-28T14:57:01  [INFO   ]  [T013/SC1/open_square] 10.0s/300s  pos=(3.20,-1.77)  dist=4.19m  cmd=(0.80,-0.30)  mpc_ok=100%  solve=30.7ms
2026-04-28T14:57:06  [INFO   ]  [T013/SC1/open_square] 15.0s/300s  pos=(3.73,-1.90)  dist=3.78m  cmd=(0.80,-0.07)  mpc_ok=100%  solve=27.8ms
2026-04-28T14:57:11  [INFO   ]  [T013/SC1/open_square] 20.1s/300s  pos=(4.19,-2.20)  dist=3.57m  cmd=(0.80,0.28)  mpc_ok=100%  solve=26.9ms
2026-04-28T14:57:16  [INFO   ]  [T013/SC1/open_square] 25.1s/300s  pos=(4.55,-1.61)  dist=2.93m  cmd=(0.80,-0.28)  mpc_ok=100%  solve=74.0ms
2026-04-28T14:57:21  [INFO   ]  [T013/SC1/open_square] 30.1s/300s  pos=(5.32,-1.87)  dist=2.51m  cmd=(0.80,0.02)  mpc_ok=100%  solve=30.8ms
2026-04-28T14:57:26  [INFO   ]  [T013/SC1/open_square] 35.1s/300s  pos=(5.50,-1.64)  dist=2.23m  cmd=(0.80,-0.30)  mpc_ok=100%  solve=39.9ms
2026-04-28T14:57:31  [INFO   ]  [T013/SC1/open_square] 40.1s/300s  pos=(6.09,-1.80)  dist=2.02m  cmd=(0.59,0.30)  mpc_ok=100%  solve=37.9ms
2026-04-28T14:57:36  [INFO   ]  [T013/SC1/open_square] 45.2s/300s  pos=(5.90,-1.18)  dist=1.61m  cmd=(0.70,-0.29)  mpc_ok=100%  solve=41.0ms
2026-04-28T14:57:41  [INFO   ]  [T013/SC1/open_square] 50.2s/300s  pos=(6.26,-1.03)  dist=1.27m  cmd=(0.68,0.12)  mpc_ok=100%  solve=29.1ms
2026-04-28T14:57:46  [INFO   ]  [T013/SC1/open_square] 55.2s/300s  pos=(6.55,-0.70)  dist=0.84m  cmd=(0.30,-0.04)  mpc_ok=100%  solve=71.6ms
2026-04-28T14:57:49  [INFO   ]  [T013/SC1/open_square] goal 1/3 reached  pos=(6.71,-0.40)  elapsed=58s
2026-04-28T14:57:51  [INFO   ]  [T013/SC1/open_square] 2.1s/300s  pos=(6.67,-0.43)  dist=6.43m  cmd=(0.25,-0.03)  mpc_ok=100%  solve=44.8ms
2026-04-28T14:57:56  [INFO   ]  [T013/SC1/open_square] 7.1s/300s  pos=(6.76,-0.39)  dist=6.39m  cmd=(0.00,-0.00)  mpc_ok=100%  solve=38.8ms
2026-04-28T14:58:01  [INFO   ]  [T013/SC1/open_square] 12.1s/300s  pos=(6.68,-0.45)  dist=6.46m  cmd=(0.31,-0.07)  mpc_ok=100%  solve=37.8ms
2026-04-28T14:58:06  [INFO   ]  [T013/SC1/open_square] 17.1s/300s  pos=(6.83,-0.40)  dist=6.40m  cmd=(0.00,-0.00)  mpc_ok=100%  solve=37.2ms
2026-04-28T14:58:11  [INFO   ]  [T013/SC1/open_square] 22.2s/300s  pos=(6.83,-0.40)  dist=6.40m  cmd=(0.00,-0.00)  mpc_ok=100%  solve=48.6ms
2026-04-28T14:58:16  [INFO   ]  [T013/SC1/open_square] 27.2s/300s  pos=(6.83,-0.40)  dist=6.40m  cmd=(0.00,-0.00)  mpc_ok=100%  solve=46.0ms
2026-04-28T14:58:19  [WARNING]  [T013/SC1/open_square] early termination — insufficient progress over 30s (Δ=0.001 < 0.02)
2026-04-28T14:58:19  [INFO   ]  [T013/SC1/open_square] nav done — goals 1/3 (33%)  elapsed=30s  failure=early_term: insufficient progress over 30s (Δ=0.001 < 0.02)
2026-04-28T14:58:20  [DEBUG  ]  RosbagRecorder stopped  pid=94092
2026-04-28T14:58:20  [INFO   ]    → sc=open_square  goals=33%  score=0.371  weighted=0.0371  running=0.0371  dist=10.06  obs=1.000  scans=281
2026-04-28T14:58:20  [INFO   ]  ── Scenario 2/6: open_zigzag  (3 goals)  weight=0.10 ──
2026-04-28T14:58:20  [INFO   ]  [T013/SC2/open_zigzag] starting
2026-04-28T14:58:20  [INFO   ]    [sim] reusing Gazebo for world=default.sdf  — resetting robot pose
2026-04-28T14:58:20  [DEBUG  ]    [sim] reset strategy 'gz service /world/default/set_pose' returned 255 — trying next
2026-04-28T14:58:21  [INFO   ]    [sim] robot reset via 'ign service /world/default/set_pose'  pos=(0.00, 0.00)  heading=0.000
2026-04-28T14:58:24  [DEBUG  ]    [sim] nav-reset 'redirect goal' ok
2026-04-28T14:58:24  [DEBUG  ]    [sim] nav-reset 'clear /a_star/path' ok
2026-04-28T14:58:24  [DEBUG  ]    [sim] nav-reset 'clear /mpc/predicted_path' ok
2026-04-28T14:58:24  [DEBUG  ]    [sim] nav-reset 'clear global costmap' returned 1
2026-04-28T14:58:24  [DEBUG  ]    [sim] nav-reset 'clear local costmap' returned 1
2026-04-28T14:58:24  [INFO   ]    [sim] nav state flushed — planner redirected to (-6.00, 3.00)
2026-04-28T14:58:24  [DEBUG  ]  RosbagRecorder started  pid=94832  dir=/media/lorenzo/writable/Go2_navigation/tuning_results/trial_013/scenario_open_zigzag/rosbag
2026-04-28T14:58:24  [INFO   ]  [T013/SC2/open_zigzag] waiting 10s for Gazebo bridge…
2026-04-28T14:58:34  [INFO   ]  [T013/SC2/open_zigzag] spawning obstacles…
2026-04-28T14:58:58  [INFO   ]  [T013/SC2/open_zigzag] waiting 20s for planner…
2026-04-28T14:59:08  [DEBUG  ]  [T013/SC2/open_zigzag] heartbeat — 10s remaining
2026-04-28T14:59:18  [INFO   ]  [T013/SC2/open_zigzag] nav started — 3 goal(s), timeout=300s
2026-04-28T14:59:18  [INFO   ]  [T013/SC2/open_zigzag] 0.0s/300s  waiting for pose…
2026-04-28T14:59:18  [DEBUG  ]  [T013/SC2/open_zigzag] initial_dist set from first pose: 0.89m  pos=(-5.27,2.50)
2026-04-28T14:59:22  [INFO   ]  [T013/SC2/open_zigzag] goal 1/3 reached  pos=(-5.78,2.56)  elapsed=4s
2026-04-28T14:59:23  [INFO   ]  [T013/SC2/open_zigzag] 1.0s/300s  pos=(-5.87,2.69)  dist=12.32m  cmd=(0.19,-0.01)  mpc_ok=0%  solve=3.2ms
2026-04-28T14:59:28  [INFO   ]  [T013/SC2/open_zigzag] 6.0s/300s  pos=(-5.89,2.72)  dist=12.34m  cmd=(0.13,-0.00)  mpc_ok=0%  solve=3.7ms
2026-04-28T14:59:33  [INFO   ]  [T013/SC2/open_zigzag] 11.0s/300s  pos=(-5.83,2.69)  dist=12.28m  cmd=(0.24,-0.01)  mpc_ok=0%  solve=4.4ms
2026-04-28T14:59:38  [INFO   ]  [T013/SC2/open_zigzag] 16.1s/300s  pos=(-5.87,2.71)  dist=12.31m  cmd=(0.18,-0.00)  mpc_ok=0%  solve=2.2ms
2026-04-28T14:59:43  [INFO   ]  [T013/SC2/open_zigzag] 21.1s/300s  pos=(-5.89,2.71)  dist=12.33m  cmd=(0.11,-0.00)  mpc_ok=0%  solve=2.0ms
2026-04-28T14:59:48  [INFO   ]  [T013/SC2/open_zigzag] 26.1s/300s  pos=(-5.86,2.70)  dist=12.31m  cmd=(0.23,0.00)  mpc_ok=0%  solve=1.7ms
2026-04-28T14:59:52  [WARNING]  [T013/SC2/open_zigzag] early termination — MPC success rate 0% < 70%
2026-04-28T14:59:52  [INFO   ]  [T013/SC2/open_zigzag] nav done — goals 1/3 (33%)  elapsed=30s  failure=early_term: MPC success rate 0% < 70%
2026-04-28T14:59:53  [DEBUG  ]  RosbagRecorder stopped  pid=94832
2026-04-28T14:59:53  [INFO   ]    → sc=open_zigzag  goals=33%  score=0.205  weighted=0.0205  running=0.0576  dist=6.32  obs=0.000  scans=3
2026-04-28T14:59:53  [INFO   ]  ── Scenario 3/6: warehouse_loop  (4 goals)  weight=0.25 ──
2026-04-28T14:59:53  [INFO   ]  [T013/SC3/warehouse_loop] starting
2026-04-28T14:59:53  [DEBUG  ]  Sending SIGTERM to sim_launch  pgid=93614
2026-04-28T14:59:53  [DEBUG  ]  sim_launch exited cleanly
2026-04-28T15:00:01  [DEBUG  ]    [sim] killed
2026-04-28T15:00:11  [INFO   ]    [sim] launched  pid=95125  world=warehouse.world
2026-04-28T15:00:11  [DEBUG  ]  RosbagRecorder started  pid=95602  dir=/media/lorenzo/writable/Go2_navigation/tuning_results/trial_013/scenario_warehouse_loop/rosbag
2026-04-28T15:00:11  [INFO   ]  [T013/SC3/warehouse_loop] waiting 10s for Gazebo bridge…
2026-04-28T15:00:22  [INFO   ]  [T013/SC3/warehouse_loop] spawning obstacles…
2026-04-28T15:00:51  [INFO   ]  [T013/SC3/warehouse_loop] waiting 20s for planner…
2026-04-28T15:01:01  [DEBUG  ]  [T013/SC3/warehouse_loop] heartbeat — 10s remaining
2026-04-28T15:01:11  [INFO   ]  [T013/SC3/warehouse_loop] nav started — 4 goal(s), timeout=180s
2026-04-28T15:01:11  [INFO   ]  [T013/SC3/warehouse_loop] 0.0s/180s  waiting for pose…
2026-04-28T15:01:11  [DEBUG  ]  [T013/SC3/warehouse_loop] initial_dist set from first pose: 17.82m  pos=(-5.82,-8.22)
2026-04-28T15:01:16  [INFO   ]  [T013/SC3/warehouse_loop] 5.1s/180s  pos=(-5.34,-8.23)  dist=17.34m  cmd=(0.37,0.00)  mpc_ok=100%  solve=28.3ms
2026-04-28T15:01:21  [INFO   ]  [T013/SC3/warehouse_loop] 10.1s/180s  pos=(-4.62,-8.27)  dist=16.62m  cmd=(0.35,0.02)  mpc_ok=100%  solve=28.5ms
2026-04-28T15:01:26  [INFO   ]  [T013/SC3/warehouse_loop] 15.1s/180s  pos=(-3.95,-8.27)  dist=15.95m  cmd=(0.25,-0.01)  mpc_ok=100%  solve=34.8ms
2026-04-28T15:01:32  [INFO   ]  [T013/SC3/warehouse_loop] 20.1s/180s  pos=(-3.70,-8.30)  dist=15.70m  cmd=(0.00,-0.00)  mpc_ok=100%  solve=70.8ms
2026-04-28T15:01:37  [INFO   ]  [T013/SC3/warehouse_loop] 25.1s/180s  pos=(-3.78,-8.30)  dist=15.78m  cmd=(0.00,-0.00)  mpc_ok=100%  solve=68.0ms
2026-04-28T15:01:42  [INFO   ]  [T013/SC3/warehouse_loop] 30.1s/180s  pos=(-3.77,-8.30)  dist=15.78m  cmd=(0.00,-0.00)  mpc_ok=100%  solve=28.9ms
2026-04-28T15:01:47  [INFO   ]  [T013/SC3/warehouse_loop] 35.1s/180s  pos=(-3.77,-8.30)  dist=15.77m  cmd=(0.00,-0.00)  mpc_ok=100%  solve=42.3ms
2026-04-28T15:01:52  [INFO   ]  [T013/SC3/warehouse_loop] 40.2s/180s  pos=(-3.77,-8.30)  dist=15.77m  cmd=(0.00,-0.00)  mpc_ok=100%  solve=39.6ms
2026-04-28T15:01:55  [WARNING]  [T013/SC3/warehouse_loop] early termination — insufficient progress over 30s (Δ=0.020 < 0.02)
2026-04-28T15:01:55  [INFO   ]  [T013/SC3/warehouse_loop] nav done — goals 0/4 (0%)  elapsed=43s  failure=early_term: insufficient progress over 30s (Δ=0.020 < 0.02)
2026-04-28T15:01:55  [DEBUG  ]  RosbagRecorder stopped  pid=95602
2026-04-28T15:01:55  [INFO   ]    → sc=warehouse_loop  goals=0%  score=0.330  weighted=0.0825  running=0.1401  dist=18.26  obs=1.000  scans=325
2026-04-28T15:01:55  [INFO   ]  ── Scenario 4/6: warehouse_cross_aisle  (3 goals)  weight=0.20 ──
2026-04-28T15:01:55  [INFO   ]  [T013/SC4/warehouse_cross_aisle] starting
2026-04-28T15:01:55  [INFO   ]    [sim] reusing Gazebo for world=warehouse.world  — resetting robot pose
2026-04-28T15:01:56  [DEBUG  ]    [sim] reset strategy 'gz service /world/warehouse/set_pose' returned 255 — trying next
2026-04-28T15:01:56  [INFO   ]    [sim] robot reset via 'ign service /world/warehouse/set_pose'  pos=(-4.00, 8.00)  heading=-1.571
2026-04-28T15:01:59  [DEBUG  ]    [sim] nav-reset 'redirect goal' ok
2026-04-28T15:01:59  [DEBUG  ]    [sim] nav-reset 'clear /a_star/path' ok
2026-04-28T15:01:59  [DEBUG  ]    [sim] nav-reset 'clear /mpc/predicted_path' ok
2026-04-28T15:01:59  [DEBUG  ]    [sim] nav-reset 'clear global costmap' returned 1
2026-04-28T15:01:59  [DEBUG  ]    [sim] nav-reset 'clear local costmap' returned 1
2026-04-28T15:01:59  [INFO   ]    [sim] nav state flushed — planner redirected to (-4.00, 2.00)
2026-04-28T15:01:59  [DEBUG  ]  RosbagRecorder started  pid=96388  dir=/media/lorenzo/writable/Go2_navigation/tuning_results/trial_013/scenario_warehouse_cross_aisle/rosbag
2026-04-28T15:01:59  [INFO   ]  [T013/SC4/warehouse_cross_aisle] waiting 10s for Gazebo bridge…
2026-04-28T15:02:09  [INFO   ]  [T013/SC4/warehouse_cross_aisle] spawning obstacles…
2026-04-28T15:02:33  [INFO   ]  [T013/SC4/warehouse_cross_aisle] waiting 20s for planner…
2026-04-28T15:02:43  [DEBUG  ]  [T013/SC4/warehouse_cross_aisle] heartbeat — 10s remaining
2026-04-28T15:02:53  [INFO   ]  [T013/SC4/warehouse_cross_aisle] nav started — 3 goal(s), timeout=150s
2026-04-28T15:02:53  [DEBUG  ]  [T013/SC4/warehouse_cross_aisle] initial_dist set from first pose: 2.86m  pos=(-3.64,-0.84)
2026-04-28T15:02:53  [INFO   ]  [T013/SC4/warehouse_cross_aisle] 0.0s/150s  pos=(-3.64,-0.84)  dist=2.86m  cmd=(0.00,0.00)  mpc_ok=nan%  solve=nanms
2026-04-28T15:02:58  [INFO   ]  [T013/SC4/warehouse_cross_aisle] 5.1s/150s  pos=(-3.69,-1.45)  dist=3.46m  cmd=(0.80,0.04)  mpc_ok=100%  solve=75.4ms
2026-04-28T15:03:03  [INFO   ]  [T013/SC4/warehouse_cross_aisle] 10.1s/150s  pos=(-3.68,-2.27)  dist=4.28m  cmd=(0.80,-0.04)  mpc_ok=100%  solve=19.2ms
2026-04-28T15:03:08  [INFO   ]  [T013/SC4/warehouse_cross_aisle] 15.1s/150s  pos=(-3.70,-3.10)  dist=5.11m  cmd=(0.80,-0.02)  mpc_ok=100%  solve=71.1ms
2026-04-28T15:03:13  [INFO   ]  [T013/SC4/warehouse_cross_aisle] 20.1s/150s  pos=(-4.07,-3.94)  dist=5.94m  cmd=(0.80,0.06)  mpc_ok=100%  solve=47.3ms
2026-04-28T15:03:18  [INFO   ]  [T013/SC4/warehouse_cross_aisle] 25.1s/150s  pos=(-4.01,-4.85)  dist=6.85m  cmd=(0.62,0.02)  mpc_ok=100%  solve=46.2ms
2026-04-28T15:03:23  [INFO   ]  [T013/SC4/warehouse_cross_aisle] 30.1s/150s  pos=(-4.02,-5.68)  dist=7.68m  cmd=(0.24,0.01)  mpc_ok=100%  solve=47.3ms
2026-04-28T15:03:28  [INFO   ]  [T013/SC4/warehouse_cross_aisle] 35.2s/150s  pos=(-4.01,-6.27)  dist=8.27m  cmd=(0.31,0.03)  mpc_ok=100%  solve=40.8ms
2026-04-28T15:03:34  [INFO   ]  [T013/SC4/warehouse_cross_aisle] 40.2s/150s  pos=(-4.00,-6.72)  dist=8.72m  cmd=(0.27,0.01)  mpc_ok=100%  solve=39.6ms
2026-04-28T15:03:39  [INFO   ]  [T013/SC4/warehouse_cross_aisle] 45.2s/150s  pos=(-4.01,-7.18)  dist=9.18m  cmd=(0.32,0.02)  mpc_ok=100%  solve=46.9ms
2026-04-28T15:03:44  [INFO   ]  [T013/SC4/warehouse_cross_aisle] 50.2s/150s  pos=(-4.02,-7.71)  dist=9.71m  cmd=(0.24,-0.00)  mpc_ok=100%  solve=41.2ms
2026-04-28T15:03:49  [INFO   ]  [T013/SC4/warehouse_cross_aisle] 55.2s/150s  pos=(-3.99,-7.93)  dist=9.93m  cmd=(0.29,-0.05)  mpc_ok=100%  solve=62.9ms
2026-04-28T15:03:54  [INFO   ]  [T013/SC4/warehouse_cross_aisle] 60.2s/150s  pos=(-4.02,-8.00)  dist=10.00m  cmd=(0.00,0.00)  mpc_ok=100%  solve=75.5ms
2026-04-28T15:03:59  [INFO   ]  [T013/SC4/warehouse_cross_aisle] 65.2s/150s  pos=(-4.02,-7.77)  dist=9.77m  cmd=(-0.10,0.02)  mpc_ok=100%  solve=42.2ms
2026-04-28T15:04:04  [INFO   ]  [T013/SC4/warehouse_cross_aisle] 70.3s/150s  pos=(-4.09,-6.96)  dist=8.96m  cmd=(0.45,0.03)  mpc_ok=100%  solve=29.0ms
2026-04-28T15:04:04  [WARNING]  [T013/SC4/warehouse_cross_aisle] early termination — insufficient progress over 30s (Δ=0.000 < 0.02)
2026-04-28T15:04:04  [INFO   ]  [T013/SC4/warehouse_cross_aisle] nav done — goals 0/3 (0%)  elapsed=71s  failure=early_term: insufficient progress over 30s (Δ=0.000 < 0.02)
2026-04-28T15:04:05  [DEBUG  ]  RosbagRecorder stopped  pid=96388
2026-04-28T15:04:05  [INFO   ]    → sc=warehouse_cross_aisle  goals=0%  score=0.358  weighted=0.0716  running=0.2117  dist=8.17  obs=1.000  scans=591
2026-04-28T15:04:05  [INFO   ]  ── Scenario 5/6: office_traverse  (3 goals)  weight=0.20 ──
2026-04-28T15:04:05  [INFO   ]  [T013/SC5/office_traverse] starting
2026-04-28T15:04:05  [DEBUG  ]  Sending SIGTERM to sim_launch  pgid=95125
2026-04-28T15:04:05  [DEBUG  ]  sim_launch exited cleanly
2026-04-28T15:04:13  [DEBUG  ]    [sim] killed
2026-04-28T15:04:24  [INFO   ]    [sim] launched  pid=96680  world=indoor_office.world
2026-04-28T15:04:24  [DEBUG  ]  RosbagRecorder started  pid=97157  dir=/media/lorenzo/writable/Go2_navigation/tuning_results/trial_013/scenario_office_traverse/rosbag
2026-04-28T15:04:24  [INFO   ]  [T013/SC5/office_traverse] waiting 10s for Gazebo bridge…
2026-04-28T15:04:34  [INFO   ]  [T013/SC5/office_traverse] spawning obstacles…
2026-04-28T15:04:57  [INFO   ]  [T013/SC5/office_traverse] waiting 20s for planner…
2026-04-28T15:05:07  [DEBUG  ]  [T013/SC5/office_traverse] heartbeat — 10s remaining
2026-04-28T15:05:17  [INFO   ]  [T013/SC5/office_traverse] nav started — 3 goal(s), timeout=150s
2026-04-28T15:05:18  [DEBUG  ]  [T013/SC5/office_traverse] initial_dist set from first pose: 5.38m  pos=(3.89,-5.38)
2026-04-28T15:05:18  [INFO   ]  [T013/SC5/office_traverse] 0.0s/150s  pos=(3.89,-5.38)  dist=5.38m  cmd=(0.00,0.00)  mpc_ok=nan%  solve=nanms
2026-04-28T15:05:23  [INFO   ]  [T013/SC5/office_traverse] 5.0s/150s  pos=(4.44,-3.83)  dist=3.85m  cmd=(0.52,-0.30)  mpc_ok=100%  solve=37.7ms
2026-04-28T15:05:28  [INFO   ]  [T013/SC5/office_traverse] 10.0s/150s  pos=(4.27,-3.33)  dist=3.34m  cmd=(0.74,-0.17)  mpc_ok=100%  solve=45.9ms
2026-04-28T15:05:33  [INFO   ]  [T013/SC5/office_traverse] 15.0s/150s  pos=(3.60,-2.63)  dist=2.66m  cmd=(0.80,0.06)  mpc_ok=100%  solve=120.5ms
2026-04-28T15:05:38  [INFO   ]  [T013/SC5/office_traverse] 20.1s/150s  pos=(3.27,-1.60)  dist=1.76m  cmd=(0.70,-0.30)  mpc_ok=100%  solve=146.1ms
2026-04-28T15:05:43  [INFO   ]  [T013/SC5/office_traverse] 25.1s/150s  pos=(4.09,-0.99)  dist=1.00m  cmd=(-0.14,0.02)  mpc_ok=100%  solve=63.0ms
2026-04-28T15:05:48  [INFO   ]  [T013/SC5/office_traverse] 30.1s/150s  pos=(3.45,-0.87)  dist=1.03m  cmd=(0.18,-0.30)  mpc_ok=100%  solve=40.8ms
2026-04-28T15:05:50  [INFO   ]  [T013/SC5/office_traverse] goal 1/3 reached  pos=(3.59,-0.29)  elapsed=32s
2026-04-28T15:05:53  [INFO   ]  [T013/SC5/office_traverse] 3.0s/150s  pos=(3.76,0.31)  dist=4.21m  cmd=(0.77,-0.28)  mpc_ok=100%  solve=32.7ms
2026-04-28T15:05:58  [INFO   ]  [T013/SC5/office_traverse] 8.0s/150s  pos=(4.07,1.78)  dist=3.17m  cmd=(0.80,-0.26)  mpc_ok=100%  solve=46.3ms
2026-04-28T15:06:03  [INFO   ]  [T013/SC5/office_traverse] 13.0s/150s  pos=(3.75,2.74)  dist=3.26m  cmd=(0.80,0.08)  mpc_ok=100%  solve=82.2ms
2026-04-28T15:06:08  [INFO   ]  [T013/SC5/office_traverse] 18.0s/150s  pos=(2.59,2.71)  dist=4.42m  cmd=(0.80,0.07)  mpc_ok=100%  solve=30.1ms
2026-04-28T15:06:13  [INFO   ]  [T013/SC5/office_traverse] 23.1s/150s  pos=(1.50,2.64)  dist=5.51m  cmd=(0.80,0.13)  mpc_ok=100%  solve=28.0ms
2026-04-28T15:06:18  [INFO   ]  [T013/SC5/office_traverse] 28.1s/150s  pos=(1.74,2.42)  dist=5.29m  cmd=(-0.67,-0.30)  mpc_ok=100%  solve=30.2ms
2026-04-28T15:06:23  [INFO   ]  [T013/SC5/office_traverse] 33.1s/150s  pos=(1.57,1.67)  dist=5.59m  cmd=(0.14,0.30)  mpc_ok=100%  solve=40.4ms
2026-04-28T15:06:28  [INFO   ]  [T013/SC5/office_traverse] 38.1s/150s  pos=(1.17,2.72)  dist=5.83m  cmd=(0.80,-0.05)  mpc_ok=100%  solve=49.8ms
2026-04-28T15:06:33  [INFO   ]  [T013/SC5/office_traverse] 43.1s/150s  pos=(1.53,3.84)  dist=5.53m  cmd=(0.79,-0.30)  mpc_ok=100%  solve=59.4ms
2026-04-28T15:06:38  [INFO   ]  [T013/SC5/office_traverse] 48.1s/150s  pos=(2.40,2.99)  dist=4.60m  cmd=(0.80,-0.30)  mpc_ok=100%  solve=51.3ms
2026-04-28T15:06:39  [WARNING]  [T013/SC5/office_traverse] early termination — insufficient progress over 30s (Δ=0.001 < 0.02)
2026-04-28T15:06:39  [INFO   ]  [T013/SC5/office_traverse] nav done — goals 1/3 (33%)  elapsed=49s  failure=early_term: insufficient progress over 30s (Δ=0.001 < 0.02)
2026-04-28T15:06:40  [DEBUG  ]  RosbagRecorder stopped  pid=97157
2026-04-28T15:06:40  [INFO   ]    → sc=office_traverse  goals=33%  score=0.417  weighted=0.0834  running=0.2951  dist=7.01  obs=0.985  scans=686
2026-04-28T15:06:40  [INFO   ]  ── Scenario 6/6: office_corridor  (3 goals)  weight=0.15 ──
2026-04-28T15:06:40  [INFO   ]  [T013/SC6/office_corridor] starting
2026-04-28T15:06:40  [INFO   ]    [sim] reusing Gazebo for world=indoor_office.world  — resetting robot pose
2026-04-28T15:06:40  [DEBUG  ]    [sim] reset strategy 'gz service /world/indoor_office/set_pose' returned 255 — trying next
2026-04-28T15:06:40  [INFO   ]    [sim] robot reset via 'ign service /world/indoor_office/set_pose'  pos=(-4.00, -6.00)  heading=1.571
2026-04-28T15:06:43  [DEBUG  ]    [sim] nav-reset 'redirect goal' ok
2026-04-28T15:06:43  [DEBUG  ]    [sim] nav-reset 'clear /a_star/path' ok
2026-04-28T15:06:43  [DEBUG  ]    [sim] nav-reset 'clear /mpc/predicted_path' ok
2026-04-28T15:06:43  [DEBUG  ]    [sim] nav-reset 'clear global costmap' returned 1
2026-04-28T15:06:43  [DEBUG  ]    [sim] nav-reset 'clear local costmap' returned 1
2026-04-28T15:06:43  [INFO   ]    [sim] nav state flushed — planner redirected to (-4.00, 0.00)
2026-04-28T15:06:43  [DEBUG  ]  RosbagRecorder started  pid=97897  dir=/media/lorenzo/writable/Go2_navigation/tuning_results/trial_013/scenario_office_corridor/rosbag
2026-04-28T15:06:43  [INFO   ]  [T013/SC6/office_corridor] waiting 10s for Gazebo bridge…
2026-04-28T15:06:53  [INFO   ]  [T013/SC6/office_corridor] spawning obstacles…
2026-04-28T15:07:17  [INFO   ]  [T013/SC6/office_corridor] waiting 20s for planner…
2026-04-28T15:07:27  [DEBUG  ]  [T013/SC6/office_corridor] heartbeat — 10s remaining
2026-04-28T15:07:37  [INFO   ]  [T013/SC6/office_corridor] nav started — 3 goal(s), timeout=150s
2026-04-28T15:07:37  [INFO   ]  [T013/SC6/office_corridor] 0.0s/150s  waiting for pose…
2026-04-28T15:07:37  [DEBUG  ]  [T013/SC6/office_corridor] initial_dist set from first pose: 1.06m  pos=(-3.04,0.46)
2026-04-28T15:07:42  [INFO   ]  [T013/SC6/office_corridor] 5.1s/150s  pos=(-2.27,0.56)  dist=1.82m  cmd=(0.13,-0.30)  mpc_ok=100%  solve=34.0ms
2026-04-28T15:07:47  [INFO   ]  [T013/SC6/office_corridor] 10.1s/150s  pos=(-1.51,-0.42)  dist=2.53m  cmd=(0.19,-0.30)  mpc_ok=100%  solve=23.5ms
2026-04-28T15:07:52  [INFO   ]  [T013/SC6/office_corridor] 15.1s/150s  pos=(-1.57,-1.04)  dist=2.64m  cmd=(-0.12,0.30)  mpc_ok=100%  solve=70.2ms
2026-04-28T15:07:57  [INFO   ]  [T013/SC6/office_corridor] 20.1s/150s  pos=(-2.31,-0.32)  dist=1.71m  cmd=(0.80,-0.00)  mpc_ok=100%  solve=145.5ms
2026-04-28T15:08:02  [INFO   ]  [T013/SC6/office_corridor] 25.1s/150s  pos=(-2.01,0.20)  dist=2.00m  cmd=(0.10,0.30)  mpc_ok=100%  solve=37.0ms
2026-04-28T15:08:07  [INFO   ]  [T013/SC6/office_corridor] 30.2s/150s  pos=(-2.68,0.26)  dist=1.35m  cmd=(-0.26,-0.30)  mpc_ok=100%  solve=72.4ms
2026-04-28T15:08:12  [INFO   ]  [T013/SC6/office_corridor] 35.2s/150s  pos=(-1.53,-0.57)  dist=2.53m  cmd=(0.54,-0.30)  mpc_ok=100%  solve=112.6ms
2026-04-28T15:08:17  [INFO   ]  [T013/SC6/office_corridor] 40.2s/150s  pos=(-0.78,-1.65)  dist=3.61m  cmd=(0.01,-0.29)  mpc_ok=100%  solve=142.1ms
2026-04-28T15:08:22  [INFO   ]  [T013/SC6/office_corridor] 45.2s/150s  pos=(-1.00,-1.58)  dist=3.39m  cmd=(0.20,0.16)  mpc_ok=100%  solve=59.2ms
2026-04-28T15:08:27  [INFO   ]  [T013/SC6/office_corridor] 50.2s/150s  pos=(-1.39,-2.14)  dist=3.38m  cmd=(0.80,0.17)  mpc_ok=100%  solve=77.2ms
2026-04-28T15:08:32  [INFO   ]  [T013/SC6/office_corridor] 55.3s/150s  pos=(-1.56,-1.81)  dist=3.04m  cmd=(0.80,-0.30)  mpc_ok=100%  solve=103.1ms
2026-04-28T15:08:38  [INFO   ]  [T013/SC6/office_corridor] 60.3s/150s  pos=(-0.78,-2.71)  dist=4.20m  cmd=(0.45,-0.30)  mpc_ok=100%  solve=59.7ms
2026-04-28T15:08:43  [INFO   ]  [T013/SC6/office_corridor] 65.3s/150s  pos=(-1.55,-3.40)  dist=4.19m  cmd=(-0.80,-0.30)  mpc_ok=100%  solve=35.1ms
2026-04-28T15:08:45  [WARNING]  [T013/SC6/office_corridor] early termination — insufficient progress over 30s (Δ=0.015 < 0.02)
2026-04-28T15:08:45  [INFO   ]  [T013/SC6/office_corridor] nav done — goals 0/3 (0%)  elapsed=68s  failure=early_term: insufficient progress over 30s (Δ=0.015 < 0.02)
2026-04-28T15:08:46  [DEBUG  ]  RosbagRecorder stopped  pid=97897
2026-04-28T15:08:46  [INFO   ]    → sc=office_corridor  goals=0%  score=0.281  weighted=0.0422  running=0.3372  dist=9.41  obs=0.956  scans=574
2026-04-28T15:08:46  [DEBUG  ]  Sending SIGTERM to sim_launch  pgid=96680
2026-04-28T15:08:46  [DEBUG  ]  sim_launch exited cleanly
2026-04-28T15:08:54  [DEBUG  ]    [sim] killed
2026-04-28T15:08:54  [INFO   ]  [GP] fitting on 13 observations…
2026-04-28T15:08:54  [INFO   ]  [GP] active  noise=0.9996  gp_mean=0.3424±0.0342  top5=mpc_Q_terminal=0.696  mpc_Q_y=0.235  mpc_Q_x=0.048  mpc_W_obs_sigmoid=0.014  grid_std=0.004
2026-04-28T15:08:54  [DEBUG  ]  [GP] model checkpoint saved  /media/lorenzo/writable/Go2_navigation/tuning_results/trial_013/gp_data/gp_model.joblib
2026-04-28T15:08:54  [DEBUG  ]  [GP] checkpoint written  /media/lorenzo/writable/Go2_navigation/tuning_results/trial_013/gp_data
2026-04-28T15:08:56  [DEBUG  ]  [plot] gp_marginals saved  /media/lorenzo/writable/Go2_navigation/tuning_results/gp_marginals.png
2026-04-28T15:08:56  [DEBUG  ]  [plot] gp_fitted_vs_actual saved  /media/lorenzo/writable/Go2_navigation/tuning_results/gp_fitted_vs_actual.png
2026-04-28T15:08:56  [DEBUG  ]  [disk] removed bag  /media/lorenzo/writable/Go2_navigation/tuning_results/trial_008/scenario_open_zigzag/rosbag
2026-04-28T15:08:56  [DEBUG  ]  [disk] removed bag  /media/lorenzo/writable/Go2_navigation/tuning_results/trial_008/scenario_office_corridor/rosbag
2026-04-28T15:08:56  [DEBUG  ]  [disk] removed bag  /media/lorenzo/writable/Go2_navigation/tuning_results/trial_008/scenario_warehouse_loop/rosbag
2026-04-28T15:08:56  [DEBUG  ]  [disk] removed bag  /media/lorenzo/writable/Go2_navigation/tuning_results/trial_008/scenario_office_traverse/rosbag
2026-04-28T15:08:56  [DEBUG  ]  [disk] removed bag  /media/lorenzo/writable/Go2_navigation/tuning_results/trial_008/scenario_warehouse_cross_aisle/rosbag
2026-04-28T15:08:56  [DEBUG  ]  [disk] removed bag  /media/lorenzo/writable/Go2_navigation/tuning_results/trial_008/scenario_open_square/rosbag
2026-04-28T15:08:56  [INFO   ]  [trial 013/50]  aggregate=0.3372  best=0.3830(t006)  elapsed=13.1min  GP=active(n=13)
2026-04-28T15:08:56  [INFO   ]  ============================================================
2026-04-28T15:08:56  [INFO   ]  Trial 014/50  [TPE-GUIDED]  2026-04-28T15:08:56  ETA ~223min
2026-04-28T15:08:56  [INFO   ]  Params: {'grid_std': '0.242', 'mpc_Q_terminal': '161.739', 'mpc_Q_x': '441.210', 'mpc_Q_y': '86.786', 'mpc_Q_yaw': '14.955', 'mpc_W_obs_sigmoid': '294.678'}
2026-04-28T15:08:56  [INFO   ]  ============================================================
2026-04-28T15:08:56  [INFO   ]  ── Scenario 1/6: open_square  (3 goals)  weight=0.10 ──
2026-04-28T15:08:56  [INFO   ]  [T014/SC1/open_square] starting
2026-04-28T15:09:06  [INFO   ]    [sim] launched  pid=98203  world=default.sdf
2026-04-28T15:09:06  [DEBUG  ]  RosbagRecorder started  pid=98681  dir=/media/lorenzo/writable/Go2_navigation/tuning_results/trial_014/scenario_open_square/rosbag
2026-04-28T15:09:06  [INFO   ]  [T014/SC1/open_square] waiting 10s for Gazebo bridge…
2026-04-28T15:09:16  [INFO   ]  [T014/SC1/open_square] spawning obstacles…
2026-04-28T15:09:34  [WARNING]    [sim] obstacle spawn timed out  name=tuner_obs_0
2026-04-28T15:09:46  [INFO   ]  [T014/SC1/open_square] waiting 20s for planner…
2026-04-28T15:09:56  [DEBUG  ]  [T014/SC1/open_square] heartbeat — 10s remaining
2026-04-28T15:10:06  [INFO   ]  [T014/SC1/open_square] nav started — 3 goal(s), timeout=300s
2026-04-28T15:10:06  [INFO   ]  [T014/SC1/open_square] 0.1s/300s  waiting for pose…
2026-04-28T15:10:11  [INFO   ]  [T014/SC1/open_square] 5.1s/300s  waiting for pose…
2026-04-28T15:10:16  [INFO   ]  [T014/SC1/open_square] 10.1s/300s  waiting for pose…
2026-04-28T15:10:21  [INFO   ]  [T014/SC1/open_square] 15.2s/300s  waiting for pose…
2026-04-28T15:10:26  [INFO   ]  [T014/SC1/open_square] 20.2s/300s  waiting for pose…
2026-04-28T15:10:31  [INFO   ]  [T014/SC1/open_square] 25.2s/300s  waiting for pose…
2026-04-28T15:10:36  [INFO   ]  [T014/SC1/open_square] 30.3s/300s  waiting for pose…
2026-04-28T15:10:41  [INFO   ]  [T014/SC1/open_square] 35.3s/300s  waiting for pose…
2026-04-28T15:10:46  [INFO   ]  [T014/SC1/open_square] 40.3s/300s  waiting for pose…
2026-04-28T15:10:51  [INFO   ]  [T014/SC1/open_square] 45.4s/300s  waiting for pose…
2026-04-28T15:10:56  [INFO   ]  [T014/SC1/open_square] 50.4s/300s  waiting for pose…
2026-04-28T15:11:01  [INFO   ]  [T014/SC1/open_square] 55.4s/300s  waiting for pose…
2026-04-28T15:11:06  [INFO   ]  [T014/SC1/open_square] 60.5s/300s  waiting for pose…
2026-04-28T15:11:11  [INFO   ]  [T014/SC1/open_square] 65.5s/300s  waiting for pose…
2026-04-28T15:11:16  [INFO   ]  [T014/SC1/open_square] 70.5s/300s  waiting for pose…
2026-04-28T15:11:21  [INFO   ]  [T014/SC1/open_square] 75.6s/300s  waiting for pose…
2026-04-28T15:11:26  [INFO   ]  [T014/SC1/open_square] 80.6s/300s  waiting for pose…
2026-04-28T15:11:31  [INFO   ]  [T014/SC1/open_square] 85.6s/300s  waiting for pose…
2026-04-28T15:11:36  [INFO   ]  [T014/SC1/open_square] 90.7s/300s  waiting for pose…
2026-04-28T15:11:42  [INFO   ]  [T014/SC1/open_square] 95.7s/300s  waiting for pose…
2026-04-28T15:11:46  [WARNING]  [T014/SC1/open_square] early termination — no pose data after 100s
2026-04-28T15:11:46  [INFO   ]  [T014/SC1/open_square] nav done — goals 0/3 (0%)  elapsed=100s  failure=early_term: no pose data after 100s
2026-04-28T15:11:54  [WARNING]  RosbagRecorder SIGTERM timed out — sending SIGKILL  pid=98681
2026-04-28T15:11:54  [INFO   ]    → sc=open_square  goals=0%  score=0.000  weighted=0.0000  running=0.0000  dist=nan  obs=nan  scans=0
2026-04-28T15:11:54  [INFO   ]  ── Scenario 2/6: open_zigzag  (3 goals)  weight=0.10 ──
2026-04-28T15:11:54  [INFO   ]  [T014/SC2/open_zigzag] starting
2026-04-28T15:11:54  [INFO   ]    [sim] reusing Gazebo for world=default.sdf  — resetting robot pose
2026-04-28T15:11:54  [DEBUG  ]    [sim] reset strategy 'gz service /world/default/set_pose' returned 255 — trying next
2026-04-28T15:11:56  [INFO   ]    [sim] robot reset via 'ign service /world/default/set_pose'  pos=(0.00, 0.00)  heading=0.000
2026-04-28T15:11:59  [DEBUG  ]    [sim] nav-reset 'redirect goal' ok
2026-04-28T15:11:59  [DEBUG  ]    [sim] nav-reset 'clear /a_star/path' ok
2026-04-28T15:12:03  [DEBUG  ]    [sim] nav-reset 'clear /mpc/predicted_path' timed out — killed
2026-04-28T15:12:03  [DEBUG  ]    [sim] nav-reset 'clear global costmap' returned 1
2026-04-28T15:12:03  [DEBUG  ]    [sim] nav-reset 'clear local costmap' returned 1
2026-04-28T15:12:03  [INFO   ]    [sim] nav state flushed — planner redirected to (-6.00, 3.00)
2026-04-28T15:12:03  [DEBUG  ]  RosbagRecorder started  pid=99403  dir=/media/lorenzo/writable/Go2_navigation/tuning_results/trial_014/scenario_open_zigzag/rosbag
2026-04-28T15:12:03  [INFO   ]  [T014/SC2/open_zigzag] waiting 10s for Gazebo bridge…
2026-04-28T15:12:13  [INFO   ]  [T014/SC2/open_zigzag] spawning obstacles…
2026-04-28T15:12:37  [INFO   ]  [T014/SC2/open_zigzag] waiting 20s for planner…
2026-04-28T15:12:47  [DEBUG  ]  [T014/SC2/open_zigzag] heartbeat — 10s remaining
2026-04-28T15:12:57  [INFO   ]  [T014/SC2/open_zigzag] nav started — 3 goal(s), timeout=300s
2026-04-28T15:12:57  [INFO   ]  [T014/SC2/open_zigzag] 0.1s/300s  waiting for pose…
2026-04-28T15:13:02  [INFO   ]  [T014/SC2/open_zigzag] 5.1s/300s  waiting for pose…
2026-04-28T15:13:07  [INFO   ]  [T014/SC2/open_zigzag] 10.1s/300s  waiting for pose…
2026-04-28T15:13:12  [INFO   ]  [T014/SC2/open_zigzag] 15.2s/300s  waiting for pose…
2026-04-28T15:13:17  [INFO   ]  [T014/SC2/open_zigzag] 20.2s/300s  waiting for pose…
2026-04-28T15:13:22  [INFO   ]  [T014/SC2/open_zigzag] 25.2s/300s  waiting for pose…
2026-04-28T15:13:27  [INFO   ]  [T014/SC2/open_zigzag] 30.3s/300s  waiting for pose…
2026-04-28T15:13:32  [INFO   ]  [T014/SC2/open_zigzag] 35.3s/300s  waiting for pose…
2026-04-28T15:13:37  [INFO   ]  [T014/SC2/open_zigzag] 40.3s/300s  waiting for pose…
2026-04-28T15:13:42  [INFO   ]  [T014/SC2/open_zigzag] 45.4s/300s  waiting for pose…
2026-04-28T15:13:47  [INFO   ]  [T014/SC2/open_zigzag] 50.4s/300s  waiting for pose…
2026-04-28T15:13:52  [INFO   ]  [T014/SC2/open_zigzag] 55.4s/300s  waiting for pose…
2026-04-28T15:13:57  [INFO   ]  [T014/SC2/open_zigzag] 60.5s/300s  waiting for pose…
2026-04-28T15:14:02  [INFO   ]  [T014/SC2/open_zigzag] 65.5s/300s  waiting for pose…
2026-04-28T15:14:07  [INFO   ]  [T014/SC2/open_zigzag] 70.5s/300s  waiting for pose…
2026-04-28T15:14:12  [INFO   ]  [T014/SC2/open_zigzag] 75.6s/300s  waiting for pose…
2026-04-28T15:14:17  [INFO   ]  [T014/SC2/open_zigzag] 80.6s/300s  waiting for pose…
2026-04-28T15:14:22  [INFO   ]  [T014/SC2/open_zigzag] 85.7s/300s  waiting for pose…
2026-04-28T15:14:27  [INFO   ]  [T014/SC2/open_zigzag] 90.7s/300s  waiting for pose…
2026-04-28T15:14:32  [INFO   ]  [T014/SC2/open_zigzag] 95.7s/300s  waiting for pose…
2026-04-28T15:14:37  [WARNING]  [T014/SC2/open_zigzag] early termination — no pose data after 100s
2026-04-28T15:14:37  [INFO   ]  [T014/SC2/open_zigzag] nav done — goals 0/3 (0%)  elapsed=100s  failure=early_term: no pose data after 100s
2026-04-28T15:14:37  [DEBUG  ]  RosbagRecorder stopped  pid=99403
2026-04-28T15:14:37  [INFO   ]    → sc=open_zigzag  goals=0%  score=0.000  weighted=0.0000  running=0.0000  dist=nan  obs=nan  scans=0
2026-04-28T15:14:37  [INFO   ]  ── Scenario 3/6: warehouse_loop  (4 goals)  weight=0.25 ──
2026-04-28T15:14:37  [INFO   ]  [T014/SC3/warehouse_loop] starting
2026-04-28T15:14:37  [DEBUG  ]  Sending SIGTERM to sim_launch  pgid=98203
2026-04-28T15:14:37  [DEBUG  ]  sim_launch exited cleanly
2026-04-28T15:14:45  [DEBUG  ]    [sim] killed
2026-04-28T15:14:56  [INFO   ]    [sim] launched  pid=99695  world=warehouse.world
2026-04-28T15:14:56  [DEBUG  ]  RosbagRecorder started  pid=100171  dir=/media/lorenzo/writable/Go2_navigation/tuning_results/trial_014/scenario_warehouse_loop/rosbag
2026-04-28T15:14:56  [INFO   ]  [T014/SC3/warehouse_loop] waiting 10s for Gazebo bridge…
2026-04-28T15:15:06  [INFO   ]  [T014/SC3/warehouse_loop] spawning obstacles…
2026-04-28T15:15:36  [INFO   ]  [T014/SC3/warehouse_loop] waiting 20s for planner…
2026-04-28T15:15:46  [DEBUG  ]  [T014/SC3/warehouse_loop] heartbeat — 10s remaining
2026-04-28T15:15:56  [INFO   ]  [T014/SC3/warehouse_loop] nav started — 4 goal(s), timeout=180s
2026-04-28T15:15:56  [INFO   ]  [T014/SC3/warehouse_loop] 0.0s/180s  waiting for pose…
2026-04-28T15:15:56  [DEBUG  ]  [T014/SC3/warehouse_loop] initial_dist set from first pose: 18.12m  pos=(-6.12,-8.21)
2026-04-28T15:16:01  [INFO   ]  [T014/SC3/warehouse_loop] 5.0s/180s  pos=(-5.67,-8.23)  dist=17.67m  cmd=(0.32,-0.02)  mpc_ok=100%  solve=39.6ms
2026-04-28T15:16:06  [INFO   ]  [T014/SC3/warehouse_loop] 10.1s/180s  pos=(-5.20,-8.26)  dist=17.20m  cmd=(0.38,-0.01)  mpc_ok=100%  solve=28.7ms
2026-04-28T15:16:11  [INFO   ]  [T014/SC3/warehouse_loop] 15.1s/180s  pos=(-4.63,-8.26)  dist=16.64m  cmd=(0.19,0.01)  mpc_ok=100%  solve=38.4ms
2026-04-28T15:16:16  [INFO   ]  [T014/SC3/warehouse_loop] 20.1s/180s  pos=(-4.25,-8.25)  dist=16.25m  cmd=(0.00,-0.00)  mpc_ok=100%  solve=59.2ms
2026-04-28T15:16:21  [INFO   ]  [T014/SC3/warehouse_loop] 25.1s/180s  pos=(-4.33,-8.25)  dist=16.33m  cmd=(0.00,-0.00)  mpc_ok=100%  solve=55.2ms
2026-04-28T15:16:26  [INFO   ]  [T014/SC3/warehouse_loop] 30.1s/180s  pos=(-4.54,-8.26)  dist=16.54m  cmd=(-0.00,-0.01)  mpc_ok=100%  solve=65.2ms
2026-04-28T15:16:31  [INFO   ]  [T014/SC3/warehouse_loop] 35.1s/180s  pos=(-4.73,-8.35)  dist=16.73m  cmd=(0.00,-0.00)  mpc_ok=100%  solve=68.5ms
2026-04-28T15:16:36  [INFO   ]  [T014/SC3/warehouse_loop] 40.1s/180s  pos=(-4.76,-8.24)  dist=16.76m  cmd=(0.00,-0.00)  mpc_ok=100%  solve=60.7ms
2026-04-28T15:16:36  [WARNING]  [T014/SC3/warehouse_loop] early termination — insufficient progress over 30s (Δ=0.020 < 0.02)
2026-04-28T15:16:36  [INFO   ]  [T014/SC3/warehouse_loop] nav done — goals 0/4 (0%)  elapsed=40s  failure=early_term: insufficient progress over 30s (Δ=0.020 < 0.02)
2026-04-28T15:16:37  [DEBUG  ]  RosbagRecorder stopped  pid=100171
2026-04-28T15:16:37  [INFO   ]    → sc=warehouse_loop  goals=0%  score=0.330  weighted=0.0825  running=0.0825  dist=17.76  obs=1.000  scans=363
2026-04-28T15:16:37  [INFO   ]  ── Scenario 4/6: warehouse_cross_aisle  (3 goals)  weight=0.20 ──
2026-04-28T15:16:37  [INFO   ]  [T014/SC4/warehouse_cross_aisle] starting
2026-04-28T15:16:37  [INFO   ]    [sim] reusing Gazebo for world=warehouse.world  — resetting robot pose
2026-04-28T15:16:37  [DEBUG  ]    [sim] reset strategy 'gz service /world/warehouse/set_pose' returned 255 — trying next
2026-04-28T15:16:38  [INFO   ]    [sim] robot reset via 'ign service /world/warehouse/set_pose'  pos=(-4.00, 8.00)  heading=-1.571
2026-04-28T15:16:41  [DEBUG  ]    [sim] nav-reset 'redirect goal' ok
2026-04-28T15:16:41  [DEBUG  ]    [sim] nav-reset 'clear /a_star/path' ok
2026-04-28T15:16:41  [DEBUG  ]    [sim] nav-reset 'clear /mpc/predicted_path' ok
2026-04-28T15:16:41  [DEBUG  ]    [sim] nav-reset 'clear global costmap' returned 1
2026-04-28T15:16:41  [DEBUG  ]    [sim] nav-reset 'clear local costmap' returned 1
2026-04-28T15:16:41  [INFO   ]    [sim] nav state flushed — planner redirected to (-4.00, 2.00)
2026-04-28T15:16:41  [DEBUG  ]  RosbagRecorder started  pid=100958  dir=/media/lorenzo/writable/Go2_navigation/tuning_results/trial_014/scenario_warehouse_cross_aisle/rosbag
2026-04-28T15:16:41  [INFO   ]  [T014/SC4/warehouse_cross_aisle] waiting 10s for Gazebo bridge…
2026-04-28T15:16:51  [INFO   ]  [T014/SC4/warehouse_cross_aisle] spawning obstacles…
2026-04-28T15:17:15  [INFO   ]  [T014/SC4/warehouse_cross_aisle] waiting 20s for planner…
2026-04-28T15:17:25  [DEBUG  ]  [T014/SC4/warehouse_cross_aisle] heartbeat — 10s remaining
2026-04-28T15:17:35  [INFO   ]  [T014/SC4/warehouse_cross_aisle] nav started — 3 goal(s), timeout=150s
2026-04-28T15:17:35  [INFO   ]  [T014/SC4/warehouse_cross_aisle] 0.0s/150s  waiting for pose…
2026-04-28T15:17:35  [DEBUG  ]  [T014/SC4/warehouse_cross_aisle] initial_dist set from first pose: 3.90m  pos=(-3.82,-1.90)
2026-04-28T15:17:40  [INFO   ]  [T014/SC4/warehouse_cross_aisle] 5.0s/150s  pos=(-3.93,-2.88)  dist=4.88m  cmd=(0.80,-0.09)  mpc_ok=100%  solve=56.5ms
2026-04-28T15:17:45  [INFO   ]  [T014/SC4/warehouse_cross_aisle] 10.0s/150s  pos=(-4.03,-3.89)  dist=5.89m  cmd=(0.80,-0.08)  mpc_ok=100%  solve=79.4ms
2026-04-28T15:17:50  [INFO   ]  [T014/SC4/warehouse_cross_aisle] 15.0s/150s  pos=(-3.92,-4.91)  dist=6.91m  cmd=(0.34,-0.02)  mpc_ok=100%  solve=40.2ms
2026-04-28T15:17:55  [INFO   ]  [T014/SC4/warehouse_cross_aisle] 20.0s/150s  pos=(-3.98,-5.34)  dist=7.34m  cmd=(0.33,-0.00)  mpc_ok=100%  solve=63.4ms
2026-04-28T15:18:00  [INFO   ]  [T014/SC4/warehouse_cross_aisle] 25.0s/150s  pos=(-4.02,-5.99)  dist=7.99m  cmd=(0.18,0.00)  mpc_ok=100%  solve=36.7ms
2026-04-28T15:18:05  [INFO   ]  [T014/SC4/warehouse_cross_aisle] 30.1s/150s  pos=(-4.01,-6.47)  dist=8.47m  cmd=(0.12,-0.00)  mpc_ok=100%  solve=58.5ms
2026-04-28T15:18:10  [INFO   ]  [T014/SC4/warehouse_cross_aisle] 35.1s/150s  pos=(-4.02,-6.90)  dist=8.90m  cmd=(0.13,0.03)  mpc_ok=100%  solve=49.1ms
2026-04-28T15:18:15  [INFO   ]  [T014/SC4/warehouse_cross_aisle] 40.1s/150s  pos=(-4.01,-7.43)  dist=9.43m  cmd=(0.24,0.07)  mpc_ok=100%  solve=33.9ms
2026-04-28T15:18:20  [INFO   ]  [T014/SC4/warehouse_cross_aisle] 45.1s/150s  pos=(-4.06,-7.94)  dist=9.94m  cmd=(0.05,0.01)  mpc_ok=100%  solve=48.4ms
2026-04-28T15:18:25  [INFO   ]  [T014/SC4/warehouse_cross_aisle] 50.1s/150s  pos=(-4.13,-8.05)  dist=10.05m  cmd=(0.00,-0.00)  mpc_ok=100%  solve=47.9ms
2026-04-28T15:18:30  [INFO   ]  [T014/SC4/warehouse_cross_aisle] 55.1s/150s  pos=(-3.96,-7.38)  dist=9.38m  cmd=(0.30,-0.03)  mpc_ok=100%  solve=58.2ms
2026-04-28T15:18:35  [INFO   ]  [T014/SC4/warehouse_cross_aisle] 60.1s/150s  pos=(-4.00,-6.64)  dist=8.64m  cmd=(0.30,-0.02)  mpc_ok=100%  solve=60.9ms
2026-04-28T15:18:36  [WARNING]  [T014/SC4/warehouse_cross_aisle] early termination — insufficient progress over 30s (Δ=0.001 < 0.02)
2026-04-28T15:18:36  [INFO   ]  [T014/SC4/warehouse_cross_aisle] nav done — goals 0/3 (0%)  elapsed=61s  failure=early_term: insufficient progress over 30s (Δ=0.001 < 0.02)
2026-04-28T15:18:36  [DEBUG  ]  RosbagRecorder stopped  pid=100958
2026-04-28T15:18:36  [INFO   ]    → sc=warehouse_cross_aisle  goals=0%  score=0.355  weighted=0.0711  running=0.1536  dist=8.10  obs=0.999  scans=561
2026-04-28T15:18:36  [INFO   ]  ── Scenario 5/6: office_traverse  (3 goals)  weight=0.20 ──
2026-04-28T15:18:36  [INFO   ]  [T014/SC5/office_traverse] starting
2026-04-28T15:18:36  [DEBUG  ]  Sending SIGTERM to sim_launch  pgid=99695
2026-04-28T15:18:36  [DEBUG  ]  sim_launch exited cleanly
2026-04-28T15:18:44  [DEBUG  ]    [sim] killed
2026-04-28T15:18:55  [INFO   ]    [sim] launched  pid=101250  world=indoor_office.world
2026-04-28T15:18:55  [DEBUG  ]  RosbagRecorder started  pid=101726  dir=/media/lorenzo/writable/Go2_navigation/tuning_results/trial_014/scenario_office_traverse/rosbag
2026-04-28T15:18:55  [INFO   ]  [T014/SC5/office_traverse] waiting 10s for Gazebo bridge…
2026-04-28T15:19:05  [INFO   ]  [T014/SC5/office_traverse] spawning obstacles…
2026-04-28T15:19:29  [INFO   ]  [T014/SC5/office_traverse] waiting 20s for planner…
2026-04-28T15:19:39  [DEBUG  ]  [T014/SC5/office_traverse] heartbeat — 10s remaining
2026-04-28T15:19:49  [INFO   ]  [T014/SC5/office_traverse] nav started — 3 goal(s), timeout=150s
2026-04-28T15:19:49  [INFO   ]  [T014/SC5/office_traverse] 0.0s/150s  waiting for pose…
2026-04-28T15:19:49  [DEBUG  ]  [T014/SC5/office_traverse] initial_dist set from first pose: 7.12m  pos=(1.22,-6.56)
2026-04-28T15:19:54  [INFO   ]  [T014/SC5/office_traverse] 5.0s/150s  pos=(0.75,-6.28)  dist=7.07m  cmd=(-0.80,-0.30)  mpc_ok=100%  solve=43.7ms
2026-04-28T15:19:59  [INFO   ]  [T014/SC5/office_traverse] 10.1s/150s  pos=(0.08,-6.31)  dist=7.43m  cmd=(-0.80,-0.30)  mpc_ok=95%  solve=45.9ms
2026-04-28T15:20:04  [INFO   ]  [T014/SC5/office_traverse] 15.1s/150s  pos=(-0.40,-6.20)  dist=7.60m  cmd=(0.25,-0.30)  mpc_ok=100%  solve=72.0ms
2026-04-28T15:20:09  [INFO   ]  [T014/SC5/office_traverse] 20.1s/150s  pos=(-1.12,-6.40)  dist=8.19m  cmd=(0.40,0.21)  mpc_ok=95%  solve=90.9ms
2026-04-28T15:20:14  [INFO   ]  [T014/SC5/office_traverse] 25.1s/150s  pos=(-1.37,-6.76)  dist=8.63m  cmd=(0.61,0.20)  mpc_ok=100%  solve=92.9ms
2026-04-28T15:20:19  [INFO   ]  [T014/SC5/office_traverse] 30.1s/150s  pos=(-1.95,-5.84)  dist=8.34m  cmd=(0.80,-0.30)  mpc_ok=100%  solve=62.0ms
2026-04-28T15:20:24  [WARNING]  [T014/SC5/office_traverse] early termination — insufficient progress over 30s (Δ=0.001 < 0.02)
2026-04-28T15:20:24  [INFO   ]  [T014/SC5/office_traverse] nav done — goals 0/3 (0%)  elapsed=35s  failure=early_term: insufficient progress over 30s (Δ=0.001 < 0.02)
2026-04-28T15:20:24  [DEBUG  ]  RosbagRecorder stopped  pid=101726
2026-04-28T15:20:24  [INFO   ]    → sc=office_traverse  goals=0%  score=0.322  weighted=0.0644  running=0.2179  dist=14.46  obs=0.935  scans=311
2026-04-28T15:20:24  [INFO   ]  ── Scenario 6/6: office_corridor  (3 goals)  weight=0.15 ──
2026-04-28T15:20:24  [INFO   ]  [T014/SC6/office_corridor] starting
2026-04-28T15:20:24  [INFO   ]    [sim] reusing Gazebo for world=indoor_office.world  — resetting robot pose
2026-04-28T15:20:24  [DEBUG  ]    [sim] reset strategy 'gz service /world/indoor_office/set_pose' returned 255 — trying next
2026-04-28T15:20:25  [INFO   ]    [sim] robot reset via 'ign service /world/indoor_office/set_pose'  pos=(-4.00, -6.00)  heading=1.571
2026-04-28T15:20:28  [DEBUG  ]    [sim] nav-reset 'redirect goal' ok
2026-04-28T15:20:28  [DEBUG  ]    [sim] nav-reset 'clear /a_star/path' ok
2026-04-28T15:20:28  [DEBUG  ]    [sim] nav-reset 'clear /mpc/predicted_path' ok
2026-04-28T15:20:28  [DEBUG  ]    [sim] nav-reset 'clear global costmap' returned 1
2026-04-28T15:20:28  [DEBUG  ]    [sim] nav-reset 'clear local costmap' returned 1
2026-04-28T15:20:28  [INFO   ]    [sim] nav state flushed — planner redirected to (-4.00, 0.00)
2026-04-28T15:20:28  [DEBUG  ]  RosbagRecorder started  pid=102466  dir=/media/lorenzo/writable/Go2_navigation/tuning_results/trial_014/scenario_office_corridor/rosbag
2026-04-28T15:20:28  [INFO   ]  [T014/SC6/office_corridor] waiting 10s for Gazebo bridge…
2026-04-28T15:20:38  [INFO   ]  [T014/SC6/office_corridor] spawning obstacles…
2026-04-28T15:21:02  [INFO   ]  [T014/SC6/office_corridor] waiting 20s for planner…
2026-04-28T15:21:12  [DEBUG  ]  [T014/SC6/office_corridor] heartbeat — 10s remaining
2026-04-28T15:21:22  [INFO   ]  [T014/SC6/office_corridor] nav started — 3 goal(s), timeout=150s
2026-04-28T15:21:22  [INFO   ]  [T014/SC6/office_corridor] 0.1s/150s  waiting for pose…
2026-04-28T15:21:22  [DEBUG  ]  [T014/SC6/office_corridor] initial_dist set from first pose: 4.03m  pos=(-7.85,-1.19)
2026-04-28T15:21:27  [INFO   ]  [T014/SC6/office_corridor] 5.1s/150s  pos=(-7.61,-0.20)  dist=3.62m  cmd=(0.80,-0.30)  mpc_ok=100%  solve=81.6ms
2026-04-28T15:21:32  [INFO   ]  [T014/SC6/office_corridor] 10.1s/150s  pos=(-6.38,0.42)  dist=2.42m  cmd=(0.17,-0.30)  mpc_ok=100%  solve=88.3ms
2026-04-28T15:21:37  [INFO   ]  [T014/SC6/office_corridor] 15.1s/150s  pos=(-6.70,-0.08)  dist=2.70m  cmd=(0.80,0.09)  mpc_ok=100%  solve=52.7ms
2026-04-28T15:21:42  [INFO   ]  [T014/SC6/office_corridor] 20.1s/150s  pos=(-7.44,0.95)  dist=3.57m  cmd=(0.80,-0.30)  mpc_ok=100%  solve=65.4ms
2026-04-28T15:21:47  [INFO   ]  [T014/SC6/office_corridor] 25.1s/150s  pos=(-7.54,1.50)  dist=3.85m  cmd=(0.80,-0.10)  mpc_ok=100%  solve=47.8ms
2026-04-28T15:21:52  [INFO   ]  [T014/SC6/office_corridor] 30.1s/150s  pos=(-7.34,1.64)  dist=3.72m  cmd=(0.80,-0.15)  mpc_ok=100%  solve=69.7ms
2026-04-28T15:21:56  [WARNING]  [T014/SC6/office_corridor] early termination — insufficient progress over 30s (Δ=0.019 < 0.02)
2026-04-28T15:21:56  [INFO   ]  [T014/SC6/office_corridor] nav done — goals 0/3 (0%)  elapsed=34s  failure=early_term: insufficient progress over 30s (Δ=0.019 < 0.02)
2026-04-28T15:21:57  [DEBUG  ]  RosbagRecorder stopped  pid=102466
2026-04-28T15:21:57  [INFO   ]    → sc=office_corridor  goals=0%  score=0.346  weighted=0.0519  running=0.2698  dist=8.83  obs=0.907  scans=316
2026-04-28T15:21:57  [DEBUG  ]  Sending SIGTERM to sim_launch  pgid=101250
2026-04-28T15:21:57  [DEBUG  ]  sim_launch exited cleanly
2026-04-28T15:22:05  [DEBUG  ]    [sim] killed
2026-04-28T15:22:05  [INFO   ]  [GP] fitting on 14 observations…
2026-04-28T15:22:05  [INFO   ]  [GP] active  noise=0.9993  gp_mean=0.3372±0.0379  top5=mpc_Q_terminal=0.571  mpc_Q_y=0.199  mpc_Q_x=0.162  mpc_W_obs_sigmoid=0.045  mpc_Q_yaw=0.018
2026-04-28T15:22:05  [DEBUG  ]  [GP] model checkpoint saved  /media/lorenzo/writable/Go2_navigation/tuning_results/trial_014/gp_data/gp_model.joblib
2026-04-28T15:22:05  [DEBUG  ]  [GP] checkpoint written  /media/lorenzo/writable/Go2_navigation/tuning_results/trial_014/gp_data
2026-04-28T15:22:06  [DEBUG  ]  [plot] gp_marginals saved  /media/lorenzo/writable/Go2_navigation/tuning_results/gp_marginals.png
2026-04-28T15:22:06  [DEBUG  ]  [plot] gp_fitted_vs_actual saved  /media/lorenzo/writable/Go2_navigation/tuning_results/gp_fitted_vs_actual.png
2026-04-28T15:22:06  [DEBUG  ]  [disk] removed bag  /media/lorenzo/writable/Go2_navigation/tuning_results/trial_009/scenario_open_zigzag/rosbag
2026-04-28T15:22:06  [DEBUG  ]  [disk] removed bag  /media/lorenzo/writable/Go2_navigation/tuning_results/trial_009/scenario_office_corridor/rosbag
2026-04-28T15:22:06  [DEBUG  ]  [disk] removed bag  /media/lorenzo/writable/Go2_navigation/tuning_results/trial_009/scenario_warehouse_loop/rosbag
2026-04-28T15:22:06  [DEBUG  ]  [disk] removed bag  /media/lorenzo/writable/Go2_navigation/tuning_results/trial_009/scenario_office_traverse/rosbag
2026-04-28T15:22:06  [DEBUG  ]  [disk] removed bag  /media/lorenzo/writable/Go2_navigation/tuning_results/trial_009/scenario_warehouse_cross_aisle/rosbag
2026-04-28T15:22:06  [DEBUG  ]  [disk] removed bag  /media/lorenzo/writable/Go2_navigation/tuning_results/trial_009/scenario_open_square/rosbag
2026-04-28T15:22:06  [INFO   ]  [trial 014/50]  aggregate=0.2698  best=0.3830(t006)  elapsed=13.2min  GP=active(n=14)
2026-04-28T15:22:06  [INFO   ]  ============================================================
2026-04-28T15:22:06  [INFO   ]  Trial 015/50  [TPE-GUIDED]  2026-04-28T15:22:06  ETA ~235min
2026-04-28T15:22:06  [INFO   ]  Params: {'grid_std': '0.211', 'mpc_Q_terminal': '59.147', 'mpc_Q_x': '201.641', 'mpc_Q_y': '386.616', 'mpc_Q_yaw': '12.468', 'mpc_W_obs_sigmoid': '72.500'}
2026-04-28T15:22:06  [INFO   ]  ============================================================
2026-04-28T15:22:06  [INFO   ]  ── Scenario 1/6: open_square  (3 goals)  weight=0.10 ──
2026-04-28T15:22:06  [INFO   ]  [T015/SC1/open_square] starting
2026-04-28T15:22:16  [INFO   ]    [sim] launched  pid=102777  world=default.sdf
2026-04-28T15:22:16  [DEBUG  ]  RosbagRecorder started  pid=103254  dir=/media/lorenzo/writable/Go2_navigation/tuning_results/trial_015/scenario_open_square/rosbag
2026-04-28T15:22:16  [INFO   ]  [T015/SC1/open_square] waiting 10s for Gazebo bridge…
2026-04-28T15:22:26  [INFO   ]  [T015/SC1/open_square] spawning obstacles…
2026-04-28T15:22:51  [INFO   ]  [T015/SC1/open_square] waiting 20s for planner…
2026-04-28T15:23:01  [DEBUG  ]  [T015/SC1/open_square] heartbeat — 10s remaining
2026-04-28T15:23:11  [INFO   ]  [T015/SC1/open_square] nav started — 3 goal(s), timeout=300s
2026-04-28T15:23:11  [INFO   ]  [T015/SC1/open_square] 0.0s/300s  waiting for pose…
2026-04-28T15:23:11  [DEBUG  ]  [T015/SC1/open_square] initial_dist set from first pose: 1.75m  pos=(6.03,-1.45)
2026-04-28T15:23:16  [INFO   ]  [T015/SC1/open_square] 5.0s/300s  pos=(6.51,-0.67)  dist=0.83m  cmd=(0.39,0.06)  mpc_ok=100%  solve=35.0ms
2026-04-28T15:23:18  [INFO   ]  [T015/SC1/open_square] goal 1/3 reached  pos=(6.72,-0.41)  elapsed=7s
2026-04-28T15:23:21  [INFO   ]  [T015/SC1/open_square] 3.2s/300s  pos=(6.84,-0.28)  dist=6.28m  cmd=(0.21,-0.00)  mpc_ok=100%  solve=39.7ms
2026-04-28T15:23:26  [INFO   ]  [T015/SC1/open_square] 8.2s/300s  pos=(6.84,-0.29)  dist=6.29m  cmd=(0.25,-0.01)  mpc_ok=100%  solve=38.2ms
2026-04-28T15:23:31  [INFO   ]  [T015/SC1/open_square] 13.2s/300s  pos=(6.84,-0.29)  dist=6.29m  cmd=(0.25,0.00)  mpc_ok=100%  solve=35.8ms
2026-04-28T15:23:36  [INFO   ]  [T015/SC1/open_square] 18.3s/300s  pos=(6.83,-0.29)  dist=6.29m  cmd=(0.25,0.00)  mpc_ok=100%  solve=40.0ms
2026-04-28T15:23:41  [INFO   ]  [T015/SC1/open_square] 23.3s/300s  pos=(6.82,-0.29)  dist=6.29m  cmd=(0.25,0.01)  mpc_ok=100%  solve=36.1ms
2026-04-28T15:23:46  [INFO   ]  [T015/SC1/open_square] 28.3s/300s  pos=(6.81,-0.29)  dist=6.29m  cmd=(0.23,0.01)  mpc_ok=100%  solve=37.1ms
2026-04-28T15:23:48  [WARNING]  [T015/SC1/open_square] early termination — insufficient progress over 30s (Δ=0.019 < 0.02)
2026-04-28T15:23:48  [INFO   ]  [T015/SC1/open_square] nav done — goals 1/3 (33%)  elapsed=30s  failure=early_term: insufficient progress over 30s (Δ=0.019 < 0.02)
2026-04-28T15:23:49  [DEBUG  ]  RosbagRecorder stopped  pid=103254
2026-04-28T15:23:49  [INFO   ]    → sc=open_square  goals=33%  score=0.395  weighted=0.0395  running=0.0395  dist=9.98  obs=1.000  scans=13
2026-04-28T15:23:49  [INFO   ]  ── Scenario 2/6: open_zigzag  (3 goals)  weight=0.10 ──
2026-04-28T15:23:49  [INFO   ]  [T015/SC2/open_zigzag] starting
2026-04-28T15:23:49  [INFO   ]    [sim] reusing Gazebo for world=default.sdf  — resetting robot pose
2026-04-28T15:23:49  [DEBUG  ]    [sim] reset strategy 'gz service /world/default/set_pose' returned 255 — trying next
2026-04-28T15:23:49  [INFO   ]    [sim] robot reset via 'ign service /world/default/set_pose'  pos=(0.00, 0.00)  heading=0.000
2026-04-28T15:23:52  [DEBUG  ]    [sim] nav-reset 'redirect goal' ok
2026-04-28T15:23:52  [DEBUG  ]    [sim] nav-reset 'clear /a_star/path' ok
2026-04-28T15:23:52  [DEBUG  ]    [sim] nav-reset 'clear /mpc/predicted_path' ok
2026-04-28T15:23:52  [DEBUG  ]    [sim] nav-reset 'clear global costmap' returned 1
2026-04-28T15:23:52  [DEBUG  ]    [sim] nav-reset 'clear local costmap' returned 1
2026-04-28T15:23:52  [INFO   ]    [sim] nav state flushed — planner redirected to (-6.00, 3.00)
2026-04-28T15:23:52  [DEBUG  ]  RosbagRecorder started  pid=103994  dir=/media/lorenzo/writable/Go2_navigation/tuning_results/trial_015/scenario_open_zigzag/rosbag
2026-04-28T15:23:52  [INFO   ]  [T015/SC2/open_zigzag] waiting 10s for Gazebo bridge…
2026-04-28T15:24:02  [INFO   ]  [T015/SC2/open_zigzag] spawning obstacles…
2026-04-28T15:24:27  [INFO   ]  [T015/SC2/open_zigzag] waiting 20s for planner…
2026-04-28T15:24:37  [DEBUG  ]  [T015/SC2/open_zigzag] heartbeat — 10s remaining
2026-04-28T15:24:47  [INFO   ]  [T015/SC2/open_zigzag] nav started — 3 goal(s), timeout=300s
2026-04-28T15:24:47  [INFO   ]  [T015/SC2/open_zigzag] 0.0s/300s  waiting for pose…
2026-04-28T15:24:47  [DEBUG  ]  [T015/SC2/open_zigzag] initial_dist set from first pose: 0.15m  pos=(-6.05,2.86)
2026-04-28T15:24:47  [INFO   ]  [T015/SC2/open_zigzag] goal 1/3 reached  pos=(-6.05,2.86)  elapsed=0s
2026-04-28T15:24:52  [INFO   ]  [T015/SC2/open_zigzag] 5.0s/300s  pos=(-6.06,2.87)  dist=12.46m  cmd=(0.06,-0.00)  mpc_ok=0%  solve=3.1ms
2026-04-28T15:24:57  [INFO   ]  [T015/SC2/open_zigzag] 10.0s/300s  pos=(-6.05,2.86)  dist=12.46m  cmd=(0.09,0.00)  mpc_ok=0%  solve=2.4ms
2026-04-28T15:25:02  [INFO   ]  [T015/SC2/open_zigzag] 15.1s/300s  pos=(-6.05,2.87)  dist=12.45m  cmd=(0.11,-0.00)  mpc_ok=0%  solve=3.0ms
2026-04-28T15:25:07  [INFO   ]  [T015/SC2/open_zigzag] 20.1s/300s  pos=(-6.04,2.86)  dist=12.44m  cmd=(0.14,0.00)  mpc_ok=0%  solve=1.8ms
2026-04-28T15:25:12  [INFO   ]  [T015/SC2/open_zigzag] 25.1s/300s  pos=(-6.03,2.86)  dist=12.43m  cmd=(0.18,0.00)  mpc_ok=0%  solve=2.4ms
2026-04-28T15:25:17  [WARNING]  [T015/SC2/open_zigzag] early termination — insufficient progress over 30s (Δ=0.002 < 0.02)
2026-04-28T15:25:17  [INFO   ]  [T015/SC2/open_zigzag] nav done — goals 1/3 (33%)  elapsed=30s  failure=early_term: insufficient progress over 30s (Δ=0.002 < 0.02)
2026-04-28T15:25:18  [DEBUG  ]  RosbagRecorder stopped  pid=103994
2026-04-28T15:25:18  [INFO   ]    → sc=open_zigzag  goals=33%  score=0.200  weighted=0.0200  running=0.0595  dist=6.16  obs=0.000  scans=0
2026-04-28T15:25:18  [INFO   ]  ── Scenario 3/6: warehouse_loop  (4 goals)  weight=0.25 ──
2026-04-28T15:25:18  [INFO   ]  [T015/SC3/warehouse_loop] starting
2026-04-28T15:25:18  [DEBUG  ]  Sending SIGTERM to sim_launch  pgid=102777
2026-04-28T15:25:18  [DEBUG  ]  sim_launch exited cleanly
2026-04-28T15:25:26  [DEBUG  ]    [sim] killed
2026-04-28T15:25:36  [INFO   ]    [sim] launched  pid=104286  world=warehouse.world
2026-04-28T15:25:36  [DEBUG  ]  RosbagRecorder started  pid=104762  dir=/media/lorenzo/writable/Go2_navigation/tuning_results/trial_015/scenario_warehouse_loop/rosbag
2026-04-28T15:25:36  [INFO   ]  [T015/SC3/warehouse_loop] waiting 10s for Gazebo bridge…
2026-04-28T15:25:46  [INFO   ]  [T015/SC3/warehouse_loop] spawning obstacles…
2026-04-28T15:26:16  [INFO   ]  [T015/SC3/warehouse_loop] waiting 20s for planner…
2026-04-28T15:26:26  [DEBUG  ]  [T015/SC3/warehouse_loop] heartbeat — 10s remaining
2026-04-28T15:26:36  [INFO   ]  [T015/SC3/warehouse_loop] nav started — 4 goal(s), timeout=180s
2026-04-28T15:26:36  [INFO   ]  [T015/SC3/warehouse_loop] 0.0s/180s  waiting for pose…
2026-04-28T15:26:36  [DEBUG  ]  [T015/SC3/warehouse_loop] initial_dist set from first pose: 17.92m  pos=(-5.92,-8.24)
2026-04-28T15:26:41  [INFO   ]  [T015/SC3/warehouse_loop] 5.0s/180s  pos=(-5.55,-8.28)  dist=17.55m  cmd=(0.32,0.01)  mpc_ok=100%  solve=26.9ms
2026-04-28T15:26:46  [INFO   ]  [T015/SC3/warehouse_loop] 10.0s/180s  pos=(-5.05,-8.28)  dist=17.05m  cmd=(0.01,-0.00)  mpc_ok=100%  solve=21.2ms
2026-04-28T15:26:51  [INFO   ]  [T015/SC3/warehouse_loop] 15.1s/180s  pos=(-4.59,-8.27)  dist=16.59m  cmd=(0.21,-0.00)  mpc_ok=100%  solve=21.1ms
2026-04-28T15:26:56  [INFO   ]  [T015/SC3/warehouse_loop] 20.1s/180s  pos=(-4.20,-8.27)  dist=16.20m  cmd=(0.30,-0.01)  mpc_ok=100%  solve=28.9ms
2026-04-28T15:27:01  [INFO   ]  [T015/SC3/warehouse_loop] 25.1s/180s  pos=(-3.80,-8.27)  dist=15.80m  cmd=(0.00,-0.00)  mpc_ok=100%  solve=68.6ms
2026-04-28T15:27:06  [INFO   ]  [T015/SC3/warehouse_loop] 30.1s/180s  pos=(-3.91,-8.27)  dist=15.91m  cmd=(0.00,-0.00)  mpc_ok=100%  solve=36.9ms
2026-04-28T15:27:11  [INFO   ]  [T015/SC3/warehouse_loop] 35.1s/180s  pos=(-4.10,-8.29)  dist=16.10m  cmd=(-0.00,-0.00)  mpc_ok=100%  solve=70.7ms
2026-04-28T15:27:16  [INFO   ]  [T015/SC3/warehouse_loop] 40.1s/180s  pos=(-4.10,-8.29)  dist=16.10m  cmd=(-0.00,-0.00)  mpc_ok=100%  solve=47.1ms
2026-04-28T15:27:21  [INFO   ]  [T015/SC3/warehouse_loop] 45.2s/180s  pos=(-4.10,-8.29)  dist=16.10m  cmd=(-0.00,-0.00)  mpc_ok=100%  solve=50.9ms
2026-04-28T15:27:23  [WARNING]  [T015/SC3/warehouse_loop] early termination — insufficient progress over 30s (Δ=0.020 < 0.02)
2026-04-28T15:27:23  [INFO   ]  [T015/SC3/warehouse_loop] nav done — goals 0/4 (0%)  elapsed=47s  failure=early_term: insufficient progress over 30s (Δ=0.020 < 0.02)
2026-04-28T15:27:24  [DEBUG  ]  RosbagRecorder stopped  pid=104762
2026-04-28T15:27:24  [INFO   ]    → sc=warehouse_loop  goals=0%  score=0.330  weighted=0.0825  running=0.1420  dist=18.11  obs=1.000  scans=438
2026-04-28T15:27:24  [INFO   ]  ── Scenario 4/6: warehouse_cross_aisle  (3 goals)  weight=0.20 ──
2026-04-28T15:27:24  [INFO   ]  [T015/SC4/warehouse_cross_aisle] starting
2026-04-28T15:27:24  [INFO   ]    [sim] reusing Gazebo for world=warehouse.world  — resetting robot pose
2026-04-28T15:27:24  [DEBUG  ]    [sim] reset strategy 'gz service /world/warehouse/set_pose' returned 255 — trying next
2026-04-28T15:27:24  [INFO   ]    [sim] robot reset via 'ign service /world/warehouse/set_pose'  pos=(-4.00, 8.00)  heading=-1.571
2026-04-28T15:27:27  [DEBUG  ]    [sim] nav-reset 'redirect goal' ok
2026-04-28T15:27:27  [DEBUG  ]    [sim] nav-reset 'clear /a_star/path' ok
2026-04-28T15:27:27  [DEBUG  ]    [sim] nav-reset 'clear /mpc/predicted_path' ok
2026-04-28T15:27:27  [DEBUG  ]    [sim] nav-reset 'clear global costmap' returned 1
2026-04-28T15:27:27  [DEBUG  ]    [sim] nav-reset 'clear local costmap' returned 1
2026-04-28T15:27:27  [INFO   ]    [sim] nav state flushed — planner redirected to (-4.00, 2.00)
2026-04-28T15:27:28  [DEBUG  ]  RosbagRecorder started  pid=105548  dir=/media/lorenzo/writable/Go2_navigation/tuning_results/trial_015/scenario_warehouse_cross_aisle/rosbag
2026-04-28T15:27:28  [INFO   ]  [T015/SC4/warehouse_cross_aisle] waiting 10s for Gazebo bridge…
2026-04-28T15:27:38  [INFO   ]  [T015/SC4/warehouse_cross_aisle] spawning obstacles…
2026-04-28T15:28:01  [INFO   ]  [T015/SC4/warehouse_cross_aisle] waiting 20s for planner…
2026-04-28T15:28:11  [DEBUG  ]  [T015/SC4/warehouse_cross_aisle] heartbeat — 10s remaining
2026-04-28T15:28:21  [INFO   ]  [T015/SC4/warehouse_cross_aisle] nav started — 3 goal(s), timeout=150s
2026-04-28T15:28:21  [INFO   ]  [T015/SC4/warehouse_cross_aisle] 0.0s/150s  waiting for pose…
2026-04-28T15:28:21  [DEBUG  ]  [T015/SC4/warehouse_cross_aisle] initial_dist set from first pose: 3.48m  pos=(-4.64,-1.43)
2026-04-28T15:28:26  [INFO   ]  [T015/SC4/warehouse_cross_aisle] 5.0s/150s  pos=(-4.52,-2.38)  dist=4.41m  cmd=(0.80,0.01)  mpc_ok=0%  solve=1.6ms
2026-04-28T15:28:31  [INFO   ]  [T015/SC4/warehouse_cross_aisle] 10.0s/150s  pos=(-4.43,-3.36)  dist=5.37m  cmd=(0.80,0.08)  mpc_ok=0%  solve=1.9ms
2026-04-28T15:28:36  [INFO   ]  [T015/SC4/warehouse_cross_aisle] 15.0s/150s  pos=(-4.25,-4.37)  dist=6.37m  cmd=(0.80,0.01)  mpc_ok=0%  solve=1.8ms
2026-04-28T15:28:41  [INFO   ]  [T015/SC4/warehouse_cross_aisle] 20.0s/150s  pos=(-4.13,-5.36)  dist=7.36m  cmd=(0.53,-0.01)  mpc_ok=0%  solve=1.8ms
2026-04-28T15:28:46  [INFO   ]  [T015/SC4/warehouse_cross_aisle] 25.0s/150s  pos=(-4.12,-6.02)  dist=8.02m  cmd=(0.29,-0.00)  mpc_ok=0%  solve=1.9ms
2026-04-28T15:28:51  [WARNING]  [T015/SC4/warehouse_cross_aisle] early termination — MPC success rate 0% < 70%
2026-04-28T15:28:51  [INFO   ]  [T015/SC4/warehouse_cross_aisle] nav done — goals 0/3 (0%)  elapsed=30s  failure=early_term: MPC success rate 0% < 70%
2026-04-28T15:28:52  [DEBUG  ]  RosbagRecorder stopped  pid=105548
2026-04-28T15:28:52  [INFO   ]    → sc=warehouse_cross_aisle  goals=0%  score=0.293  weighted=0.0587  running=0.2007  dist=8.26  obs=1.000  scans=283
2026-04-28T15:28:52  [INFO   ]  ── Scenario 5/6: office_traverse  (3 goals)  weight=0.20 ──
2026-04-28T15:28:52  [INFO   ]  [T015/SC5/office_traverse] starting
2026-04-28T15:28:52  [DEBUG  ]  Sending SIGTERM to sim_launch  pgid=104286
2026-04-28T15:28:52  [DEBUG  ]  sim_launch exited cleanly
2026-04-28T15:29:00  [DEBUG  ]    [sim] killed
2026-04-28T15:29:11  [INFO   ]    [sim] launched  pid=105840  world=indoor_office.world
2026-04-28T15:29:11  [DEBUG  ]  RosbagRecorder started  pid=106316  dir=/media/lorenzo/writable/Go2_navigation/tuning_results/trial_015/scenario_office_traverse/rosbag
2026-04-28T15:29:11  [INFO   ]  [T015/SC5/office_traverse] waiting 10s for Gazebo bridge…
2026-04-28T15:29:21  [INFO   ]  [T015/SC5/office_traverse] spawning obstacles…
2026-04-28T15:29:45  [INFO   ]  [T015/SC5/office_traverse] waiting 20s for planner…
2026-04-28T15:29:55  [DEBUG  ]  [T015/SC5/office_traverse] heartbeat — 10s remaining
2026-04-28T15:30:05  [INFO   ]  [T015/SC5/office_traverse] nav started — 3 goal(s), timeout=150s
2026-04-28T15:30:05  [INFO   ]  [T015/SC5/office_traverse] 0.0s/150s  waiting for pose…
2026-04-28T15:30:05  [DEBUG  ]  [T015/SC5/office_traverse] initial_dist set from first pose: 4.57m  pos=(3.92,-4.57)
2026-04-28T15:30:10  [INFO   ]  [T015/SC5/office_traverse] 5.0s/150s  pos=(3.54,-3.98)  dist=4.01m  cmd=(0.80,-0.30)  mpc_ok=100%  solve=59.3ms
2026-04-28T15:30:15  [INFO   ]  [T015/SC5/office_traverse] 10.0s/150s  pos=(3.59,-2.40)  dist=2.43m  cmd=(0.42,-0.30)  mpc_ok=100%  solve=36.8ms
2026-04-28T15:30:20  [INFO   ]  [T015/SC5/office_traverse] 15.0s/150s  pos=(3.64,-1.28)  dist=1.33m  cmd=(0.00,-0.01)  mpc_ok=100%  solve=114.0ms
2026-04-28T15:30:25  [INFO   ]  [T015/SC5/office_traverse] 20.0s/150s  pos=(3.84,-1.03)  dist=1.04m  cmd=(0.43,-0.17)  mpc_ok=100%  solve=33.6ms
2026-04-28T15:30:29  [INFO   ]  [T015/SC5/office_traverse] goal 1/3 reached  pos=(3.72,-0.41)  elapsed=24s
2026-04-28T15:30:30  [INFO   ]  [T015/SC5/office_traverse] 0.6s/150s  pos=(3.81,-0.41)  dist=4.67m  cmd=(0.00,-0.06)  mpc_ok=100%  solve=60.3ms
2026-04-28T15:30:35  [INFO   ]  [T015/SC5/office_traverse] 5.6s/150s  pos=(3.52,0.32)  dist=4.39m  cmd=(0.80,-0.13)  mpc_ok=100%  solve=25.7ms
2026-04-28T15:30:40  [INFO   ]  [T015/SC5/office_traverse] 10.6s/150s  pos=(3.73,1.74)  dist=3.51m  cmd=(0.80,-0.26)  mpc_ok=100%  solve=50.3ms
2026-04-28T15:30:45  [INFO   ]  [T015/SC5/office_traverse] 15.6s/150s  pos=(4.01,3.19)  dist=2.99m  cmd=(0.72,-0.23)  mpc_ok=100%  solve=50.8ms
2026-04-28T15:30:50  [INFO   ]  [T015/SC5/office_traverse] 20.6s/150s  pos=(3.47,3.54)  dist=3.58m  cmd=(0.80,0.09)  mpc_ok=100%  solve=54.6ms
2026-04-28T15:30:55  [INFO   ]  [T015/SC5/office_traverse] 25.7s/150s  pos=(2.44,3.68)  dist=4.61m  cmd=(0.66,-0.21)  mpc_ok=100%  solve=103.1ms
2026-04-28T15:31:00  [INFO   ]  [T015/SC5/office_traverse] 30.7s/150s  pos=(3.02,3.43)  dist=4.00m  cmd=(0.66,-0.30)  mpc_ok=100%  solve=64.7ms
2026-04-28T15:31:05  [INFO   ]  [T015/SC5/office_traverse] 35.7s/150s  pos=(3.69,2.10)  dist=3.43m  cmd=(0.29,-0.30)  mpc_ok=100%  solve=109.8ms
2026-04-28T15:31:07  [WARNING]  [T015/SC5/office_traverse] early termination — insufficient progress over 30s (Δ=0.018 < 0.02)
2026-04-28T15:31:07  [INFO   ]  [T015/SC5/office_traverse] nav done — goals 1/3 (33%)  elapsed=38s  failure=early_term: insufficient progress over 30s (Δ=0.018 < 0.02)
2026-04-28T15:31:08  [DEBUG  ]  RosbagRecorder stopped  pid=106316
2026-04-28T15:31:08  [INFO   ]    → sc=office_traverse  goals=33%  score=0.425  weighted=0.0850  running=0.2857  dist=6.78  obs=0.997  scans=557
2026-04-28T15:31:08  [INFO   ]  ── Scenario 6/6: office_corridor  (3 goals)  weight=0.15 ──
2026-04-28T15:31:08  [INFO   ]  [T015/SC6/office_corridor] starting
2026-04-28T15:31:08  [INFO   ]    [sim] reusing Gazebo for world=indoor_office.world  — resetting robot pose
2026-04-28T15:31:08  [DEBUG  ]    [sim] reset strategy 'gz service /world/indoor_office/set_pose' returned 255 — trying next
2026-04-28T15:31:09  [INFO   ]    [sim] robot reset via 'ign service /world/indoor_office/set_pose'  pos=(-4.00, -6.00)  heading=1.571
2026-04-28T15:31:12  [DEBUG  ]    [sim] nav-reset 'redirect goal' ok
2026-04-28T15:31:12  [DEBUG  ]    [sim] nav-reset 'clear /a_star/path' ok
2026-04-28T15:31:12  [DEBUG  ]    [sim] nav-reset 'clear /mpc/predicted_path' ok
2026-04-28T15:31:12  [DEBUG  ]    [sim] nav-reset 'clear global costmap' returned 1
2026-04-28T15:31:12  [DEBUG  ]    [sim] nav-reset 'clear local costmap' returned 1
2026-04-28T15:31:12  [INFO   ]    [sim] nav state flushed — planner redirected to (-4.00, 0.00)
2026-04-28T15:31:12  [DEBUG  ]  RosbagRecorder started  pid=107056  dir=/media/lorenzo/writable/Go2_navigation/tuning_results/trial_015/scenario_office_corridor/rosbag
2026-04-28T15:31:12  [INFO   ]  [T015/SC6/office_corridor] waiting 10s for Gazebo bridge…
2026-04-28T15:31:22  [INFO   ]  [T015/SC6/office_corridor] spawning obstacles…
2026-04-28T15:31:46  [INFO   ]  [T015/SC6/office_corridor] waiting 20s for planner…
2026-04-28T15:31:56  [DEBUG  ]  [T015/SC6/office_corridor] heartbeat — 10s remaining
2026-04-28T15:32:06  [INFO   ]  [T015/SC6/office_corridor] nav started — 3 goal(s), timeout=150s
2026-04-28T15:32:06  [DEBUG  ]  [T015/SC6/office_corridor] initial_dist set from first pose: 2.21m  pos=(-4.05,2.21)
2026-04-28T15:32:06  [INFO   ]  [T015/SC6/office_corridor] 0.0s/150s  pos=(-4.05,2.21)  dist=2.21m  cmd=(0.00,0.00)  mpc_ok=nan%  solve=nanms
2026-04-28T15:32:11  [INFO   ]  [T015/SC6/office_corridor] 5.0s/150s  pos=(-3.30,2.72)  dist=2.81m  cmd=(0.80,-0.15)  mpc_ok=0%  solve=2.0ms
2026-04-28T15:32:16  [INFO   ]  [T015/SC6/office_corridor] 10.0s/150s  pos=(-1.84,2.09)  dist=3.01m  cmd=(0.80,-0.30)  mpc_ok=0%  solve=3.3ms
2026-04-28T15:32:21  [INFO   ]  [T015/SC6/office_corridor] 15.0s/150s  pos=(-0.29,2.03)  dist=4.23m  cmd=(0.48,-0.30)  mpc_ok=0%  solve=1.7ms
2026-04-28T15:32:26  [INFO   ]  [T015/SC6/office_corridor] 20.0s/150s  pos=(1.01,2.75)  dist=5.72m  cmd=(0.43,-0.30)  mpc_ok=0%  solve=1.9ms
2026-04-28T15:32:31  [INFO   ]  [T015/SC6/office_corridor] 25.1s/150s  pos=(2.44,3.19)  dist=7.19m  cmd=(0.52,-0.30)  mpc_ok=0%  solve=1.8ms
2026-04-28T15:32:36  [WARNING]  [T015/SC6/office_corridor] early termination — MPC success rate 0% < 70%
2026-04-28T15:32:36  [INFO   ]  [T015/SC6/office_corridor] nav done — goals 0/3 (0%)  elapsed=30s  failure=early_term: MPC success rate 0% < 70%
2026-04-28T15:32:37  [DEBUG  ]  RosbagRecorder stopped  pid=107056
2026-04-28T15:32:37  [INFO   ]    → sc=office_corridor  goals=0%  score=0.250  weighted=0.0374  running=0.3231  dist=5.25  obs=0.990  scans=274
2026-04-28T15:32:37  [DEBUG  ]  Sending SIGTERM to sim_launch  pgid=105840
2026-04-28T15:32:37  [DEBUG  ]  sim_launch exited cleanly
2026-04-28T15:32:45  [DEBUG  ]    [sim] killed
2026-04-28T15:32:45  [INFO   ]  [GP] fitting on 15 observations…
2026-04-28T15:32:45  [INFO   ]  [GP] active  noise=0.9717  gp_mean=0.3375±0.0367  top5=mpc_Q_y=0.392  mpc_Q_terminal=0.377  mpc_Q_x=0.162  mpc_W_obs_sigmoid=0.045  mpc_Q_yaw=0.018
2026-04-28T15:32:45  [DEBUG  ]  [GP] model checkpoint saved  /media/lorenzo/writable/Go2_navigation/tuning_results/trial_015/gp_data/gp_model.joblib
2026-04-28T15:32:45  [DEBUG  ]  [GP] checkpoint written  /media/lorenzo/writable/Go2_navigation/tuning_results/trial_015/gp_data
2026-04-28T15:32:46  [DEBUG  ]  [plot] gp_marginals saved  /media/lorenzo/writable/Go2_navigation/tuning_results/gp_marginals.png
2026-04-28T15:32:46  [DEBUG  ]  [plot] gp_fitted_vs_actual saved  /media/lorenzo/writable/Go2_navigation/tuning_results/gp_fitted_vs_actual.png
2026-04-28T15:32:46  [DEBUG  ]  [disk] removed bag  /media/lorenzo/writable/Go2_navigation/tuning_results/trial_010/scenario_open_zigzag/rosbag
2026-04-28T15:32:46  [DEBUG  ]  [disk] removed bag  /media/lorenzo/writable/Go2_navigation/tuning_results/trial_010/scenario_office_corridor/rosbag
2026-04-28T15:32:46  [DEBUG  ]  [disk] removed bag  /media/lorenzo/writable/Go2_navigation/tuning_results/trial_010/scenario_warehouse_loop/rosbag
2026-04-28T15:32:46  [DEBUG  ]  [disk] removed bag  /media/lorenzo/writable/Go2_navigation/tuning_results/trial_010/scenario_office_traverse/rosbag
2026-04-28T15:32:46  [DEBUG  ]  [disk] removed bag  /media/lorenzo/writable/Go2_navigation/tuning_results/trial_010/scenario_warehouse_cross_aisle/rosbag
2026-04-28T15:32:46  [DEBUG  ]  [disk] removed bag  /media/lorenzo/writable/Go2_navigation/tuning_results/trial_010/scenario_open_square/rosbag
2026-04-28T15:32:46  [INFO   ]  [trial 015/50]  aggregate=0.3231  best=0.3830(t006)  elapsed=10.6min  GP=active(n=15)
2026-04-28T15:32:46  [INFO   ]  ============================================================
2026-04-28T15:32:46  [INFO   ]  Trial 016/50  [TPE-GUIDED]  2026-04-28T15:32:46  ETA ~238min
2026-04-28T15:32:46  [INFO   ]  Params: {'grid_std': '0.152', 'mpc_Q_terminal': '298.154', 'mpc_Q_x': '308.057', 'mpc_Q_y': '74.335', 'mpc_Q_yaw': '11.594', 'mpc_W_obs_sigmoid': '303.154'}
2026-04-28T15:32:46  [INFO   ]  ============================================================
2026-04-28T15:32:46  [INFO   ]  ── Scenario 1/6: open_square  (3 goals)  weight=0.10 ──
2026-04-28T15:32:46  [INFO   ]  [T016/SC1/open_square] starting
2026-04-28T15:32:56  [INFO   ]    [sim] launched  pid=107366  world=default.sdf
2026-04-28T15:32:56  [DEBUG  ]  RosbagRecorder started  pid=107844  dir=/media/lorenzo/writable/Go2_navigation/tuning_results/trial_016/scenario_open_square/rosbag
2026-04-28T15:32:56  [INFO   ]  [T016/SC1/open_square] waiting 10s for Gazebo bridge…
2026-04-28T15:33:06  [INFO   ]  [T016/SC1/open_square] spawning obstacles…
2026-04-28T15:33:31  [INFO   ]  [T016/SC1/open_square] waiting 20s for planner…
2026-04-28T15:33:41  [DEBUG  ]  [T016/SC1/open_square] heartbeat — 10s remaining
2026-04-28T15:33:51  [INFO   ]  [T016/SC1/open_square] nav started — 3 goal(s), timeout=300s
2026-04-28T15:33:51  [INFO   ]  [T016/SC1/open_square] 0.0s/300s  waiting for pose…
2026-04-28T15:33:51  [DEBUG  ]  [T016/SC1/open_square] initial_dist set from first pose: 2.06m  pos=(5.74,1.63)
2026-04-28T15:33:56  [INFO   ]  [T016/SC1/open_square] 5.0s/300s  pos=(6.31,0.98)  dist=1.20m  cmd=(0.53,0.15)  mpc_ok=100%  solve=57.6ms
2026-04-28T15:34:00  [INFO   ]  [T016/SC1/open_square] goal 1/3 reached  pos=(6.62,0.32)  elapsed=9s
2026-04-28T15:34:01  [INFO   ]  [T016/SC1/open_square] 1.1s/300s  pos=(6.75,0.21)  dist=5.80m  cmd=(0.29,-0.03)  mpc_ok=100%  solve=41.5ms
2026-04-28T15:34:06  [INFO   ]  [T016/SC1/open_square] 6.2s/300s  pos=(6.82,0.11)  dist=5.89m  cmd=(0.24,-0.00)  mpc_ok=100%  solve=37.2ms
2026-04-28T15:34:11  [INFO   ]  [T016/SC1/open_square] 11.2s/300s  pos=(6.81,0.11)  dist=5.89m  cmd=(0.23,-0.01)  mpc_ok=100%  solve=41.8ms
2026-04-28T15:34:16  [INFO   ]  [T016/SC1/open_square] 16.2s/300s  pos=(6.81,0.11)  dist=5.90m  cmd=(0.18,-0.01)  mpc_ok=100%  solve=41.9ms
2026-04-28T15:34:21  [INFO   ]  [T016/SC1/open_square] 21.2s/300s  pos=(6.81,0.11)  dist=5.89m  cmd=(0.16,0.01)  mpc_ok=100%  solve=41.6ms
2026-04-28T15:34:26  [INFO   ]  [T016/SC1/open_square] 26.2s/300s  pos=(6.82,0.10)  dist=5.90m  cmd=(0.07,0.00)  mpc_ok=100%  solve=41.1ms
2026-04-28T15:34:31  [INFO   ]  [T016/SC1/open_square] 31.2s/300s  pos=(6.83,0.11)  dist=5.90m  cmd=(0.07,-0.00)  mpc_ok=100%  solve=38.7ms
2026-04-28T15:34:31  [WARNING]  [T016/SC1/open_square] early termination — insufficient progress over 30s (Δ=0.000 < 0.02)
2026-04-28T15:34:31  [INFO   ]  [T016/SC1/open_square] nav done — goals 1/3 (33%)  elapsed=32s  failure=early_term: insufficient progress over 30s (Δ=0.000 < 0.02)
2026-04-28T15:34:32  [DEBUG  ]  RosbagRecorder stopped  pid=107844
2026-04-28T15:34:32  [INFO   ]    → sc=open_square  goals=33%  score=0.390  weighted=0.0390  running=0.0390  dist=9.69  obs=1.000  scans=37
2026-04-28T15:34:32  [INFO   ]  ── Scenario 2/6: open_zigzag  (3 goals)  weight=0.10 ──
2026-04-28T15:34:32  [INFO   ]  [T016/SC2/open_zigzag] starting
2026-04-28T15:34:32  [INFO   ]    [sim] reusing Gazebo for world=default.sdf  — resetting robot pose
2026-04-28T15:34:33  [DEBUG  ]    [sim] reset strategy 'gz service /world/default/set_pose' returned 255 — trying next
2026-04-28T15:34:33  [INFO   ]    [sim] robot reset via 'ign service /world/default/set_pose'  pos=(0.00, 0.00)  heading=0.000
2026-04-28T15:34:36  [DEBUG  ]    [sim] nav-reset 'redirect goal' ok
2026-04-28T15:34:36  [DEBUG  ]    [sim] nav-reset 'clear /a_star/path' ok
2026-04-28T15:34:36  [DEBUG  ]    [sim] nav-reset 'clear /mpc/predicted_path' ok
2026-04-28T15:34:36  [DEBUG  ]    [sim] nav-reset 'clear global costmap' returned 1
2026-04-28T15:34:36  [DEBUG  ]    [sim] nav-reset 'clear local costmap' returned 1
2026-04-28T15:34:36  [INFO   ]    [sim] nav state flushed — planner redirected to (-6.00, 3.00)
2026-04-28T15:34:36  [DEBUG  ]  RosbagRecorder started  pid=108584  dir=/media/lorenzo/writable/Go2_navigation/tuning_results/trial_016/scenario_open_zigzag/rosbag
2026-04-28T15:34:36  [INFO   ]  [T016/SC2/open_zigzag] waiting 10s for Gazebo bridge…
2026-04-28T15:34:46  [INFO   ]  [T016/SC2/open_zigzag] spawning obstacles…
2026-04-28T15:35:10  [INFO   ]  [T016/SC2/open_zigzag] waiting 20s for planner…
2026-04-28T15:35:20  [DEBUG  ]  [T016/SC2/open_zigzag] heartbeat — 10s remaining
2026-04-28T15:35:30  [INFO   ]  [T016/SC2/open_zigzag] nav started — 3 goal(s), timeout=300s
2026-04-28T15:35:30  [INFO   ]  [T016/SC2/open_zigzag] 0.0s/300s  waiting for pose…
2026-04-28T15:35:30  [DEBUG  ]  [T016/SC2/open_zigzag] initial_dist set from first pose: 0.27m  pos=(-6.05,2.73)
2026-04-28T15:35:30  [INFO   ]  [T016/SC2/open_zigzag] goal 1/3 reached  pos=(-6.05,2.73)  elapsed=0s
2026-04-28T15:35:35  [INFO   ]  [T016/SC2/open_zigzag] 5.0s/300s  pos=(-6.04,2.74)  dist=12.48m  cmd=(0.09,0.01)  mpc_ok=100%  solve=36.7ms
2026-04-28T15:35:40  [INFO   ]  [T016/SC2/open_zigzag] 10.1s/300s  pos=(-6.05,2.74)  dist=12.48m  cmd=(0.04,0.01)  mpc_ok=100%  solve=38.2ms
2026-04-28T15:35:45  [INFO   ]  [T016/SC2/open_zigzag] 15.1s/300s  pos=(-6.05,2.75)  dist=12.49m  cmd=(0.00,0.00)  mpc_ok=100%  solve=38.5ms
2026-04-28T15:35:50  [INFO   ]  [T016/SC2/open_zigzag] 20.1s/300s  pos=(-6.06,2.75)  dist=12.49m  cmd=(0.00,0.00)  mpc_ok=100%  solve=34.2ms
2026-04-28T15:35:55  [INFO   ]  [T016/SC2/open_zigzag] 25.1s/300s  pos=(-6.06,2.75)  dist=12.49m  cmd=(0.00,0.00)  mpc_ok=100%  solve=39.3ms
2026-04-28T15:36:01  [INFO   ]  [T016/SC2/open_zigzag] 30.1s/300s  pos=(-6.06,2.76)  dist=12.49m  cmd=(0.00,0.00)  mpc_ok=100%  solve=45.5ms
2026-04-28T15:36:01  [WARNING]  [T016/SC2/open_zigzag] early termination — insufficient progress over 30s (Δ=0.000 < 0.02)
2026-04-28T15:36:01  [INFO   ]  [T016/SC2/open_zigzag] nav done — goals 1/3 (33%)  elapsed=30s  failure=early_term: insufficient progress over 30s (Δ=0.000 < 0.02)
2026-04-28T15:36:02  [DEBUG  ]  RosbagRecorder stopped  pid=108584
2026-04-28T15:36:02  [INFO   ]    → sc=open_zigzag  goals=33%  score=0.271  weighted=0.0271  running=0.0660  dist=6.24  obs=0.000  scans=0
2026-04-28T15:36:02  [INFO   ]  ── Scenario 3/6: warehouse_loop  (4 goals)  weight=0.25 ──
2026-04-28T15:36:02  [INFO   ]  [T016/SC3/warehouse_loop] starting
2026-04-28T15:36:02  [DEBUG  ]  Sending SIGTERM to sim_launch  pgid=107366
2026-04-28T15:36:02  [DEBUG  ]  sim_launch exited cleanly
2026-04-28T15:36:10  [DEBUG  ]    [sim] killed
2026-04-28T15:36:20  [INFO   ]    [sim] launched  pid=108876  world=warehouse.world
2026-04-28T15:36:20  [DEBUG  ]  RosbagRecorder started  pid=109353  dir=/media/lorenzo/writable/Go2_navigation/tuning_results/trial_016/scenario_warehouse_loop/rosbag
2026-04-28T15:36:20  [INFO   ]  [T016/SC3/warehouse_loop] waiting 10s for Gazebo bridge…
2026-04-28T15:36:30  [INFO   ]  [T016/SC3/warehouse_loop] spawning obstacles…
2026-04-28T15:37:00  [INFO   ]  [T016/SC3/warehouse_loop] waiting 20s for planner…
2026-04-28T15:37:10  [DEBUG  ]  [T016/SC3/warehouse_loop] heartbeat — 10s remaining
2026-04-28T15:37:20  [INFO   ]  [T016/SC3/warehouse_loop] nav started — 4 goal(s), timeout=180s
2026-04-28T15:37:20  [INFO   ]  [T016/SC3/warehouse_loop] 0.0s/180s  waiting for pose…
2026-04-28T15:37:20  [DEBUG  ]  [T016/SC3/warehouse_loop] initial_dist set from first pose: 18.28m  pos=(-6.28,-8.24)
2026-04-28T15:37:25  [INFO   ]  [T016/SC3/warehouse_loop] 5.0s/180s  pos=(-5.77,-8.22)  dist=17.77m  cmd=(0.16,0.00)  mpc_ok=100%  solve=29.2ms
2026-04-28T15:37:30  [INFO   ]  [T016/SC3/warehouse_loop] 10.0s/180s  pos=(-5.31,-8.25)  dist=17.31m  cmd=(0.12,0.01)  mpc_ok=100%  solve=34.0ms
2026-04-28T15:37:35  [INFO   ]  [T016/SC3/warehouse_loop] 15.0s/180s  pos=(-4.91,-8.26)  dist=16.91m  cmd=(0.18,0.01)  mpc_ok=100%  solve=32.9ms
2026-04-28T15:37:40  [INFO   ]  [T016/SC3/warehouse_loop] 20.1s/180s  pos=(-4.37,-8.25)  dist=16.37m  cmd=(0.23,0.00)  mpc_ok=100%  solve=32.1ms
2026-04-28T15:37:46  [INFO   ]  [T016/SC3/warehouse_loop] 25.1s/180s  pos=(-4.16,-8.24)  dist=16.16m  cmd=(0.00,0.00)  mpc_ok=100%  solve=61.6ms
2026-04-28T15:37:51  [INFO   ]  [T016/SC3/warehouse_loop] 30.1s/180s  pos=(-4.16,-8.24)  dist=16.16m  cmd=(0.00,0.00)  mpc_ok=100%  solve=46.5ms
2026-04-28T15:37:56  [INFO   ]  [T016/SC3/warehouse_loop] 35.1s/180s  pos=(-4.32,-8.23)  dist=16.32m  cmd=(-0.00,0.00)  mpc_ok=100%  solve=73.8ms
2026-04-28T15:38:01  [INFO   ]  [T016/SC3/warehouse_loop] 40.1s/180s  pos=(-4.55,-8.33)  dist=16.55m  cmd=(0.08,-0.04)  mpc_ok=100%  solve=50.1ms
2026-04-28T15:38:04  [WARNING]  [T016/SC3/warehouse_loop] early termination — insufficient progress over 30s (Δ=0.020 < 0.02)
2026-04-28T15:38:04  [INFO   ]  [T016/SC3/warehouse_loop] nav done — goals 0/4 (0%)  elapsed=44s  failure=early_term: insufficient progress over 30s (Δ=0.020 < 0.02)
2026-04-28T15:38:05  [DEBUG  ]  RosbagRecorder stopped  pid=109353
2026-04-28T15:38:05  [INFO   ]    → sc=warehouse_loop  goals=0%  score=0.330  weighted=0.0825  running=0.1485  dist=17.93  obs=1.000  scans=387
2026-04-28T15:38:05  [INFO   ]  ── Scenario 4/6: warehouse_cross_aisle  (3 goals)  weight=0.20 ──
2026-04-28T15:38:05  [INFO   ]  [T016/SC4/warehouse_cross_aisle] starting
2026-04-28T15:38:05  [INFO   ]    [sim] reusing Gazebo for world=warehouse.world  — resetting robot pose
2026-04-28T15:38:05  [DEBUG  ]    [sim] reset strategy 'gz service /world/warehouse/set_pose' returned 255 — trying next
2026-04-28T15:38:06  [INFO   ]    [sim] robot reset via 'ign service /world/warehouse/set_pose'  pos=(-4.00, 8.00)  heading=-1.571
2026-04-28T15:38:09  [DEBUG  ]    [sim] nav-reset 'redirect goal' ok
2026-04-28T15:38:09  [DEBUG  ]    [sim] nav-reset 'clear /a_star/path' ok
2026-04-28T15:38:09  [DEBUG  ]    [sim] nav-reset 'clear /mpc/predicted_path' ok
2026-04-28T15:38:09  [DEBUG  ]    [sim] nav-reset 'clear global costmap' returned 1
2026-04-28T15:38:09  [DEBUG  ]    [sim] nav-reset 'clear local costmap' returned 1
2026-04-28T15:38:09  [INFO   ]    [sim] nav state flushed — planner redirected to (-4.00, 2.00)
2026-04-28T15:38:09  [DEBUG  ]  RosbagRecorder started  pid=110139  dir=/media/lorenzo/writable/Go2_navigation/tuning_results/trial_016/scenario_warehouse_cross_aisle/rosbag
2026-04-28T15:38:09  [INFO   ]  [T016/SC4/warehouse_cross_aisle] waiting 10s for Gazebo bridge…
2026-04-28T15:38:19  [INFO   ]  [T016/SC4/warehouse_cross_aisle] spawning obstacles…
2026-04-28T15:38:43  [INFO   ]  [T016/SC4/warehouse_cross_aisle] waiting 20s for planner…
2026-04-28T15:38:53  [DEBUG  ]  [T016/SC4/warehouse_cross_aisle] heartbeat — 10s remaining
2026-04-28T15:39:03  [INFO   ]  [T016/SC4/warehouse_cross_aisle] nav started — 3 goal(s), timeout=150s
2026-04-28T15:39:03  [INFO   ]  [T016/SC4/warehouse_cross_aisle] 0.0s/150s  waiting for pose…
2026-04-28T15:39:03  [DEBUG  ]  [T016/SC4/warehouse_cross_aisle] initial_dist set from first pose: 5.32m  pos=(-4.68,-3.28)
2026-04-28T15:39:08  [INFO   ]  [T016/SC4/warehouse_cross_aisle] 5.0s/150s  pos=(-3.99,-4.15)  dist=6.15m  cmd=(0.79,0.14)  mpc_ok=100%  solve=52.7ms
2026-04-28T15:39:13  [INFO   ]  [T016/SC4/warehouse_cross_aisle] 10.0s/150s  pos=(-4.06,-5.11)  dist=7.11m  cmd=(0.27,0.04)  mpc_ok=100%  solve=141.3ms
2026-04-28T15:39:18  [INFO   ]  [T016/SC4/warehouse_cross_aisle] 15.0s/150s  pos=(-3.99,-5.64)  dist=7.64m  cmd=(0.25,0.01)  mpc_ok=100%  solve=31.6ms
2026-04-28T15:39:23  [INFO   ]  [T016/SC4/warehouse_cross_aisle] 20.0s/150s  pos=(-3.98,-6.09)  dist=8.09m  cmd=(0.06,-0.00)  mpc_ok=100%  solve=62.1ms
2026-04-28T15:39:28  [INFO   ]  [T016/SC4/warehouse_cross_aisle] 25.0s/150s  pos=(-3.99,-6.58)  dist=8.58m  cmd=(0.07,0.00)  mpc_ok=100%  solve=68.0ms
2026-04-28T15:39:33  [INFO   ]  [T016/SC4/warehouse_cross_aisle] 30.0s/150s  pos=(-3.99,-7.04)  dist=9.04m  cmd=(0.10,0.00)  mpc_ok=100%  solve=63.1ms
2026-04-28T15:39:38  [INFO   ]  [T016/SC4/warehouse_cross_aisle] 35.1s/150s  pos=(-3.99,-7.44)  dist=9.44m  cmd=(0.26,-0.01)  mpc_ok=100%  solve=40.9ms
2026-04-28T15:39:43  [INFO   ]  [T016/SC4/warehouse_cross_aisle] 40.1s/150s  pos=(-4.00,-7.84)  dist=9.84m  cmd=(0.14,-0.00)  mpc_ok=100%  solve=42.9ms
2026-04-28T15:39:48  [INFO   ]  [T016/SC4/warehouse_cross_aisle] 45.1s/150s  pos=(-4.06,-8.07)  dist=10.07m  cmd=(0.03,0.00)  mpc_ok=100%  solve=47.1ms
2026-04-28T15:39:53  [INFO   ]  [T016/SC4/warehouse_cross_aisle] 50.1s/150s  pos=(-4.08,-8.03)  dist=10.03m  cmd=(-0.16,-0.24)  mpc_ok=100%  solve=57.8ms
2026-04-28T15:39:58  [INFO   ]  [T016/SC4/warehouse_cross_aisle] 55.1s/150s  pos=(-4.00,-7.27)  dist=9.27m  cmd=(0.31,0.01)  mpc_ok=100%  solve=55.3ms
2026-04-28T15:40:02  [WARNING]  [T016/SC4/warehouse_cross_aisle] early termination — insufficient progress over 30s (Δ=0.001 < 0.02)
2026-04-28T15:40:02  [INFO   ]  [T016/SC4/warehouse_cross_aisle] nav done — goals 0/3 (0%)  elapsed=59s  failure=early_term: insufficient progress over 30s (Δ=0.001 < 0.02)
2026-04-28T15:40:02  [DEBUG  ]  RosbagRecorder stopped  pid=110139
2026-04-28T15:40:02  [INFO   ]    → sc=warehouse_cross_aisle  goals=0%  score=0.355  weighted=0.0710  running=0.2196  dist=8.09  obs=1.000  scans=557
2026-04-28T15:40:02  [INFO   ]  ── Scenario 5/6: office_traverse  (3 goals)  weight=0.20 ──
2026-04-28T15:40:02  [INFO   ]  [T016/SC5/office_traverse] starting
2026-04-28T15:40:02  [DEBUG  ]  Sending SIGTERM to sim_launch  pgid=108876
2026-04-28T15:40:03  [DEBUG  ]  sim_launch exited cleanly
2026-04-28T15:40:11  [DEBUG  ]    [sim] killed
2026-04-28T15:40:21  [INFO   ]    [sim] launched  pid=110431  world=indoor_office.world
2026-04-28T15:40:21  [DEBUG  ]  RosbagRecorder started  pid=110908  dir=/media/lorenzo/writable/Go2_navigation/tuning_results/trial_016/scenario_office_traverse/rosbag
2026-04-28T15:40:21  [INFO   ]  [T016/SC5/office_traverse] waiting 10s for Gazebo bridge…
2026-04-28T15:40:31  [INFO   ]  [T016/SC5/office_traverse] spawning obstacles…
2026-04-28T15:40:55  [INFO   ]  [T016/SC5/office_traverse] waiting 20s for planner…
2026-04-28T15:41:05  [DEBUG  ]  [T016/SC5/office_traverse] heartbeat — 10s remaining
2026-04-28T15:41:15  [INFO   ]  [T016/SC5/office_traverse] nav started — 3 goal(s), timeout=150s
2026-04-28T15:41:15  [INFO   ]  [T016/SC5/office_traverse] 0.0s/150s  waiting for pose…
2026-04-28T15:41:15  [DEBUG  ]  [T016/SC5/office_traverse] initial_dist set from first pose: 2.90m  pos=(4.32,-2.89)
2026-04-28T15:41:20  [INFO   ]  [T016/SC5/office_traverse] 5.0s/150s  pos=(3.37,-2.53)  dist=2.60m  cmd=(0.80,-0.30)  mpc_ok=100%  solve=66.7ms
2026-04-28T15:41:25  [INFO   ]  [T016/SC5/office_traverse] 10.0s/150s  pos=(2.84,-1.15)  dist=1.63m  cmd=(0.44,-0.30)  mpc_ok=100%  solve=51.9ms
2026-04-28T15:41:30  [INFO   ]  [T016/SC5/office_traverse] 15.0s/150s  pos=(3.83,-0.85)  dist=0.87m  cmd=(0.12,0.11)  mpc_ok=100%  solve=40.3ms
2026-04-28T15:41:35  [INFO   ]  [T016/SC5/office_traverse] 20.0s/150s  pos=(3.29,-0.26)  dist=0.76m  cmd=(0.24,-0.30)  mpc_ok=100%  solve=41.7ms
2026-04-28T15:41:36  [INFO   ]  [T016/SC5/office_traverse] goal 1/3 reached  pos=(3.52,-0.03)  elapsed=21s
2026-04-28T15:41:40  [INFO   ]  [T016/SC5/office_traverse] 3.8s/150s  pos=(3.50,0.11)  dist=4.54m  cmd=(0.72,0.00)  mpc_ok=100%  solve=37.6ms
2026-04-28T15:41:45  [INFO   ]  [T016/SC5/office_traverse] 8.8s/150s  pos=(3.42,1.24)  dist=3.99m  cmd=(0.80,0.00)  mpc_ok=100%  solve=37.5ms
2026-04-28T15:41:50  [INFO   ]  [T016/SC5/office_traverse] 13.9s/150s  pos=(2.55,1.64)  dist=4.65m  cmd=(0.80,0.03)  mpc_ok=100%  solve=40.6ms
2026-04-28T15:41:55  [INFO   ]  [T016/SC5/office_traverse] 18.9s/150s  pos=(1.92,2.28)  dist=5.13m  cmd=(0.80,-0.02)  mpc_ok=100%  solve=36.6ms
2026-04-28T15:42:00  [INFO   ]  [T016/SC5/office_traverse] 23.9s/150s  pos=(2.38,3.66)  dist=4.67m  cmd=(0.56,-0.30)  mpc_ok=100%  solve=80.2ms
2026-04-28T15:42:05  [INFO   ]  [T016/SC5/office_traverse] 28.9s/150s  pos=(2.98,3.77)  dist=4.10m  cmd=(-0.63,-0.30)  mpc_ok=100%  solve=87.0ms
2026-04-28T15:42:10  [INFO   ]  [T016/SC5/office_traverse] 33.9s/150s  pos=(3.65,2.76)  dist=3.36m  cmd=(0.11,-0.23)  mpc_ok=100%  solve=52.3ms
2026-04-28T15:42:15  [INFO   ]  [T016/SC5/office_traverse] 38.9s/150s  pos=(3.73,1.51)  dist=3.59m  cmd=(-0.79,0.05)  mpc_ok=100%  solve=39.0ms
2026-04-28T15:42:16  [WARNING]  [T016/SC5/office_traverse] early termination — insufficient progress over 30s (Δ=0.018 < 0.02)
2026-04-28T15:42:16  [INFO   ]  [T016/SC5/office_traverse] nav done — goals 1/3 (33%)  elapsed=40s  failure=early_term: insufficient progress over 30s (Δ=0.018 < 0.02)
2026-04-28T15:42:17  [DEBUG  ]  RosbagRecorder stopped  pid=110908
2026-04-28T15:42:17  [INFO   ]    → sc=office_traverse  goals=33%  score=0.404  weighted=0.0809  running=0.3004  dist=6.85  obs=0.999  scans=569
2026-04-28T15:42:17  [INFO   ]  ── Scenario 6/6: office_corridor  (3 goals)  weight=0.15 ──
2026-04-28T15:42:17  [INFO   ]  [T016/SC6/office_corridor] starting
2026-04-28T15:42:17  [INFO   ]    [sim] reusing Gazebo for world=indoor_office.world  — resetting robot pose
2026-04-28T15:42:17  [DEBUG  ]    [sim] reset strategy 'gz service /world/indoor_office/set_pose' returned 255 — trying next
2026-04-28T15:42:18  [INFO   ]    [sim] robot reset via 'ign service /world/indoor_office/set_pose'  pos=(-4.00, -6.00)  heading=1.571
2026-04-28T15:42:21  [DEBUG  ]    [sim] nav-reset 'redirect goal' ok
2026-04-28T15:42:21  [DEBUG  ]    [sim] nav-reset 'clear /a_star/path' ok
2026-04-28T15:42:21  [DEBUG  ]    [sim] nav-reset 'clear /mpc/predicted_path' ok
2026-04-28T15:42:21  [DEBUG  ]    [sim] nav-reset 'clear global costmap' returned 1
2026-04-28T15:42:21  [DEBUG  ]    [sim] nav-reset 'clear local costmap' returned 1
2026-04-28T15:42:21  [INFO   ]    [sim] nav state flushed — planner redirected to (-4.00, 0.00)
2026-04-28T15:42:21  [DEBUG  ]  RosbagRecorder started  pid=111648  dir=/media/lorenzo/writable/Go2_navigation/tuning_results/trial_016/scenario_office_corridor/rosbag
2026-04-28T15:42:21  [INFO   ]  [T016/SC6/office_corridor] waiting 10s for Gazebo bridge…
2026-04-28T15:42:31  [INFO   ]  [T016/SC6/office_corridor] spawning obstacles…
2026-04-28T15:42:55  [INFO   ]  [T016/SC6/office_corridor] waiting 20s for planner…
2026-04-28T15:43:05  [DEBUG  ]  [T016/SC6/office_corridor] heartbeat — 10s remaining
2026-04-28T15:43:15  [INFO   ]  [T016/SC6/office_corridor] nav started — 3 goal(s), timeout=150s
2026-04-28T15:43:15  [INFO   ]  [T016/SC6/office_corridor] 0.0s/150s  waiting for pose…
2026-04-28T15:43:15  [DEBUG  ]  [T016/SC6/office_corridor] initial_dist set from first pose: 3.93m  pos=(-7.68,-1.38)
2026-04-28T15:43:20  [INFO   ]  [T016/SC6/office_corridor] 5.0s/150s  pos=(-8.36,-0.80)  dist=4.43m  cmd=(0.80,-0.22)  mpc_ok=100%  solve=37.8ms
2026-04-28T15:43:25  [INFO   ]  [T016/SC6/office_corridor] 10.1s/150s  pos=(-7.33,0.10)  dist=3.33m  cmd=(0.52,-0.30)  mpc_ok=100%  solve=56.5ms
2026-04-28T15:43:30  [INFO   ]  [T016/SC6/office_corridor] 15.1s/150s  pos=(-6.55,-0.64)  dist=2.63m  cmd=(-0.28,0.25)  mpc_ok=100%  solve=59.7ms
2026-04-28T15:43:35  [INFO   ]  [T016/SC6/office_corridor] 20.1s/150s  pos=(-7.38,-0.86)  dist=3.48m  cmd=(0.57,-0.30)  mpc_ok=100%  solve=87.5ms
2026-04-28T15:43:40  [INFO   ]  [T016/SC6/office_corridor] 25.1s/150s  pos=(-7.90,0.08)  dist=3.90m  cmd=(0.80,-0.06)  mpc_ok=100%  solve=39.5ms
2026-04-28T15:43:45  [INFO   ]  [T016/SC6/office_corridor] 30.1s/150s  pos=(-8.40,0.91)  dist=4.49m  cmd=(0.80,0.21)  mpc_ok=100%  solve=42.0ms
2026-04-28T15:43:50  [INFO   ]  [T016/SC6/office_corridor] 35.1s/150s  pos=(-8.11,1.75)  dist=4.47m  cmd=(0.80,-0.30)  mpc_ok=100%  solve=42.0ms
2026-04-28T15:43:51  [WARNING]  [T016/SC6/office_corridor] early termination — insufficient progress over 30s (Δ=0.000 < 0.02)
2026-04-28T15:43:51  [INFO   ]  [T016/SC6/office_corridor] nav done — goals 0/3 (0%)  elapsed=36s  failure=early_term: insufficient progress over 30s (Δ=0.000 < 0.02)
2026-04-28T15:43:52  [DEBUG  ]  RosbagRecorder stopped  pid=111648
2026-04-28T15:43:52  [INFO   ]    → sc=office_corridor  goals=0%  score=0.333  weighted=0.0500  running=0.3504  dist=9.13  obs=0.827  scans=339
2026-04-28T15:43:52  [DEBUG  ]  Sending SIGTERM to sim_launch  pgid=110431
2026-04-28T15:43:52  [DEBUG  ]  sim_launch exited cleanly
2026-04-28T15:44:00  [DEBUG  ]    [sim] killed
2026-04-28T15:44:00  [INFO   ]  [GP] fitting on 16 observations…
2026-04-28T15:44:00  [INFO   ]  [GP] active  noise=0.9336  gp_mean=0.3422±0.0355  top5=mpc_Q_y=0.391  mpc_Q_x=0.359  mpc_Q_terminal=0.182  mpc_W_obs_sigmoid=0.044  mpc_Q_yaw=0.017
2026-04-28T15:44:00  [DEBUG  ]  [GP] model checkpoint saved  /media/lorenzo/writable/Go2_navigation/tuning_results/trial_016/gp_data/gp_model.joblib
2026-04-28T15:44:00  [DEBUG  ]  [GP] checkpoint written  /media/lorenzo/writable/Go2_navigation/tuning_results/trial_016/gp_data
2026-04-28T15:44:01  [DEBUG  ]  [plot] gp_marginals saved  /media/lorenzo/writable/Go2_navigation/tuning_results/gp_marginals.png
2026-04-28T15:44:01  [DEBUG  ]  [plot] gp_fitted_vs_actual saved  /media/lorenzo/writable/Go2_navigation/tuning_results/gp_fitted_vs_actual.png
2026-04-28T15:44:01  [DEBUG  ]  [disk] removed bag  /media/lorenzo/writable/Go2_navigation/tuning_results/trial_011/scenario_open_zigzag/rosbag
2026-04-28T15:44:01  [DEBUG  ]  [disk] removed bag  /media/lorenzo/writable/Go2_navigation/tuning_results/trial_011/scenario_office_corridor/rosbag
2026-04-28T15:44:01  [DEBUG  ]  [disk] removed bag  /media/lorenzo/writable/Go2_navigation/tuning_results/trial_011/scenario_warehouse_loop/rosbag
2026-04-28T15:44:01  [DEBUG  ]  [disk] removed bag  /media/lorenzo/writable/Go2_navigation/tuning_results/trial_011/scenario_office_traverse/rosbag
2026-04-28T15:44:01  [DEBUG  ]  [disk] removed bag  /media/lorenzo/writable/Go2_navigation/tuning_results/trial_011/scenario_warehouse_cross_aisle/rosbag
2026-04-28T15:44:01  [DEBUG  ]  [disk] removed bag  /media/lorenzo/writable/Go2_navigation/tuning_results/trial_011/scenario_open_square/rosbag
2026-04-28T15:44:01  [INFO   ]  [trial 016/50]  aggregate=0.3504  best=0.3830(t006)  elapsed=11.2min  GP=active(n=16)
2026-04-28T15:44:01  [INFO   ]  ============================================================
2026-04-28T15:44:01  [INFO   ]  Trial 017/50  [TPE-GUIDED]  2026-04-28T15:44:01  ETA ~241min
2026-04-28T15:44:01  [INFO   ]  Params: {'grid_std': '0.205', 'mpc_Q_terminal': '202.776', 'mpc_Q_x': '366.860', 'mpc_Q_y': '245.749', 'mpc_Q_yaw': '7.260', 'mpc_W_obs_sigmoid': '163.761'}
2026-04-28T15:44:01  [INFO   ]  ============================================================
2026-04-28T15:44:01  [INFO   ]  ── Scenario 1/6: open_square  (3 goals)  weight=0.10 ──
2026-04-28T15:44:01  [INFO   ]  [T017/SC1/open_square] starting
2026-04-28T15:44:11  [INFO   ]    [sim] launched  pid=111959  world=default.sdf
2026-04-28T15:44:11  [DEBUG  ]  RosbagRecorder started  pid=112437  dir=/media/lorenzo/writable/Go2_navigation/tuning_results/trial_017/scenario_open_square/rosbag
2026-04-28T15:44:11  [INFO   ]  [T017/SC1/open_square] waiting 10s for Gazebo bridge…
2026-04-28T15:44:21  [INFO   ]  [T017/SC1/open_square] spawning obstacles…
2026-04-28T15:44:46  [INFO   ]  [T017/SC1/open_square] waiting 20s for planner…
2026-04-28T15:44:56  [DEBUG  ]  [T017/SC1/open_square] heartbeat — 10s remaining
2026-04-28T15:45:06  [INFO   ]  [T017/SC1/open_square] nav started — 3 goal(s), timeout=300s
2026-04-28T15:45:06  [INFO   ]  [T017/SC1/open_square] 0.1s/300s  waiting for pose…
2026-04-28T15:45:06  [DEBUG  ]  [T017/SC1/open_square] initial_dist set from first pose: 2.20m  pos=(5.67,-1.75)
2026-04-28T15:45:11  [INFO   ]  [T017/SC1/open_square] 5.1s/300s  pos=(6.38,-1.20)  dist=1.35m  cmd=(0.53,0.04)  mpc_ok=100%  solve=44.7ms
2026-04-28T15:45:15  [INFO   ]  [T017/SC1/open_square] goal 1/3 reached  pos=(6.69,-0.39)  elapsed=10s
2026-04-28T15:45:16  [INFO   ]  [T017/SC1/open_square] 0.6s/300s  pos=(6.74,-0.32)  dist=6.33m  cmd=(0.27,-0.01)  mpc_ok=100%  solve=37.8ms
2026-04-28T15:45:21  [INFO   ]  [T017/SC1/open_square] 5.6s/300s  pos=(6.77,-0.29)  dist=6.30m  cmd=(0.25,-0.01)  mpc_ok=100%  solve=40.8ms
2026-04-28T15:45:26  [INFO   ]  [T017/SC1/open_square] 10.6s/300s  pos=(6.77,-0.29)  dist=6.29m  cmd=(0.25,0.00)  mpc_ok=100%  solve=39.3ms
2026-04-28T15:45:31  [INFO   ]  [T017/SC1/open_square] 15.6s/300s  pos=(6.76,-0.30)  dist=6.30m  cmd=(0.25,0.01)  mpc_ok=100%  solve=37.6ms
2026-04-28T15:45:36  [INFO   ]  [T017/SC1/open_square] 20.7s/300s  pos=(6.75,-0.29)  dist=6.29m  cmd=(0.25,0.01)  mpc_ok=100%  solve=41.4ms
2026-04-28T15:45:41  [INFO   ]  [T017/SC1/open_square] 25.7s/300s  pos=(6.74,-0.28)  dist=6.29m  cmd=(0.24,-0.00)  mpc_ok=100%  solve=36.0ms
2026-04-28T15:45:45  [WARNING]  [T017/SC1/open_square] early termination — insufficient progress over 30s (Δ=0.017 < 0.02)
2026-04-28T15:45:45  [INFO   ]  [T017/SC1/open_square] nav done — goals 1/3 (33%)  elapsed=30s  failure=early_term: insufficient progress over 30s (Δ=0.017 < 0.02)
2026-04-28T15:45:46  [DEBUG  ]  RosbagRecorder stopped  pid=112437
2026-04-28T15:45:46  [INFO   ]    → sc=open_square  goals=33%  score=0.397  weighted=0.0397  running=0.0397  dist=9.94  obs=1.000  scans=24
2026-04-28T15:45:46  [INFO   ]  ── Scenario 2/6: open_zigzag  (3 goals)  weight=0.10 ──
2026-04-28T15:45:46  [INFO   ]  [T017/SC2/open_zigzag] starting
2026-04-28T15:45:46  [INFO   ]    [sim] reusing Gazebo for world=default.sdf  — resetting robot pose
2026-04-28T15:45:46  [DEBUG  ]    [sim] reset strategy 'gz service /world/default/set_pose' returned 255 — trying next
2026-04-28T15:45:47  [INFO   ]    [sim] robot reset via 'ign service /world/default/set_pose'  pos=(0.00, 0.00)  heading=0.000
2026-04-28T15:45:50  [DEBUG  ]    [sim] nav-reset 'redirect goal' ok
2026-04-28T15:45:50  [DEBUG  ]    [sim] nav-reset 'clear /a_star/path' ok
2026-04-28T15:45:50  [DEBUG  ]    [sim] nav-reset 'clear /mpc/predicted_path' ok
2026-04-28T15:45:50  [DEBUG  ]    [sim] nav-reset 'clear global costmap' returned 1
2026-04-28T15:45:50  [DEBUG  ]    [sim] nav-reset 'clear local costmap' returned 1
2026-04-28T15:45:50  [INFO   ]    [sim] nav state flushed — planner redirected to (-6.00, 3.00)
2026-04-28T15:45:50  [DEBUG  ]  RosbagRecorder started  pid=113177  dir=/media/lorenzo/writable/Go2_navigation/tuning_results/trial_017/scenario_open_zigzag/rosbag
2026-04-28T15:45:50  [INFO   ]  [T017/SC2/open_zigzag] waiting 10s for Gazebo bridge…
2026-04-28T15:46:00  [INFO   ]  [T017/SC2/open_zigzag] spawning obstacles…
2026-04-28T15:46:24  [INFO   ]  [T017/SC2/open_zigzag] waiting 20s for planner…
2026-04-28T15:46:34  [DEBUG  ]  [T017/SC2/open_zigzag] heartbeat — 10s remaining
2026-04-28T15:46:44  [INFO   ]  [T017/SC2/open_zigzag] nav started — 3 goal(s), timeout=300s
2026-04-28T15:46:44  [INFO   ]  [T017/SC2/open_zigzag] 0.0s/300s  waiting for pose…
2026-04-28T15:46:44  [DEBUG  ]  [T017/SC2/open_zigzag] initial_dist set from first pose: 0.37m  pos=(-5.99,2.63)
2026-04-28T15:46:44  [INFO   ]  [T017/SC2/open_zigzag] goal 1/3 reached  pos=(-5.99,2.63)  elapsed=0s
2026-04-28T15:46:49  [INFO   ]  [T017/SC2/open_zigzag] 5.0s/300s  pos=(-6.00,2.64)  dist=12.46m  cmd=(0.00,0.00)  mpc_ok=0%  solve=2.0ms
2026-04-28T15:46:54  [INFO   ]  [T017/SC2/open_zigzag] 10.0s/300s  pos=(-6.01,2.64)  dist=12.47m  cmd=(0.01,0.00)  mpc_ok=0%  solve=2.0ms
2026-04-28T15:46:59  [INFO   ]  [T017/SC2/open_zigzag] 15.0s/300s  pos=(-6.01,2.64)  dist=12.47m  cmd=(0.04,-0.00)  mpc_ok=0%  solve=3.3ms
2026-04-28T15:47:04  [INFO   ]  [T017/SC2/open_zigzag] 20.1s/300s  pos=(-6.01,2.65)  dist=12.47m  cmd=(0.07,-0.00)  mpc_ok=0%  solve=1.8ms
2026-04-28T15:47:09  [INFO   ]  [T017/SC2/open_zigzag] 25.1s/300s  pos=(-6.00,2.64)  dist=12.46m  cmd=(0.11,-0.00)  mpc_ok=0%  solve=3.3ms
2026-04-28T15:47:14  [WARNING]  [T017/SC2/open_zigzag] early termination — MPC success rate 0% < 70%
2026-04-28T15:47:14  [INFO   ]  [T017/SC2/open_zigzag] nav done — goals 1/3 (33%)  elapsed=30s  failure=early_term: MPC success rate 0% < 70%
2026-04-28T15:47:15  [DEBUG  ]  RosbagRecorder stopped  pid=113177
2026-04-28T15:47:15  [INFO   ]    → sc=open_zigzag  goals=33%  score=0.200  weighted=0.0200  running=0.0596  dist=6.37  obs=0.000  scans=0
2026-04-28T15:47:15  [INFO   ]  ── Scenario 3/6: warehouse_loop  (4 goals)  weight=0.25 ──
2026-04-28T15:47:15  [INFO   ]  [T017/SC3/warehouse_loop] starting
2026-04-28T15:47:15  [DEBUG  ]  Sending SIGTERM to sim_launch  pgid=111959
2026-04-28T15:47:15  [DEBUG  ]  sim_launch exited cleanly
2026-04-28T15:47:23  [DEBUG  ]    [sim] killed
2026-04-28T15:47:34  [INFO   ]    [sim] launched  pid=113469  world=warehouse.world
2026-04-28T15:47:34  [DEBUG  ]  RosbagRecorder started  pid=113945  dir=/media/lorenzo/writable/Go2_navigation/tuning_results/trial_017/scenario_warehouse_loop/rosbag
2026-04-28T15:47:34  [INFO   ]  [T017/SC3/warehouse_loop] waiting 10s for Gazebo bridge…
2026-04-28T15:47:44  [INFO   ]  [T017/SC3/warehouse_loop] spawning obstacles…
2026-04-28T15:48:14  [INFO   ]  [T017/SC3/warehouse_loop] waiting 20s for planner…
2026-04-28T15:48:24  [DEBUG  ]  [T017/SC3/warehouse_loop] heartbeat — 10s remaining
2026-04-28T15:48:34  [INFO   ]  [T017/SC3/warehouse_loop] nav started — 4 goal(s), timeout=180s
2026-04-28T15:48:34  [INFO   ]  [T017/SC3/warehouse_loop] 0.0s/180s  waiting for pose…
2026-04-28T15:48:34  [DEBUG  ]  [T017/SC3/warehouse_loop] initial_dist set from first pose: 20.80m  pos=(-8.80,-7.97)
2026-04-28T15:48:39  [INFO   ]  [T017/SC3/warehouse_loop] 5.0s/180s  pos=(-8.40,-7.97)  dist=20.40m  cmd=(0.09,-0.02)  mpc_ok=100%  solve=33.5ms
2026-04-28T15:48:44  [INFO   ]  [T017/SC3/warehouse_loop] 10.1s/180s  pos=(-7.95,-8.00)  dist=19.95m  cmd=(0.20,-0.01)  mpc_ok=100%  solve=37.3ms
2026-04-28T15:48:49  [INFO   ]  [T017/SC3/warehouse_loop] 15.1s/180s  pos=(-7.55,-8.02)  dist=19.55m  cmd=(0.14,0.01)  mpc_ok=100%  solve=38.0ms
2026-04-28T15:48:54  [INFO   ]  [T017/SC3/warehouse_loop] 20.1s/180s  pos=(-7.13,-8.05)  dist=19.13m  cmd=(0.14,-0.00)  mpc_ok=100%  solve=35.8ms
2026-04-28T15:48:59  [INFO   ]  [T017/SC3/warehouse_loop] 25.1s/180s  pos=(-6.80,-8.08)  dist=18.80m  cmd=(0.00,-0.00)  mpc_ok=100%  solve=41.3ms
2026-04-28T15:49:04  [INFO   ]  [T017/SC3/warehouse_loop] 30.1s/180s  pos=(-6.73,-8.09)  dist=18.73m  cmd=(0.00,-0.00)  mpc_ok=100%  solve=58.4ms
2026-04-28T15:49:09  [INFO   ]  [T017/SC3/warehouse_loop] 35.1s/180s  pos=(-6.88,-8.09)  dist=18.88m  cmd=(-0.00,-0.00)  mpc_ok=100%  solve=57.3ms
2026-04-28T15:49:14  [INFO   ]  [T017/SC3/warehouse_loop] 40.1s/180s  pos=(-6.87,-8.08)  dist=18.87m  cmd=(-0.00,-0.00)  mpc_ok=100%  solve=51.6ms
2026-04-28T15:49:19  [INFO   ]  [T017/SC3/warehouse_loop] 45.2s/180s  pos=(-6.87,-8.08)  dist=18.87m  cmd=(-0.00,-0.00)  mpc_ok=100%  solve=48.0ms
2026-04-28T15:49:23  [WARNING]  [T017/SC3/warehouse_loop] early termination — insufficient progress over 30s (Δ=0.020 < 0.02)
2026-04-28T15:49:23  [INFO   ]  [T017/SC3/warehouse_loop] nav done — goals 0/4 (0%)  elapsed=49s  failure=early_term: insufficient progress over 30s (Δ=0.020 < 0.02)
2026-04-28T15:49:24  [DEBUG  ]  RosbagRecorder stopped  pid=113945
2026-04-28T15:49:24  [INFO   ]    → sc=warehouse_loop  goals=0%  score=0.330  weighted=0.0825  running=0.1421  dist=16.88  obs=1.000  scans=457
2026-04-28T15:49:24  [INFO   ]  ── Scenario 4/6: warehouse_cross_aisle  (3 goals)  weight=0.20 ──
2026-04-28T15:49:24  [INFO   ]  [T017/SC4/warehouse_cross_aisle] starting
2026-04-28T15:49:24  [INFO   ]    [sim] reusing Gazebo for world=warehouse.world  — resetting robot pose
2026-04-28T15:49:24  [DEBUG  ]    [sim] reset strategy 'gz service /world/warehouse/set_pose' returned 255 — trying next
2026-04-28T15:49:25  [INFO   ]    [sim] robot reset via 'ign service /world/warehouse/set_pose'  pos=(-4.00, 8.00)  heading=-1.571
2026-04-28T15:49:28  [DEBUG  ]    [sim] nav-reset 'redirect goal' ok
2026-04-28T15:49:28  [DEBUG  ]    [sim] nav-reset 'clear /a_star/path' ok
2026-04-28T15:49:28  [DEBUG  ]    [sim] nav-reset 'clear /mpc/predicted_path' ok
2026-04-28T15:49:28  [DEBUG  ]    [sim] nav-reset 'clear global costmap' returned 1
2026-04-28T15:49:28  [DEBUG  ]    [sim] nav-reset 'clear local costmap' returned 1
2026-04-28T15:49:28  [INFO   ]    [sim] nav state flushed — planner redirected to (-4.00, 2.00)
2026-04-28T15:49:28  [DEBUG  ]  RosbagRecorder started  pid=114731  dir=/media/lorenzo/writable/Go2_navigation/tuning_results/trial_017/scenario_warehouse_cross_aisle/rosbag
2026-04-28T15:49:28  [INFO   ]  [T017/SC4/warehouse_cross_aisle] waiting 10s for Gazebo bridge…
2026-04-28T15:49:38  [INFO   ]  [T017/SC4/warehouse_cross_aisle] spawning obstacles…
2026-04-28T15:50:02  [INFO   ]  [T017/SC4/warehouse_cross_aisle] waiting 20s for planner…
2026-04-28T15:50:12  [DEBUG  ]  [T017/SC4/warehouse_cross_aisle] heartbeat — 10s remaining
2026-04-28T15:50:22  [INFO   ]  [T017/SC4/warehouse_cross_aisle] nav started — 3 goal(s), timeout=150s
2026-04-28T15:50:22  [INFO   ]  [T017/SC4/warehouse_cross_aisle] 0.0s/150s  waiting for pose…
2026-04-28T15:50:22  [DEBUG  ]  [T017/SC4/warehouse_cross_aisle] initial_dist set from first pose: 5.05m  pos=(-4.99,-2.95)
2026-04-28T15:50:27  [INFO   ]  [T017/SC4/warehouse_cross_aisle] 5.1s/150s  pos=(-4.40,-3.78)  dist=5.79m  cmd=(0.80,0.10)  mpc_ok=100%  solve=49.2ms
2026-04-28T15:50:32  [INFO   ]  [T017/SC4/warehouse_cross_aisle] 10.1s/150s  pos=(-3.99,-4.73)  dist=6.73m  cmd=(0.50,0.03)  mpc_ok=100%  solve=38.1ms
2026-04-28T15:50:37  [INFO   ]  [T017/SC4/warehouse_cross_aisle] 15.1s/150s  pos=(-3.99,-5.39)  dist=7.39m  cmd=(0.23,0.02)  mpc_ok=100%  solve=35.4ms
2026-04-28T15:50:42  [INFO   ]  [T017/SC4/warehouse_cross_aisle] 20.1s/150s  pos=(-4.11,-6.16)  dist=8.16m  cmd=(0.28,0.09)  mpc_ok=100%  solve=49.2ms
2026-04-28T15:50:47  [INFO   ]  [T017/SC4/warehouse_cross_aisle] 25.1s/150s  pos=(-4.40,-6.99)  dist=9.00m  cmd=(0.30,-0.01)  mpc_ok=100%  solve=40.8ms
2026-04-28T15:50:52  [INFO   ]  [T017/SC4/warehouse_cross_aisle] 30.1s/150s  pos=(-4.92,-7.52)  dist=9.57m  cmd=(0.24,-0.11)  mpc_ok=100%  solve=46.3ms
2026-04-28T15:50:57  [INFO   ]  [T017/SC4/warehouse_cross_aisle] 35.1s/150s  pos=(-5.54,-7.77)  dist=9.89m  cmd=(0.17,-0.12)  mpc_ok=100%  solve=42.6ms
2026-04-28T15:51:02  [INFO   ]  [T017/SC4/warehouse_cross_aisle] 40.2s/150s  pos=(-5.99,-7.91)  dist=10.11m  cmd=(0.00,-0.01)  mpc_ok=100%  solve=36.2ms
2026-04-28T15:51:07  [INFO   ]  [T017/SC4/warehouse_cross_aisle] 45.2s/150s  pos=(-6.35,-7.95)  dist=10.23m  cmd=(0.09,-0.07)  mpc_ok=100%  solve=60.8ms
2026-04-28T15:51:12  [INFO   ]  [T017/SC4/warehouse_cross_aisle] 50.2s/150s  pos=(-6.26,-7.96)  dist=10.21m  cmd=(0.29,0.02)  mpc_ok=100%  solve=31.0ms
2026-04-28T15:51:17  [INFO   ]  [T017/SC4/warehouse_cross_aisle] 55.2s/150s  pos=(-5.46,-7.93)  dist=10.03m  cmd=(0.61,-0.10)  mpc_ok=100%  solve=40.9ms
2026-04-28T15:51:22  [INFO   ]  [T017/SC4/warehouse_cross_aisle] 60.2s/150s  pos=(-4.46,-7.70)  dist=9.72m  cmd=(0.43,-0.08)  mpc_ok=100%  solve=70.5ms
2026-04-28T15:51:23  [WARNING]  [T017/SC4/warehouse_cross_aisle] early termination — insufficient progress over 30s (Δ=0.000 < 0.02)
2026-04-28T15:51:23  [INFO   ]  [T017/SC4/warehouse_cross_aisle] nav done — goals 0/3 (0%)  elapsed=61s  failure=early_term: insufficient progress over 30s (Δ=0.000 < 0.02)
2026-04-28T15:51:23  [DEBUG  ]  RosbagRecorder stopped  pid=114731
2026-04-28T15:51:23  [INFO   ]    → sc=warehouse_cross_aisle  goals=0%  score=0.356  weighted=0.0712  running=0.2133  dist=8.39  obs=1.000  scans=574
2026-04-28T15:51:23  [INFO   ]  ── Scenario 5/6: office_traverse  (3 goals)  weight=0.20 ──
2026-04-28T15:51:23  [INFO   ]  [T017/SC5/office_traverse] starting
2026-04-28T15:51:23  [DEBUG  ]  Sending SIGTERM to sim_launch  pgid=113469
2026-04-28T15:51:23  [DEBUG  ]  sim_launch exited cleanly
2026-04-28T15:51:32  [DEBUG  ]    [sim] killed
2026-04-28T15:51:42  [INFO   ]    [sim] launched  pid=115024  world=indoor_office.world
2026-04-28T15:51:42  [DEBUG  ]  RosbagRecorder started  pid=115501  dir=/media/lorenzo/writable/Go2_navigation/tuning_results/trial_017/scenario_office_traverse/rosbag
2026-04-28T15:51:42  [INFO   ]  [T017/SC5/office_traverse] waiting 10s for Gazebo bridge…
2026-04-28T15:51:52  [INFO   ]  [T017/SC5/office_traverse] spawning obstacles…
2026-04-28T15:52:16  [INFO   ]  [T017/SC5/office_traverse] waiting 20s for planner…
2026-04-28T15:52:26  [DEBUG  ]  [T017/SC5/office_traverse] heartbeat — 10s remaining
2026-04-28T15:52:36  [INFO   ]  [T017/SC5/office_traverse] nav started — 3 goal(s), timeout=150s
2026-04-28T15:52:36  [DEBUG  ]  [T017/SC5/office_traverse] initial_dist set from first pose: 6.22m  pos=(2.49,-6.03)
2026-04-28T15:52:36  [INFO   ]  [T017/SC5/office_traverse] 0.0s/150s  pos=(2.49,-6.03)  dist=6.22m  cmd=(0.00,0.00)  mpc_ok=nan%  solve=nanms
2026-04-28T15:52:41  [INFO   ]  [T017/SC5/office_traverse] 5.1s/150s  pos=(3.77,-5.44)  dist=5.45m  cmd=(0.28,-0.30)  mpc_ok=100%  solve=239.3ms
2026-04-28T15:52:46  [INFO   ]  [T017/SC5/office_traverse] 10.1s/150s  pos=(4.53,-6.21)  dist=6.23m  cmd=(0.34,0.30)  mpc_ok=100%  solve=40.3ms
2026-04-28T15:52:51  [INFO   ]  [T017/SC5/office_traverse] 15.1s/150s  pos=(4.04,-5.66)  dist=5.66m  cmd=(0.80,-0.30)  mpc_ok=100%  solve=45.3ms
2026-04-28T15:52:56  [INFO   ]  [T017/SC5/office_traverse] 20.1s/150s  pos=(4.79,-4.43)  dist=4.50m  cmd=(0.80,-0.28)  mpc_ok=100%  solve=39.6ms
2026-04-28T15:53:01  [INFO   ]  [T017/SC5/office_traverse] 25.1s/150s  pos=(5.29,-3.78)  dist=3.99m  cmd=(0.24,0.30)  mpc_ok=100%  solve=31.9ms
2026-04-28T15:53:06  [INFO   ]  [T017/SC5/office_traverse] 30.1s/150s  pos=(4.28,-4.15)  dist=4.15m  cmd=(0.80,-0.19)  mpc_ok=100%  solve=49.5ms
2026-04-28T15:53:11  [INFO   ]  [T017/SC5/office_traverse] 35.1s/150s  pos=(3.50,-3.18)  dist=3.22m  cmd=(0.80,-0.30)  mpc_ok=100%  solve=65.8ms
2026-04-28T15:53:16  [INFO   ]  [T017/SC5/office_traverse] 40.1s/150s  pos=(3.73,-1.58)  dist=1.60m  cmd=(0.42,-0.30)  mpc_ok=100%  solve=91.6ms
2026-04-28T15:53:21  [INFO   ]  [T017/SC5/office_traverse] 45.2s/150s  pos=(3.89,-0.78)  dist=0.79m  cmd=(0.04,0.21)  mpc_ok=100%  solve=43.4ms
2026-04-28T15:53:26  [INFO   ]  [T017/SC5/office_traverse] goal 1/3 reached  pos=(3.66,-0.36)  elapsed=50s
2026-04-28T15:53:26  [INFO   ]  [T017/SC5/office_traverse] 0.3s/150s  pos=(3.67,-0.31)  dist=4.70m  cmd=(0.13,-0.29)  mpc_ok=100%  solve=55.7ms
2026-04-28T15:53:31  [INFO   ]  [T017/SC5/office_traverse] 5.3s/150s  pos=(4.00,1.04)  dist=3.58m  cmd=(0.80,-0.30)  mpc_ok=100%  solve=44.3ms
2026-04-28T15:53:36  [INFO   ]  [T017/SC5/office_traverse] 10.3s/150s  pos=(4.51,2.63)  dist=2.52m  cmd=(0.24,-0.30)  mpc_ok=100%  solve=49.1ms
2026-04-28T15:53:41  [INFO   ]  [T017/SC5/office_traverse] 15.3s/150s  pos=(4.68,2.58)  dist=2.36m  cmd=(0.51,0.20)  mpc_ok=100%  solve=33.7ms
2026-04-28T15:53:46  [INFO   ]  [T017/SC5/office_traverse] 20.3s/150s  pos=(3.92,3.39)  dist=3.10m  cmd=(0.80,-0.03)  mpc_ok=100%  solve=54.3ms
2026-04-28T15:53:51  [INFO   ]  [T017/SC5/office_traverse] 25.4s/150s  pos=(2.92,3.59)  dist=4.13m  cmd=(0.80,0.23)  mpc_ok=100%  solve=76.7ms
2026-04-28T15:53:56  [INFO   ]  [T017/SC5/office_traverse] 30.4s/150s  pos=(2.75,4.22)  dist=4.42m  cmd=(0.01,-0.30)  mpc_ok=100%  solve=98.8ms
2026-04-28T15:53:57  [WARNING]  [T017/SC5/office_traverse] early termination — insufficient progress over 30s (Δ=0.019 < 0.02)
2026-04-28T15:53:57  [INFO   ]  [T017/SC5/office_traverse] nav done — goals 1/3 (33%)  elapsed=31s  failure=early_term: insufficient progress over 30s (Δ=0.019 < 0.02)
2026-04-28T15:53:58  [DEBUG  ]  RosbagRecorder stopped  pid=115501
2026-04-28T15:53:58  [INFO   ]    → sc=office_traverse  goals=33%  score=0.437  weighted=0.0874  running=0.3007  dist=6.07  obs=0.988  scans=769
2026-04-28T15:53:58  [INFO   ]  ── Scenario 6/6: office_corridor  (3 goals)  weight=0.15 ──
2026-04-28T15:53:58  [INFO   ]  [T017/SC6/office_corridor] starting
2026-04-28T15:53:58  [INFO   ]    [sim] reusing Gazebo for world=indoor_office.world  — resetting robot pose
2026-04-28T15:53:59  [DEBUG  ]    [sim] reset strategy 'gz service /world/indoor_office/set_pose' returned 255 — trying next
2026-04-28T15:53:59  [INFO   ]    [sim] robot reset via 'ign service /world/indoor_office/set_pose'  pos=(-4.00, -6.00)  heading=1.571
2026-04-28T15:54:02  [DEBUG  ]    [sim] nav-reset 'redirect goal' ok
2026-04-28T15:54:02  [DEBUG  ]    [sim] nav-reset 'clear /a_star/path' ok
2026-04-28T15:54:02  [DEBUG  ]    [sim] nav-reset 'clear /mpc/predicted_path' ok
2026-04-28T15:54:02  [DEBUG  ]    [sim] nav-reset 'clear global costmap' returned 1
2026-04-28T15:54:02  [DEBUG  ]    [sim] nav-reset 'clear local costmap' returned 1
2026-04-28T15:54:02  [INFO   ]    [sim] nav state flushed — planner redirected to (-4.00, 0.00)
2026-04-28T15:54:02  [DEBUG  ]  RosbagRecorder started  pid=116241  dir=/media/lorenzo/writable/Go2_navigation/tuning_results/trial_017/scenario_office_corridor/rosbag
2026-04-28T15:54:02  [INFO   ]  [T017/SC6/office_corridor] waiting 10s for Gazebo bridge…
2026-04-28T15:54:12  [INFO   ]  [T017/SC6/office_corridor] spawning obstacles…
2026-04-28T15:54:36  [INFO   ]  [T017/SC6/office_corridor] waiting 20s for planner…
2026-04-28T15:54:46  [DEBUG  ]  [T017/SC6/office_corridor] heartbeat — 10s remaining
2026-04-28T15:54:56  [INFO   ]  [T017/SC6/office_corridor] nav started — 3 goal(s), timeout=150s
2026-04-28T15:54:56  [INFO   ]  [T017/SC6/office_corridor] 0.0s/150s  waiting for pose…
2026-04-28T15:54:56  [DEBUG  ]  [T017/SC6/office_corridor] initial_dist set from first pose: 3.65m  pos=(-7.19,-1.78)
2026-04-28T15:55:01  [INFO   ]  [T017/SC6/office_corridor] 5.0s/150s  pos=(-7.85,-1.55)  dist=4.15m  cmd=(0.80,0.03)  mpc_ok=100%  solve=77.4ms
2026-04-28T15:55:06  [INFO   ]  [T017/SC6/office_corridor] 10.1s/150s  pos=(-7.71,-0.40)  dist=3.73m  cmd=(0.80,-0.16)  mpc_ok=100%  solve=144.4ms
2026-04-28T15:55:11  [INFO   ]  [T017/SC6/office_corridor] 15.1s/150s  pos=(-6.55,0.41)  dist=2.59m  cmd=(0.03,-0.30)  mpc_ok=100%  solve=48.2ms
2026-04-28T15:55:16  [INFO   ]  [T017/SC6/office_corridor] 20.1s/150s  pos=(-6.13,-0.86)  dist=2.29m  cmd=(0.07,0.30)  mpc_ok=100%  solve=53.3ms
2026-04-28T15:55:21  [INFO   ]  [T017/SC6/office_corridor] 25.1s/150s  pos=(-6.84,-0.65)  dist=2.92m  cmd=(0.80,-0.30)  mpc_ok=100%  solve=37.9ms
2026-04-28T15:55:26  [INFO   ]  [T017/SC6/office_corridor] 30.1s/150s  pos=(-6.43,0.94)  dist=2.61m  cmd=(0.24,-0.30)  mpc_ok=100%  solve=81.8ms
2026-04-28T15:55:31  [INFO   ]  [T017/SC6/office_corridor] 35.1s/150s  pos=(-6.06,0.57)  dist=2.13m  cmd=(-0.60,-0.30)  mpc_ok=100%  solve=52.9ms
2026-04-28T15:55:36  [INFO   ]  [T017/SC6/office_corridor] 40.1s/150s  pos=(-7.10,1.16)  dist=3.31m  cmd=(0.10,-0.30)  mpc_ok=100%  solve=31.1ms
2026-04-28T15:55:37  [WARNING]  [T017/SC6/office_corridor] early termination — insufficient progress over 30s (Δ=0.018 < 0.02)
2026-04-28T15:55:37  [INFO   ]  [T017/SC6/office_corridor] nav done — goals 0/3 (0%)  elapsed=41s  failure=early_term: insufficient progress over 30s (Δ=0.018 < 0.02)
2026-04-28T15:55:38  [DEBUG  ]  RosbagRecorder stopped  pid=116241
2026-04-28T15:55:38  [INFO   ]    → sc=office_corridor  goals=0%  score=0.339  weighted=0.0508  running=0.3516  dist=8.91  obs=0.908  scans=390
2026-04-28T15:55:38  [DEBUG  ]  Sending SIGTERM to sim_launch  pgid=115024
2026-04-28T15:55:38  [DEBUG  ]  sim_launch exited cleanly
2026-04-28T15:55:46  [DEBUG  ]    [sim] killed
2026-04-28T15:55:46  [INFO   ]  [GP] fitting on 17 observations…
2026-04-28T15:55:46  [INFO   ]  [GP] active  noise=0.9062  gp_mean=0.3447±0.0343  top5=mpc_Q_x=0.522  mpc_Q_y=0.392  mpc_W_obs_sigmoid=0.044  mpc_Q_terminal=0.019  mpc_Q_yaw=0.017
2026-04-28T15:55:46  [DEBUG  ]  [GP] model checkpoint saved  /media/lorenzo/writable/Go2_navigation/tuning_results/trial_017/gp_data/gp_model.joblib
2026-04-28T15:55:46  [DEBUG  ]  [GP] checkpoint written  /media/lorenzo/writable/Go2_navigation/tuning_results/trial_017/gp_data
2026-04-28T15:55:47  [DEBUG  ]  [plot] gp_marginals saved  /media/lorenzo/writable/Go2_navigation/tuning_results/gp_marginals.png
2026-04-28T15:55:47  [DEBUG  ]  [plot] gp_fitted_vs_actual saved  /media/lorenzo/writable/Go2_navigation/tuning_results/gp_fitted_vs_actual.png
2026-04-28T15:55:47  [DEBUG  ]  [disk] removed bag  /media/lorenzo/writable/Go2_navigation/tuning_results/trial_012/scenario_open_zigzag/rosbag
2026-04-28T15:55:47  [DEBUG  ]  [disk] removed bag  /media/lorenzo/writable/Go2_navigation/tuning_results/trial_012/scenario_office_corridor/rosbag
2026-04-28T15:55:47  [DEBUG  ]  [disk] removed bag  /media/lorenzo/writable/Go2_navigation/tuning_results/trial_012/scenario_warehouse_loop/rosbag
2026-04-28T15:55:47  [DEBUG  ]  [disk] removed bag  /media/lorenzo/writable/Go2_navigation/tuning_results/trial_012/scenario_office_traverse/rosbag
2026-04-28T15:55:47  [DEBUG  ]  [disk] removed bag  /media/lorenzo/writable/Go2_navigation/tuning_results/trial_012/scenario_warehouse_cross_aisle/rosbag
2026-04-28T15:55:47  [DEBUG  ]  [disk] removed bag  /media/lorenzo/writable/Go2_navigation/tuning_results/trial_012/scenario_open_square/rosbag
2026-04-28T15:55:47  [INFO   ]  [trial 017/50]  aggregate=0.3516  best=0.3830(t006)  elapsed=11.8min  GP=active(n=17)
2026-04-28T15:55:47  [INFO   ]  ============================================================
2026-04-28T15:55:47  [INFO   ]  Trial 018/50  [TPE-GUIDED]  2026-04-28T15:55:47  ETA ~243min
2026-04-28T15:55:47  [INFO   ]  Params: {'grid_std': '0.183', 'mpc_Q_terminal': '286.323', 'mpc_Q_x': '479.651', 'mpc_Q_y': '170.746', 'mpc_Q_yaw': '0.715', 'mpc_W_obs_sigmoid': '62.146'}
2026-04-28T15:55:47  [INFO   ]  ============================================================
2026-04-28T15:55:47  [INFO   ]  ── Scenario 1/6: open_square  (3 goals)  weight=0.10 ──
2026-04-28T15:55:47  [INFO   ]  [T018/SC1/open_square] starting
2026-04-28T15:55:58  [INFO   ]    [sim] launched  pid=116552  world=default.sdf
2026-04-28T15:55:58  [DEBUG  ]  RosbagRecorder started  pid=117030  dir=/media/lorenzo/writable/Go2_navigation/tuning_results/trial_018/scenario_open_square/rosbag
2026-04-28T15:55:58  [INFO   ]  [T018/SC1/open_square] waiting 10s for Gazebo bridge…
2026-04-28T15:56:08  [INFO   ]  [T018/SC1/open_square] spawning obstacles…
2026-04-28T15:56:32  [INFO   ]  [T018/SC1/open_square] waiting 20s for planner…
2026-04-28T15:56:42  [DEBUG  ]  [T018/SC1/open_square] heartbeat — 10s remaining
2026-04-28T15:56:52  [INFO   ]  [T018/SC1/open_square] nav started — 3 goal(s), timeout=300s
2026-04-28T15:56:52  [INFO   ]  [T018/SC1/open_square] 0.0s/300s  waiting for pose…
2026-04-28T15:56:52  [DEBUG  ]  [T018/SC1/open_square] initial_dist set from first pose: 2.10m  pos=(5.43,-1.38)
2026-04-28T15:56:57  [INFO   ]  [T018/SC1/open_square] 5.0s/300s  pos=(6.15,-0.86)  dist=1.21m  cmd=(0.48,-0.24)  mpc_ok=100%  solve=55.1ms
2026-04-28T15:57:02  [INFO   ]  [T018/SC1/open_square] 10.0s/300s  pos=(6.62,-0.40)  dist=0.55m  cmd=(0.05,0.00)  mpc_ok=100%  solve=39.2ms
2026-04-28T15:57:03  [INFO   ]  [T018/SC1/open_square] goal 1/3 reached  pos=(6.65,-0.35)  elapsed=11s
2026-04-28T15:57:07  [INFO   ]  [T018/SC1/open_square] 3.7s/300s  pos=(6.62,-0.39)  dist=6.40m  cmd=(0.00,0.00)  mpc_ok=100%  solve=36.5ms
2026-04-28T15:57:12  [INFO   ]  [T018/SC1/open_square] 8.7s/300s  pos=(6.62,-0.38)  dist=6.39m  cmd=(0.00,0.00)  mpc_ok=100%  solve=41.3ms
2026-04-28T15:57:17  [INFO   ]  [T018/SC1/open_square] 13.7s/300s  pos=(6.62,-0.38)  dist=6.39m  cmd=(0.00,-0.00)  mpc_ok=100%  solve=38.7ms
2026-04-28T15:57:22  [INFO   ]  [T018/SC1/open_square] 18.7s/300s  pos=(6.62,-0.37)  dist=6.38m  cmd=(0.00,0.00)  mpc_ok=100%  solve=38.4ms
2026-04-28T15:57:27  [INFO   ]  [T018/SC1/open_square] 23.7s/300s  pos=(6.63,-0.36)  dist=6.37m  cmd=(0.00,-0.00)  mpc_ok=100%  solve=38.5ms
2026-04-28T15:57:32  [INFO   ]  [T018/SC1/open_square] 28.7s/300s  pos=(6.63,-0.36)  dist=6.37m  cmd=(0.00,-0.00)  mpc_ok=100%  solve=36.4ms
2026-04-28T15:57:34  [WARNING]  [T018/SC1/open_square] early termination — insufficient progress over 30s (Δ=0.001 < 0.02)
2026-04-28T15:57:34  [INFO   ]  [T018/SC1/open_square] nav done — goals 1/3 (33%)  elapsed=31s  failure=early_term: insufficient progress over 30s (Δ=0.001 < 0.02)
2026-04-28T15:57:35  [DEBUG  ]  RosbagRecorder stopped  pid=117030
2026-04-28T15:57:35  [INFO   ]    → sc=open_square  goals=33%  score=0.391  weighted=0.0391  running=0.0391  dist=9.90  obs=1.000  scans=38
2026-04-28T15:57:35  [INFO   ]  ── Scenario 2/6: open_zigzag  (3 goals)  weight=0.10 ──
2026-04-28T15:57:35  [INFO   ]  [T018/SC2/open_zigzag] starting
2026-04-28T15:57:35  [INFO   ]    [sim] reusing Gazebo for world=default.sdf  — resetting robot pose
2026-04-28T15:57:35  [DEBUG  ]    [sim] reset strategy 'gz service /world/default/set_pose' returned 255 — trying next
2026-04-28T15:57:36  [INFO   ]    [sim] robot reset via 'ign service /world/default/set_pose'  pos=(0.00, 0.00)  heading=0.000
2026-04-28T15:57:39  [DEBUG  ]    [sim] nav-reset 'redirect goal' ok
2026-04-28T15:57:39  [DEBUG  ]    [sim] nav-reset 'clear /a_star/path' ok
2026-04-28T15:57:39  [DEBUG  ]    [sim] nav-reset 'clear /mpc/predicted_path' ok
2026-04-28T15:57:39  [DEBUG  ]    [sim] nav-reset 'clear global costmap' returned 1
2026-04-28T15:57:39  [DEBUG  ]    [sim] nav-reset 'clear local costmap' returned 1
2026-04-28T15:57:39  [INFO   ]    [sim] nav state flushed — planner redirected to (-6.00, 3.00)
2026-04-28T15:57:39  [DEBUG  ]  RosbagRecorder started  pid=117770  dir=/media/lorenzo/writable/Go2_navigation/tuning_results/trial_018/scenario_open_zigzag/rosbag
2026-04-28T15:57:39  [INFO   ]  [T018/SC2/open_zigzag] waiting 10s for Gazebo bridge…
2026-04-28T15:57:49  [INFO   ]  [T018/SC2/open_zigzag] spawning obstacles…
2026-04-28T15:58:13  [INFO   ]  [T018/SC2/open_zigzag] waiting 20s for planner…
2026-04-28T15:58:23  [DEBUG  ]  [T018/SC2/open_zigzag] heartbeat — 10s remaining
2026-04-28T15:58:33  [INFO   ]  [T018/SC2/open_zigzag] nav started — 3 goal(s), timeout=300s
2026-04-28T15:58:33  [INFO   ]  [T018/SC2/open_zigzag] 0.0s/300s  waiting for pose…
2026-04-28T15:58:33  [DEBUG  ]  [T018/SC2/open_zigzag] initial_dist set from first pose: 0.32m  pos=(-5.99,2.68)
2026-04-28T15:58:33  [INFO   ]  [T018/SC2/open_zigzag] goal 1/3 reached  pos=(-5.99,2.68)  elapsed=0s
2026-04-28T15:58:38  [INFO   ]  [T018/SC2/open_zigzag] 5.0s/300s  pos=(-5.99,2.69)  dist=12.44m  cmd=(0.00,0.00)  mpc_ok=100%  solve=48.4ms
2026-04-28T15:58:43  [INFO   ]  [T018/SC2/open_zigzag] 10.0s/300s  pos=(-5.99,2.70)  dist=12.44m  cmd=(0.00,0.00)  mpc_ok=100%  solve=39.6ms
2026-04-28T15:58:48  [INFO   ]  [T018/SC2/open_zigzag] 15.0s/300s  pos=(-5.99,2.69)  dist=12.44m  cmd=(0.00,-0.00)  mpc_ok=100%  solve=46.3ms
2026-04-28T15:58:53  [INFO   ]  [T018/SC2/open_zigzag] 20.0s/300s  pos=(-5.98,2.70)  dist=12.43m  cmd=(0.00,0.00)  mpc_ok=100%  solve=44.6ms
2026-04-28T15:58:58  [INFO   ]  [T018/SC2/open_zigzag] 25.0s/300s  pos=(-5.99,2.70)  dist=12.44m  cmd=(0.01,-0.00)  mpc_ok=100%  solve=37.6ms
2026-04-28T15:59:03  [WARNING]  [T018/SC2/open_zigzag] early termination — insufficient progress over 30s (Δ=0.000 < 0.02)
2026-04-28T15:59:03  [INFO   ]  [T018/SC2/open_zigzag] nav done — goals 1/3 (33%)  elapsed=30s  failure=early_term: insufficient progress over 30s (Δ=0.000 < 0.02)
2026-04-28T15:59:04  [DEBUG  ]  RosbagRecorder stopped  pid=117770
2026-04-28T15:59:04  [INFO   ]    → sc=open_zigzag  goals=33%  score=0.271  weighted=0.0271  running=0.0662  dist=6.29  obs=0.000  scans=0
2026-04-28T15:59:04  [INFO   ]  ── Scenario 3/6: warehouse_loop  (4 goals)  weight=0.25 ──
2026-04-28T15:59:04  [INFO   ]  [T018/SC3/warehouse_loop] starting
2026-04-28T15:59:04  [DEBUG  ]  Sending SIGTERM to sim_launch  pgid=116552
2026-04-28T15:59:04  [DEBUG  ]  sim_launch exited cleanly
2026-04-28T15:59:12  [DEBUG  ]    [sim] killed
2026-04-28T15:59:23  [INFO   ]    [sim] launched  pid=118062  world=warehouse.world
2026-04-28T15:59:23  [DEBUG  ]  RosbagRecorder started  pid=118539  dir=/media/lorenzo/writable/Go2_navigation/tuning_results/trial_018/scenario_warehouse_loop/rosbag
2026-04-28T15:59:23  [INFO   ]  [T018/SC3/warehouse_loop] waiting 10s for Gazebo bridge…
2026-04-28T15:59:33  [INFO   ]  [T018/SC3/warehouse_loop] spawning obstacles…
2026-04-28T16:00:03  [INFO   ]  [T018/SC3/warehouse_loop] waiting 20s for planner…
2026-04-28T16:00:13  [DEBUG  ]  [T018/SC3/warehouse_loop] heartbeat — 10s remaining
2026-04-28T16:00:23  [INFO   ]  [T018/SC3/warehouse_loop] nav started — 4 goal(s), timeout=180s
2026-04-28T16:00:23  [INFO   ]  [T018/SC3/warehouse_loop] 0.0s/180s  waiting for pose…
2026-04-28T16:00:23  [DEBUG  ]  [T018/SC3/warehouse_loop] initial_dist set from first pose: 17.82m  pos=(-5.81,-8.25)
2026-04-28T16:00:28  [INFO   ]  [T018/SC3/warehouse_loop] 5.0s/180s  pos=(-5.43,-8.29)  dist=17.43m  cmd=(0.27,-0.00)  mpc_ok=100%  solve=35.4ms
2026-04-28T16:00:33  [INFO   ]  [T018/SC3/warehouse_loop] 10.0s/180s  pos=(-4.99,-8.32)  dist=16.99m  cmd=(0.36,0.00)  mpc_ok=100%  solve=32.8ms
2026-04-28T16:00:38  [INFO   ]  [T018/SC3/warehouse_loop] 15.0s/180s  pos=(-4.40,-8.32)  dist=16.41m  cmd=(0.24,-0.00)  mpc_ok=100%  solve=21.2ms
2026-04-28T16:00:43  [INFO   ]  [T018/SC3/warehouse_loop] 20.0s/180s  pos=(-4.19,-8.33)  dist=16.19m  cmd=(0.00,-0.00)  mpc_ok=100%  solve=58.9ms
2026-04-28T16:00:48  [INFO   ]  [T018/SC3/warehouse_loop] 25.1s/180s  pos=(-4.24,-8.33)  dist=16.24m  cmd=(0.00,-0.00)  mpc_ok=100%  solve=55.7ms
2026-04-28T16:00:53  [INFO   ]  [T018/SC3/warehouse_loop] 30.1s/180s  pos=(-4.42,-8.34)  dist=16.43m  cmd=(-0.00,-0.00)  mpc_ok=100%  solve=61.3ms
2026-04-28T16:00:58  [INFO   ]  [T018/SC3/warehouse_loop] 35.1s/180s  pos=(-4.42,-8.34)  dist=16.43m  cmd=(-0.00,-0.00)  mpc_ok=100%  solve=56.8ms
2026-04-28T16:01:03  [INFO   ]  [T018/SC3/warehouse_loop] 40.1s/180s  pos=(-4.42,-8.34)  dist=16.43m  cmd=(-0.00,-0.00)  mpc_ok=100%  solve=56.5ms
2026-04-28T16:01:04  [WARNING]  [T018/SC3/warehouse_loop] early termination — insufficient progress over 30s (Δ=0.020 < 0.02)
2026-04-28T16:01:04  [INFO   ]  [T018/SC3/warehouse_loop] nav done — goals 0/4 (0%)  elapsed=41s  failure=early_term: insufficient progress over 30s (Δ=0.020 < 0.02)
2026-04-28T16:01:05  [DEBUG  ]  RosbagRecorder stopped  pid=118539
2026-04-28T16:01:05  [INFO   ]    → sc=warehouse_loop  goals=0%  score=0.330  weighted=0.0825  running=0.1487  dist=18.01  obs=1.000  scans=380
2026-04-28T16:01:05  [INFO   ]  ── Scenario 4/6: warehouse_cross_aisle  (3 goals)  weight=0.20 ──
2026-04-28T16:01:05  [INFO   ]  [T018/SC4/warehouse_cross_aisle] starting
2026-04-28T16:01:05  [INFO   ]    [sim] reusing Gazebo for world=warehouse.world  — resetting robot pose
2026-04-28T16:01:05  [DEBUG  ]    [sim] reset strategy 'gz service /world/warehouse/set_pose' returned 255 — trying next
2026-04-28T16:01:05  [INFO   ]    [sim] robot reset via 'ign service /world/warehouse/set_pose'  pos=(-4.00, 8.00)  heading=-1.571
2026-04-28T16:01:08  [DEBUG  ]    [sim] nav-reset 'redirect goal' ok
2026-04-28T16:01:08  [DEBUG  ]    [sim] nav-reset 'clear /a_star/path' ok
2026-04-28T16:01:08  [DEBUG  ]    [sim] nav-reset 'clear /mpc/predicted_path' ok
2026-04-28T16:01:08  [DEBUG  ]    [sim] nav-reset 'clear global costmap' returned 1
2026-04-28T16:01:08  [DEBUG  ]    [sim] nav-reset 'clear local costmap' returned 1
2026-04-28T16:01:08  [INFO   ]    [sim] nav state flushed — planner redirected to (-4.00, 2.00)
2026-04-28T16:01:08  [DEBUG  ]  RosbagRecorder started  pid=119325  dir=/media/lorenzo/writable/Go2_navigation/tuning_results/trial_018/scenario_warehouse_cross_aisle/rosbag
2026-04-28T16:01:08  [INFO   ]  [T018/SC4/warehouse_cross_aisle] waiting 10s for Gazebo bridge…
2026-04-28T16:01:18  [INFO   ]  [T018/SC4/warehouse_cross_aisle] spawning obstacles…
2026-04-28T16:01:42  [INFO   ]  [T018/SC4/warehouse_cross_aisle] waiting 20s for planner…
2026-04-28T16:01:52  [DEBUG  ]  [T018/SC4/warehouse_cross_aisle] heartbeat — 10s remaining
2026-04-28T16:02:02  [INFO   ]  [T018/SC4/warehouse_cross_aisle] nav started — 3 goal(s), timeout=150s
2026-04-28T16:02:02  [INFO   ]  [T018/SC4/warehouse_cross_aisle] 0.0s/150s  waiting for pose…
2026-04-28T16:02:02  [DEBUG  ]  [T018/SC4/warehouse_cross_aisle] initial_dist set from first pose: 5.09m  pos=(-4.73,-3.04)
2026-04-28T16:02:07  [INFO   ]  [T018/SC4/warehouse_cross_aisle] 5.0s/150s  pos=(-4.40,-3.98)  dist=5.99m  cmd=(0.80,0.09)  mpc_ok=100%  solve=84.1ms
2026-04-28T16:02:12  [INFO   ]  [T018/SC4/warehouse_cross_aisle] 10.0s/150s  pos=(-4.30,-4.98)  dist=6.98m  cmd=(0.80,-0.02)  mpc_ok=100%  solve=44.8ms
2026-04-28T16:02:17  [INFO   ]  [T018/SC4/warehouse_cross_aisle] 15.0s/150s  pos=(-4.26,-5.98)  dist=7.99m  cmd=(0.66,0.03)  mpc_ok=100%  solve=37.6ms
2026-04-28T16:02:22  [INFO   ]  [T018/SC4/warehouse_cross_aisle] 20.1s/150s  pos=(-4.21,-6.79)  dist=8.79m  cmd=(0.08,-0.01)  mpc_ok=100%  solve=42.4ms
2026-04-28T16:02:27  [INFO   ]  [T018/SC4/warehouse_cross_aisle] 25.1s/150s  pos=(-4.20,-7.21)  dist=9.21m  cmd=(0.28,0.01)  mpc_ok=100%  solve=44.8ms
2026-04-28T16:02:32  [INFO   ]  [T018/SC4/warehouse_cross_aisle] 30.1s/150s  pos=(-4.19,-7.71)  dist=9.72m  cmd=(0.27,0.04)  mpc_ok=100%  solve=37.6ms
2026-04-28T16:02:37  [INFO   ]  [T018/SC4/warehouse_cross_aisle] 35.1s/150s  pos=(-4.19,-8.11)  dist=10.11m  cmd=(0.16,-0.00)  mpc_ok=100%  solve=38.3ms
2026-04-28T16:02:42  [INFO   ]  [T018/SC4/warehouse_cross_aisle] 40.1s/150s  pos=(-4.14,-7.74)  dist=9.74m  cmd=(-0.01,-0.00)  mpc_ok=100%  solve=46.9ms
2026-04-28T16:02:47  [INFO   ]  [T018/SC4/warehouse_cross_aisle] 45.1s/150s  pos=(-4.03,-6.86)  dist=8.86m  cmd=(0.39,0.06)  mpc_ok=100%  solve=45.7ms
2026-04-28T16:02:49  [WARNING]  [T018/SC4/warehouse_cross_aisle] early termination — insufficient progress over 30s (Δ=0.002 < 0.02)
2026-04-28T16:02:49  [INFO   ]  [T018/SC4/warehouse_cross_aisle] nav done — goals 0/3 (0%)  elapsed=47s  failure=early_term: insufficient progress over 30s (Δ=0.002 < 0.02)
2026-04-28T16:02:50  [DEBUG  ]  RosbagRecorder stopped  pid=119325
2026-04-28T16:02:50  [INFO   ]    → sc=warehouse_cross_aisle  goals=0%  score=0.357  weighted=0.0713  running=0.2200  dist=8.12  obs=1.000  scans=427
2026-04-28T16:02:50  [INFO   ]  ── Scenario 5/6: office_traverse  (3 goals)  weight=0.20 ──
2026-04-28T16:02:50  [INFO   ]  [T018/SC5/office_traverse] starting
2026-04-28T16:02:50  [DEBUG  ]  Sending SIGTERM to sim_launch  pgid=118062
2026-04-28T16:02:50  [DEBUG  ]  sim_launch exited cleanly
2026-04-28T16:02:58  [DEBUG  ]    [sim] killed
2026-04-28T16:03:09  [INFO   ]    [sim] launched  pid=119616  world=indoor_office.world
2026-04-28T16:03:09  [DEBUG  ]  RosbagRecorder started  pid=120093  dir=/media/lorenzo/writable/Go2_navigation/tuning_results/trial_018/scenario_office_traverse/rosbag
2026-04-28T16:03:09  [INFO   ]  [T018/SC5/office_traverse] waiting 10s for Gazebo bridge…
2026-04-28T16:03:19  [INFO   ]  [T018/SC5/office_traverse] spawning obstacles…
2026-04-28T16:03:43  [INFO   ]  [T018/SC5/office_traverse] waiting 20s for planner…
2026-04-28T16:03:53  [DEBUG  ]  [T018/SC5/office_traverse] heartbeat — 10s remaining
2026-04-28T16:04:03  [INFO   ]  [T018/SC5/office_traverse] nav started — 3 goal(s), timeout=150s
2026-04-28T16:04:03  [INFO   ]  [T018/SC5/office_traverse] 0.0s/150s  waiting for pose…
2026-04-28T16:04:03  [DEBUG  ]  [T018/SC5/office_traverse] initial_dist set from first pose: 4.65m  pos=(3.10,-4.56)
2026-04-28T16:04:08  [INFO   ]  [T018/SC5/office_traverse] 5.1s/150s  pos=(3.80,-3.95)  dist=3.96m  cmd=(0.33,0.25)  mpc_ok=100%  solve=24.0ms
2026-04-28T16:04:13  [INFO   ]  [T018/SC5/office_traverse] 10.1s/150s  pos=(2.95,-3.29)  dist=3.45m  cmd=(0.80,-0.30)  mpc_ok=100%  solve=120.5ms
2026-04-28T16:04:18  [INFO   ]  [T018/SC5/office_traverse] 15.1s/150s  pos=(3.02,-1.70)  dist=1.97m  cmd=(0.39,-0.30)  mpc_ok=100%  solve=88.3ms
2026-04-28T16:04:23  [INFO   ]  [T018/SC5/office_traverse] 20.1s/150s  pos=(3.91,-1.66)  dist=1.66m  cmd=(-0.32,-0.26)  mpc_ok=100%  solve=118.7ms
2026-04-28T16:04:28  [INFO   ]  [T018/SC5/office_traverse] 25.1s/150s  pos=(3.14,-2.74)  dist=2.87m  cmd=(0.70,0.14)  mpc_ok=100%  solve=47.6ms
2026-04-28T16:04:33  [INFO   ]  [T018/SC5/office_traverse] 30.1s/150s  pos=(2.26,-2.28)  dist=2.86m  cmd=(0.80,-0.15)  mpc_ok=100%  solve=88.5ms
2026-04-28T16:04:38  [INFO   ]  [T018/SC5/office_traverse] 35.1s/150s  pos=(2.60,-1.75)  dist=2.24m  cmd=(0.37,-0.30)  mpc_ok=100%  solve=36.5ms
2026-04-28T16:04:43  [INFO   ]  [T018/SC5/office_traverse] 40.1s/150s  pos=(3.83,-1.68)  dist=1.69m  cmd=(-0.00,-0.00)  mpc_ok=100%  solve=52.8ms
2026-04-28T16:04:48  [INFO   ]  [T018/SC5/office_traverse] 45.1s/150s  pos=(3.43,-1.00)  dist=1.15m  cmd=(0.38,-0.30)  mpc_ok=100%  solve=46.8ms
2026-04-28T16:04:53  [INFO   ]  [T018/SC5/office_traverse] 50.2s/150s  pos=(3.73,-0.84)  dist=0.88m  cmd=(0.33,0.30)  mpc_ok=100%  solve=36.6ms
2026-04-28T16:04:58  [INFO   ]  [T018/SC5/office_traverse] 55.2s/150s  pos=(3.45,0.05)  dist=0.55m  cmd=(0.14,-0.30)  mpc_ok=100%  solve=41.2ms
2026-04-28T16:04:58  [INFO   ]  [T018/SC5/office_traverse] goal 1/3 reached  pos=(3.52,0.11)  elapsed=55s
2026-04-28T16:05:03  [INFO   ]  [T018/SC5/office_traverse] 4.7s/150s  pos=(4.11,1.25)  dist=3.37m  cmd=(0.69,-0.30)  mpc_ok=100%  solve=52.0ms
2026-04-28T16:05:08  [INFO   ]  [T018/SC5/office_traverse] 9.7s/150s  pos=(4.68,2.58)  dist=2.36m  cmd=(0.00,-0.02)  mpc_ok=100%  solve=43.2ms
2026-04-28T16:05:13  [INFO   ]  [T018/SC5/office_traverse] 14.7s/150s  pos=(4.02,2.82)  dist=2.98m  cmd=(0.80,-0.07)  mpc_ok=100%  solve=53.4ms
2026-04-28T16:05:18  [INFO   ]  [T018/SC5/office_traverse] 19.7s/150s  pos=(3.13,3.14)  dist=3.88m  cmd=(0.80,-0.04)  mpc_ok=100%  solve=65.8ms
2026-04-28T16:05:23  [INFO   ]  [T018/SC5/office_traverse] 24.8s/150s  pos=(3.87,3.31)  dist=3.15m  cmd=(0.80,-0.30)  mpc_ok=100%  solve=49.2ms
2026-04-28T16:05:28  [INFO   ]  [T018/SC5/office_traverse] 29.8s/150s  pos=(4.31,3.51)  dist=2.73m  cmd=(0.79,-0.21)  mpc_ok=100%  solve=54.8ms
2026-04-28T16:05:33  [INFO   ]  [T018/SC5/office_traverse] 34.8s/150s  pos=(5.47,3.29)  dist=1.55m  cmd=(-0.80,0.17)  mpc_ok=100%  solve=50.0ms
2026-04-28T16:05:37  [WARNING]  [T018/SC5/office_traverse] early termination — insufficient progress over 30s (Δ=0.020 < 0.02)
2026-04-28T16:05:37  [INFO   ]  [T018/SC5/office_traverse] nav done — goals 1/3 (33%)  elapsed=39s  failure=early_term: insufficient progress over 30s (Δ=0.020 < 0.02)
2026-04-28T16:05:38  [DEBUG  ]  RosbagRecorder stopped  pid=120093
2026-04-28T16:05:38  [INFO   ]    → sc=office_traverse  goals=33%  score=0.430  weighted=0.0860  running=0.3059  dist=5.30  obs=0.999  scans=854
2026-04-28T16:05:38  [INFO   ]  ── Scenario 6/6: office_corridor  (3 goals)  weight=0.15 ──
2026-04-28T16:05:38  [INFO   ]  [T018/SC6/office_corridor] starting
2026-04-28T16:05:38  [INFO   ]    [sim] reusing Gazebo for world=indoor_office.world  — resetting robot pose
2026-04-28T16:05:39  [DEBUG  ]    [sim] reset strategy 'gz service /world/indoor_office/set_pose' returned 255 — trying next
2026-04-28T16:05:39  [INFO   ]    [sim] robot reset via 'ign service /world/indoor_office/set_pose'  pos=(-4.00, -6.00)  heading=1.571
2026-04-28T16:05:42  [DEBUG  ]    [sim] nav-reset 'redirect goal' ok
2026-04-28T16:05:42  [DEBUG  ]    [sim] nav-reset 'clear /a_star/path' ok
2026-04-28T16:05:42  [DEBUG  ]    [sim] nav-reset 'clear /mpc/predicted_path' ok
2026-04-28T16:05:42  [DEBUG  ]    [sim] nav-reset 'clear global costmap' returned 1
2026-04-28T16:05:42  [DEBUG  ]    [sim] nav-reset 'clear local costmap' returned 1
2026-04-28T16:05:42  [INFO   ]    [sim] nav state flushed — planner redirected to (-4.00, 0.00)
2026-04-28T16:05:42  [DEBUG  ]  RosbagRecorder started  pid=120833  dir=/media/lorenzo/writable/Go2_navigation/tuning_results/trial_018/scenario_office_corridor/rosbag
2026-04-28T16:05:42  [INFO   ]  [T018/SC6/office_corridor] waiting 10s for Gazebo bridge…
2026-04-28T16:05:52  [INFO   ]  [T018/SC6/office_corridor] spawning obstacles…
2026-04-28T16:06:16  [INFO   ]  [T018/SC6/office_corridor] waiting 20s for planner…
2026-04-28T16:06:26  [DEBUG  ]  [T018/SC6/office_corridor] heartbeat — 10s remaining
2026-04-28T16:06:36  [INFO   ]  [T018/SC6/office_corridor] nav started — 3 goal(s), timeout=150s
2026-04-28T16:06:36  [INFO   ]  [T018/SC6/office_corridor] 0.0s/150s  waiting for pose…
2026-04-28T16:06:36  [DEBUG  ]  [T018/SC6/office_corridor] initial_dist set from first pose: 2.54m  pos=(-6.53,-0.26)
2026-04-28T16:06:41  [INFO   ]  [T018/SC6/office_corridor] 5.0s/150s  pos=(-5.95,1.16)  dist=2.26m  cmd=(0.02,-0.30)  mpc_ok=100%  solve=52.5ms
2026-04-28T16:06:46  [INFO   ]  [T018/SC6/office_corridor] 10.0s/150s  pos=(-5.89,0.67)  dist=2.01m  cmd=(0.78,0.26)  mpc_ok=100%  solve=61.2ms
2026-04-28T16:06:51  [INFO   ]  [T018/SC6/office_corridor] 15.1s/150s  pos=(-6.88,0.97)  dist=3.04m  cmd=(0.64,-0.30)  mpc_ok=100%  solve=52.6ms
2026-04-28T16:06:56  [INFO   ]  [T018/SC6/office_corridor] 20.1s/150s  pos=(-7.46,1.25)  dist=3.68m  cmd=(0.80,-0.14)  mpc_ok=100%  solve=45.7ms
2026-04-28T16:07:01  [INFO   ]  [T018/SC6/office_corridor] 25.1s/150s  pos=(-7.95,1.88)  dist=4.37m  cmd=(0.80,-0.03)  mpc_ok=100%  solve=42.4ms
2026-04-28T16:07:06  [INFO   ]  [T018/SC6/office_corridor] 30.1s/150s  pos=(-7.69,2.98)  dist=4.74m  cmd=(0.80,-0.30)  mpc_ok=100%  solve=43.4ms
2026-04-28T16:07:11  [INFO   ]  [T018/SC6/office_corridor] 35.1s/150s  pos=(-6.48,3.75)  dist=4.50m  cmd=(0.59,-0.30)  mpc_ok=100%  solve=103.2ms
2026-04-28T16:07:16  [INFO   ]  [T018/SC6/office_corridor] 40.1s/150s  pos=(-5.51,3.36)  dist=3.68m  cmd=(0.18,0.30)  mpc_ok=95%  solve=123.5ms
2026-04-28T16:07:21  [INFO   ]  [T018/SC6/office_corridor] 45.1s/150s  pos=(-5.38,3.92)  dist=4.16m  cmd=(0.22,-0.30)  mpc_ok=100%  solve=40.0ms
2026-04-28T16:07:25  [WARNING]  [T018/SC6/office_corridor] early termination — insufficient progress over 30s (Δ=0.009 < 0.02)
2026-04-28T16:07:25  [INFO   ]  [T018/SC6/office_corridor] nav done — goals 0/3 (0%)  elapsed=49s  failure=early_term: insufficient progress over 30s (Δ=0.009 < 0.02)
2026-04-28T16:07:26  [DEBUG  ]  RosbagRecorder stopped  pid=120833
2026-04-28T16:07:26  [INFO   ]    → sc=office_corridor  goals=0%  score=0.365  weighted=0.0547  running=0.3606  dist=5.65  obs=1.000  scans=437
2026-04-28T16:07:26  [DEBUG  ]  Sending SIGTERM to sim_launch  pgid=119616
2026-04-28T16:07:26  [DEBUG  ]  sim_launch exited cleanly
2026-04-28T16:07:34  [DEBUG  ]    [sim] killed
2026-04-28T16:07:34  [INFO   ]  [GP] fitting on 18 observations…
2026-04-28T16:07:34  [INFO   ]  [GP] active  noise=0.9259  gp_mean=0.3445±0.0339  top5=mpc_Q_x=0.719  mpc_Q_y=0.206  mpc_W_obs_sigmoid=0.036  mpc_Q_yaw=0.017  mpc_Q_terminal=0.016
2026-04-28T16:07:34  [DEBUG  ]  [GP] model checkpoint saved  /media/lorenzo/writable/Go2_navigation/tuning_results/trial_018/gp_data/gp_model.joblib
2026-04-28T16:07:34  [DEBUG  ]  [GP] checkpoint written  /media/lorenzo/writable/Go2_navigation/tuning_results/trial_018/gp_data
2026-04-28T16:07:35  [DEBUG  ]  [plot] gp_marginals saved  /media/lorenzo/writable/Go2_navigation/tuning_results/gp_marginals.png
2026-04-28T16:07:35  [DEBUG  ]  [plot] gp_fitted_vs_actual saved  /media/lorenzo/writable/Go2_navigation/tuning_results/gp_fitted_vs_actual.png
2026-04-28T16:07:35  [DEBUG  ]  [disk] removed bag  /media/lorenzo/writable/Go2_navigation/tuning_results/trial_013/scenario_open_zigzag/rosbag
2026-04-28T16:07:35  [DEBUG  ]  [disk] removed bag  /media/lorenzo/writable/Go2_navigation/tuning_results/trial_013/scenario_office_corridor/rosbag
2026-04-28T16:07:35  [DEBUG  ]  [disk] removed bag  /media/lorenzo/writable/Go2_navigation/tuning_results/trial_013/scenario_warehouse_loop/rosbag
2026-04-28T16:07:35  [DEBUG  ]  [disk] removed bag  /media/lorenzo/writable/Go2_navigation/tuning_results/trial_013/scenario_office_traverse/rosbag
2026-04-28T16:07:35  [DEBUG  ]  [disk] removed bag  /media/lorenzo/writable/Go2_navigation/tuning_results/trial_013/scenario_warehouse_cross_aisle/rosbag
2026-04-28T16:07:35  [DEBUG  ]  [disk] removed bag  /media/lorenzo/writable/Go2_navigation/tuning_results/trial_013/scenario_open_square/rosbag
2026-04-28T16:07:35  [INFO   ]  [trial 018/50]  aggregate=0.3606  best=0.3830(t006)  elapsed=11.8min  GP=active(n=18)
2026-04-28T16:07:35  [INFO   ]  ============================================================
2026-04-28T16:07:35  [INFO   ]  Trial 019/50  [TPE-GUIDED]  2026-04-28T16:07:35  ETA ~243min
2026-04-28T16:07:35  [INFO   ]  Params: {'grid_std': '0.248', 'mpc_Q_terminal': '91.603', 'mpc_Q_x': '188.512', 'mpc_Q_y': '97.174', 'mpc_Q_yaw': '9.161', 'mpc_W_obs_sigmoid': '323.381'}
2026-04-28T16:07:35  [INFO   ]  ============================================================
2026-04-28T16:07:35  [INFO   ]  ── Scenario 1/6: open_square  (3 goals)  weight=0.10 ──
2026-04-28T16:07:35  [INFO   ]  [T019/SC1/open_square] starting
2026-04-28T16:07:45  [INFO   ]    [sim] launched  pid=121143  world=default.sdf
2026-04-28T16:07:45  [DEBUG  ]  RosbagRecorder started  pid=121621  dir=/media/lorenzo/writable/Go2_navigation/tuning_results/trial_019/scenario_open_square/rosbag
2026-04-28T16:07:45  [INFO   ]  [T019/SC1/open_square] waiting 10s for Gazebo bridge…
2026-04-28T16:07:56  [INFO   ]  [T019/SC1/open_square] spawning obstacles…
2026-04-28T16:08:20  [INFO   ]  [T019/SC1/open_square] waiting 20s for planner…
2026-04-28T16:08:30  [DEBUG  ]  [T019/SC1/open_square] heartbeat — 10s remaining
2026-04-28T16:08:40  [INFO   ]  [T019/SC1/open_square] nav started — 3 goal(s), timeout=300s
2026-04-28T16:08:40  [INFO   ]  [T019/SC1/open_square] 0.0s/300s  waiting for pose…
2026-04-28T16:08:40  [DEBUG  ]  [T019/SC1/open_square] initial_dist set from first pose: 2.63m  pos=(5.72,-2.30)
2026-04-28T16:08:45  [INFO   ]  [T019/SC1/open_square] 5.0s/300s  pos=(6.10,-1.43)  dist=1.69m  cmd=(0.80,0.03)  mpc_ok=100%  solve=35.4ms
2026-04-28T16:08:50  [INFO   ]  [T019/SC1/open_square] 10.1s/300s  pos=(6.71,-0.77)  dist=0.82m  cmd=(0.31,-0.01)  mpc_ok=100%  solve=41.9ms
2026-04-28T16:08:52  [INFO   ]  [T019/SC1/open_square] goal 1/3 reached  pos=(6.77,-0.44)  elapsed=12s
2026-04-28T16:08:55  [INFO   ]  [T019/SC1/open_square] 3.1s/300s  pos=(6.80,-0.38)  dist=6.38m  cmd=(0.00,-0.00)  mpc_ok=100%  solve=44.8ms
2026-04-28T16:09:00  [INFO   ]  [T019/SC1/open_square] 8.2s/300s  pos=(6.80,-0.36)  dist=6.36m  cmd=(0.11,-0.00)  mpc_ok=100%  solve=40.7ms
2026-04-28T16:09:05  [INFO   ]  [T019/SC1/open_square] 13.2s/300s  pos=(6.78,-0.44)  dist=6.44m  cmd=(0.25,0.02)  mpc_ok=100%  solve=42.0ms
2026-04-28T16:09:10  [INFO   ]  [T019/SC1/open_square] 18.2s/300s  pos=(6.79,-0.44)  dist=6.44m  cmd=(0.05,0.02)  mpc_ok=100%  solve=44.6ms
2026-04-28T16:09:15  [INFO   ]  [T019/SC1/open_square] 23.2s/300s  pos=(6.80,-0.14)  dist=6.14m  cmd=(0.65,0.07)  mpc_ok=100%  solve=23.3ms
2026-04-28T16:09:20  [INFO   ]  [T019/SC1/open_square] 28.2s/300s  pos=(6.91,0.86)  dist=5.14m  cmd=(0.80,0.04)  mpc_ok=100%  solve=41.9ms
2026-04-28T16:09:25  [INFO   ]  [T019/SC1/open_square] 33.2s/300s  pos=(6.91,1.88)  dist=4.12m  cmd=(0.80,-0.01)  mpc_ok=100%  solve=35.1ms
2026-04-28T16:09:30  [INFO   ]  [T019/SC1/open_square] 38.2s/300s  pos=(6.91,2.90)  dist=3.10m  cmd=(0.80,0.01)  mpc_ok=100%  solve=25.2ms
2026-04-28T16:09:35  [INFO   ]  [T019/SC1/open_square] 43.3s/300s  pos=(6.91,3.92)  dist=2.09m  cmd=(0.80,0.03)  mpc_ok=100%  solve=34.1ms
2026-04-28T16:09:40  [INFO   ]  [T019/SC1/open_square] 48.3s/300s  pos=(6.91,4.93)  dist=1.07m  cmd=(0.58,-0.00)  mpc_ok=100%  solve=39.8ms
2026-04-28T16:09:43  [INFO   ]  [T019/SC1/open_square] goal 2/3 reached  pos=(6.91,5.51)  elapsed=51s
2026-04-28T16:09:45  [INFO   ]  [T019/SC1/open_square] 2.1s/300s  pos=(6.91,5.80)  dist=7.01m  cmd=(0.26,0.12)  mpc_ok=100%  solve=46.6ms
2026-04-28T16:09:50  [INFO   ]  [T019/SC1/open_square] 7.1s/300s  pos=(5.83,6.15)  dist=5.89m  cmd=(0.47,0.30)  mpc_ok=100%  solve=64.3ms
2026-04-28T16:09:55  [INFO   ]  [T019/SC1/open_square] 12.1s/300s  pos=(4.39,6.04)  dist=4.49m  cmd=(-0.02,0.30)  mpc_ok=100%  solve=151.2ms
2026-04-28T16:10:00  [INFO   ]  [T019/SC1/open_square] 17.1s/300s  pos=(3.31,6.35)  dist=3.37m  cmd=(0.05,0.30)  mpc_ok=100%  solve=50.2ms
2026-04-28T16:10:05  [INFO   ]  [T019/SC1/open_square] 22.2s/300s  pos=(1.51,6.48)  dist=1.59m  cmd=(-0.80,0.10)  mpc_ok=100%  solve=68.6ms
2026-04-28T16:10:10  [INFO   ]  [T019/SC1/open_square] goal 3/3 reached  pos=(0.22,6.55)  elapsed=27s
2026-04-28T16:10:10  [INFO   ]  [T019/SC1/open_square] nav done — goals 3/3 (100%)  elapsed=27s  failure=None
2026-04-28T16:10:11  [DEBUG  ]  RosbagRecorder stopped  pid=121621
2026-04-28T16:10:11  [INFO   ]    → sc=open_square  goals=100%  score=0.864  weighted=0.0864  running=0.0864  dist=0.50  obs=0.999  scans=409
2026-04-28T16:10:11  [INFO   ]  ── Scenario 2/6: open_zigzag  (3 goals)  weight=0.10 ──
2026-04-28T16:10:11  [INFO   ]  [T019/SC2/open_zigzag] starting
2026-04-28T16:10:11  [INFO   ]    [sim] reusing Gazebo for world=default.sdf  — resetting robot pose
2026-04-28T16:10:12  [DEBUG  ]    [sim] reset strategy 'gz service /world/default/set_pose' returned 255 — trying next
2026-04-28T16:10:12  [INFO   ]    [sim] robot reset via 'ign service /world/default/set_pose'  pos=(0.00, 0.00)  heading=0.000
2026-04-28T16:10:15  [DEBUG  ]    [sim] nav-reset 'redirect goal' ok
2026-04-28T16:10:15  [DEBUG  ]    [sim] nav-reset 'clear /a_star/path' ok
2026-04-28T16:10:15  [DEBUG  ]    [sim] nav-reset 'clear /mpc/predicted_path' ok
2026-04-28T16:10:15  [DEBUG  ]    [sim] nav-reset 'clear global costmap' returned 1
2026-04-28T16:10:15  [DEBUG  ]    [sim] nav-reset 'clear local costmap' returned 1
2026-04-28T16:10:15  [INFO   ]    [sim] nav state flushed — planner redirected to (-6.00, 3.00)
2026-04-28T16:10:15  [DEBUG  ]  RosbagRecorder started  pid=122361  dir=/media/lorenzo/writable/Go2_navigation/tuning_results/trial_019/scenario_open_zigzag/rosbag
2026-04-28T16:10:15  [INFO   ]  [T019/SC2/open_zigzag] waiting 10s for Gazebo bridge…
2026-04-28T16:10:25  [INFO   ]  [T019/SC2/open_zigzag] spawning obstacles…
2026-04-28T16:10:49  [INFO   ]  [T019/SC2/open_zigzag] waiting 20s for planner…
2026-04-28T16:10:59  [DEBUG  ]  [T019/SC2/open_zigzag] heartbeat — 10s remaining
2026-04-28T16:11:09  [INFO   ]  [T019/SC2/open_zigzag] nav started — 3 goal(s), timeout=300s
2026-04-28T16:11:09  [INFO   ]  [T019/SC2/open_zigzag] 0.0s/300s  waiting for pose…
2026-04-28T16:11:09  [DEBUG  ]  [T019/SC2/open_zigzag] initial_dist set from first pose: 0.32m  pos=(-6.04,2.68)
2026-04-28T16:11:09  [INFO   ]  [T019/SC2/open_zigzag] goal 1/3 reached  pos=(-6.04,2.68)  elapsed=0s
2026-04-28T16:11:14  [INFO   ]  [T019/SC2/open_zigzag] 5.0s/300s  pos=(-6.04,2.66)  dist=12.50m  cmd=(0.20,-0.00)  mpc_ok=100%  solve=42.3ms
2026-04-28T16:11:19  [INFO   ]  [T019/SC2/open_zigzag] 10.0s/300s  pos=(-6.03,2.63)  dist=12.49m  cmd=(0.26,-0.01)  mpc_ok=100%  solve=41.1ms
2026-04-28T16:11:24  [INFO   ]  [T019/SC2/open_zigzag] 15.0s/300s  pos=(-6.02,2.61)  dist=12.49m  cmd=(0.25,0.00)  mpc_ok=100%  solve=39.4ms
2026-04-28T16:11:29  [INFO   ]  [T019/SC2/open_zigzag] 20.0s/300s  pos=(-6.02,2.61)  dist=12.49m  cmd=(0.19,0.01)  mpc_ok=100%  solve=41.7ms
2026-04-28T16:11:34  [INFO   ]  [T019/SC2/open_zigzag] 25.0s/300s  pos=(-6.02,2.61)  dist=12.49m  cmd=(0.16,0.01)  mpc_ok=100%  solve=43.4ms
2026-04-28T16:11:40  [INFO   ]  [T019/SC2/open_zigzag] 30.0s/300s  pos=(-6.02,2.61)  dist=12.49m  cmd=(0.14,-0.00)  mpc_ok=100%  solve=38.4ms
2026-04-28T16:11:40  [WARNING]  [T019/SC2/open_zigzag] early termination — insufficient progress over 30s (Δ=0.000 < 0.02)
2026-04-28T16:11:40  [INFO   ]  [T019/SC2/open_zigzag] nav done — goals 1/3 (33%)  elapsed=30s  failure=early_term: insufficient progress over 30s (Δ=0.000 < 0.02)
2026-04-28T16:11:41  [DEBUG  ]  RosbagRecorder stopped  pid=122361
2026-04-28T16:11:41  [INFO   ]    → sc=open_zigzag  goals=33%  score=0.270  weighted=0.0270  running=0.1134  dist=6.39  obs=0.000  scans=0
2026-04-28T16:11:41  [INFO   ]  ── Scenario 3/6: warehouse_loop  (4 goals)  weight=0.25 ──
2026-04-28T16:11:41  [INFO   ]  [T019/SC3/warehouse_loop] starting
2026-04-28T16:11:41  [DEBUG  ]  Sending SIGTERM to sim_launch  pgid=121143
2026-04-28T16:11:41  [DEBUG  ]  sim_launch exited cleanly
2026-04-28T16:11:49  [DEBUG  ]    [sim] killed
2026-04-28T16:11:59  [INFO   ]    [sim] launched  pid=122653  world=warehouse.world
2026-04-28T16:11:59  [DEBUG  ]  RosbagRecorder started  pid=123130  dir=/media/lorenzo/writable/Go2_navigation/tuning_results/trial_019/scenario_warehouse_loop/rosbag
2026-04-28T16:11:59  [INFO   ]  [T019/SC3/warehouse_loop] waiting 10s for Gazebo bridge…
2026-04-28T16:12:09  [INFO   ]  [T019/SC3/warehouse_loop] spawning obstacles…
2026-04-28T16:12:40  [INFO   ]  [T019/SC3/warehouse_loop] waiting 20s for planner…
2026-04-28T16:12:50  [DEBUG  ]  [T019/SC3/warehouse_loop] heartbeat — 10s remaining
2026-04-28T16:13:00  [INFO   ]  [T019/SC3/warehouse_loop] nav started — 4 goal(s), timeout=180s
2026-04-28T16:13:00  [INFO   ]  [T019/SC3/warehouse_loop] 0.0s/180s  waiting for pose…
2026-04-28T16:13:00  [DEBUG  ]  [T019/SC3/warehouse_loop] initial_dist set from first pose: 18.14m  pos=(-6.14,-8.24)
2026-04-28T16:13:05  [INFO   ]  [T019/SC3/warehouse_loop] 5.1s/180s  pos=(-5.80,-8.25)  dist=17.80m  cmd=(0.26,-0.02)  mpc_ok=100%  solve=45.6ms
2026-04-28T16:13:10  [INFO   ]  [T019/SC3/warehouse_loop] 10.1s/180s  pos=(-5.33,-8.26)  dist=17.33m  cmd=(0.25,-0.01)  mpc_ok=100%  solve=30.2ms
2026-04-28T16:13:15  [INFO   ]  [T019/SC3/warehouse_loop] 15.1s/180s  pos=(-4.92,-8.26)  dist=16.92m  cmd=(0.15,0.01)  mpc_ok=100%  solve=33.7ms
2026-04-28T16:13:20  [INFO   ]  [T019/SC3/warehouse_loop] 20.1s/180s  pos=(-4.48,-8.25)  dist=16.48m  cmd=(0.31,0.01)  mpc_ok=100%  solve=24.6ms
2026-04-28T16:13:25  [INFO   ]  [T019/SC3/warehouse_loop] 25.1s/180s  pos=(-4.06,-8.24)  dist=16.06m  cmd=(0.20,-0.00)  mpc_ok=100%  solve=70.7ms
2026-04-28T16:13:30  [INFO   ]  [T019/SC3/warehouse_loop] 30.1s/180s  pos=(-4.13,-8.24)  dist=16.14m  cmd=(0.00,-0.00)  mpc_ok=100%  solve=45.4ms
2026-04-28T16:13:35  [INFO   ]  [T019/SC3/warehouse_loop] 35.1s/180s  pos=(-4.33,-8.22)  dist=16.33m  cmd=(-0.00,0.00)  mpc_ok=100%  solve=44.6ms
2026-04-28T16:13:40  [INFO   ]  [T019/SC3/warehouse_loop] 40.1s/180s  pos=(-4.40,-8.25)  dist=16.40m  cmd=(0.04,-0.23)  mpc_ok=100%  solve=55.6ms
2026-04-28T16:13:44  [WARNING]  [T019/SC3/warehouse_loop] early termination — insufficient progress over 30s (Δ=0.020 < 0.02)
2026-04-28T16:13:44  [INFO   ]  [T019/SC3/warehouse_loop] nav done — goals 0/4 (0%)  elapsed=44s  failure=early_term: insufficient progress over 30s (Δ=0.020 < 0.02)
2026-04-28T16:13:44  [DEBUG  ]  RosbagRecorder stopped  pid=123130
2026-04-28T16:13:44  [INFO   ]    → sc=warehouse_loop  goals=0%  score=0.330  weighted=0.0825  running=0.1958  dist=17.98  obs=1.000  scans=411
2026-04-28T16:13:44  [INFO   ]  ── Scenario 4/6: warehouse_cross_aisle  (3 goals)  weight=0.20 ──
2026-04-28T16:13:44  [INFO   ]  [T019/SC4/warehouse_cross_aisle] starting
2026-04-28T16:13:44  [INFO   ]    [sim] reusing Gazebo for world=warehouse.world  — resetting robot pose
2026-04-28T16:13:45  [DEBUG  ]    [sim] reset strategy 'gz service /world/warehouse/set_pose' returned 255 — trying next
2026-04-28T16:13:45  [INFO   ]    [sim] robot reset via 'ign service /world/warehouse/set_pose'  pos=(-4.00, 8.00)  heading=-1.571
2026-04-28T16:13:48  [DEBUG  ]    [sim] nav-reset 'redirect goal' ok
2026-04-28T16:13:48  [DEBUG  ]    [sim] nav-reset 'clear /a_star/path' ok
2026-04-28T16:13:48  [DEBUG  ]    [sim] nav-reset 'clear /mpc/predicted_path' ok
2026-04-28T16:13:48  [DEBUG  ]    [sim] nav-reset 'clear global costmap' returned 1
2026-04-28T16:13:48  [DEBUG  ]    [sim] nav-reset 'clear local costmap' returned 1
2026-04-28T16:13:48  [INFO   ]    [sim] nav state flushed — planner redirected to (-4.00, 2.00)
2026-04-28T16:13:48  [DEBUG  ]  RosbagRecorder started  pid=123916  dir=/media/lorenzo/writable/Go2_navigation/tuning_results/trial_019/scenario_warehouse_cross_aisle/rosbag
2026-04-28T16:13:48  [INFO   ]  [T019/SC4/warehouse_cross_aisle] waiting 10s for Gazebo bridge…
2026-04-28T16:13:58  [INFO   ]  [T019/SC4/warehouse_cross_aisle] spawning obstacles…
2026-04-28T16:14:22  [INFO   ]  [T019/SC4/warehouse_cross_aisle] waiting 20s for planner…
2026-04-28T16:14:32  [DEBUG  ]  [T019/SC4/warehouse_cross_aisle] heartbeat — 10s remaining
2026-04-28T16:14:42  [INFO   ]  [T019/SC4/warehouse_cross_aisle] nav started — 3 goal(s), timeout=150s
2026-04-28T16:14:42  [INFO   ]  [T019/SC4/warehouse_cross_aisle] 0.0s/150s  waiting for pose…
2026-04-28T16:14:42  [DEBUG  ]  [T019/SC4/warehouse_cross_aisle] initial_dist set from first pose: 4.69m  pos=(-4.55,-2.66)
2026-04-28T16:14:47  [INFO   ]  [T019/SC4/warehouse_cross_aisle] 5.0s/150s  pos=(-4.16,-3.56)  dist=5.56m  cmd=(0.80,0.15)  mpc_ok=100%  solve=119.1ms
2026-04-28T16:14:52  [INFO   ]  [T019/SC4/warehouse_cross_aisle] 10.0s/150s  pos=(-4.01,-4.53)  dist=6.53m  cmd=(0.50,-0.04)  mpc_ok=100%  solve=53.7ms
2026-04-28T16:14:57  [INFO   ]  [T019/SC4/warehouse_cross_aisle] 15.0s/150s  pos=(-4.00,-5.13)  dist=7.13m  cmd=(0.25,0.05)  mpc_ok=100%  solve=51.8ms
2026-04-28T16:15:02  [INFO   ]  [T019/SC4/warehouse_cross_aisle] 20.0s/150s  pos=(-4.02,-5.55)  dist=7.55m  cmd=(0.34,-0.01)  mpc_ok=100%  solve=41.2ms
2026-04-28T16:15:07  [INFO   ]  [T019/SC4/warehouse_cross_aisle] 25.0s/150s  pos=(-4.03,-6.05)  dist=8.05m  cmd=(0.22,0.03)  mpc_ok=100%  solve=36.9ms
2026-04-28T16:15:12  [INFO   ]  [T019/SC4/warehouse_cross_aisle] 30.1s/150s  pos=(-4.00,-6.49)  dist=8.49m  cmd=(0.29,0.00)  mpc_ok=100%  solve=91.8ms
2026-04-28T16:15:17  [INFO   ]  [T019/SC4/warehouse_cross_aisle] 35.1s/150s  pos=(-4.00,-6.92)  dist=8.92m  cmd=(0.17,0.03)  mpc_ok=100%  solve=44.9ms
2026-04-28T16:15:22  [INFO   ]  [T019/SC4/warehouse_cross_aisle] 40.1s/150s  pos=(-4.00,-7.34)  dist=9.34m  cmd=(0.26,0.00)  mpc_ok=100%  solve=45.8ms
2026-04-28T16:15:27  [INFO   ]  [T019/SC4/warehouse_cross_aisle] 45.1s/150s  pos=(-4.01,-7.70)  dist=9.70m  cmd=(0.16,0.01)  mpc_ok=100%  solve=44.8ms
2026-04-28T16:15:32  [INFO   ]  [T019/SC4/warehouse_cross_aisle] 50.1s/150s  pos=(-4.03,-7.96)  dist=9.96m  cmd=(0.18,0.00)  mpc_ok=100%  solve=96.6ms
2026-04-28T16:15:37  [INFO   ]  [T019/SC4/warehouse_cross_aisle] 55.1s/150s  pos=(-4.14,-8.15)  dist=10.15m  cmd=(0.00,-0.00)  mpc_ok=95%  solve=61.2ms
2026-04-28T16:15:42  [INFO   ]  [T019/SC4/warehouse_cross_aisle] 60.1s/150s  pos=(-4.00,-7.62)  dist=9.62m  cmd=(0.16,-0.30)  mpc_ok=100%  solve=57.2ms
2026-04-28T16:15:47  [INFO   ]  [T019/SC4/warehouse_cross_aisle] 65.1s/150s  pos=(-4.14,-6.98)  dist=8.98m  cmd=(0.14,0.01)  mpc_ok=100%  solve=83.1ms
2026-04-28T16:15:48  [WARNING]  [T019/SC4/warehouse_cross_aisle] early termination — insufficient progress over 30s (Δ=0.000 < 0.02)
2026-04-28T16:15:48  [INFO   ]  [T019/SC4/warehouse_cross_aisle] nav done — goals 0/3 (0%)  elapsed=66s  failure=early_term: insufficient progress over 30s (Δ=0.000 < 0.02)
2026-04-28T16:15:49  [DEBUG  ]  RosbagRecorder stopped  pid=123916
2026-04-28T16:15:49  [INFO   ]    → sc=warehouse_cross_aisle  goals=0%  score=0.355  weighted=0.0711  running=0.2669  dist=8.21  obs=1.000  scans=605
2026-04-28T16:15:49  [INFO   ]  ── Scenario 5/6: office_traverse  (3 goals)  weight=0.20 ──
2026-04-28T16:15:49  [INFO   ]  [T019/SC5/office_traverse] starting
2026-04-28T16:15:49  [DEBUG  ]  Sending SIGTERM to sim_launch  pgid=122653
2026-04-28T16:15:49  [DEBUG  ]  sim_launch exited cleanly
2026-04-28T16:15:57  [DEBUG  ]    [sim] killed
2026-04-28T16:16:07  [INFO   ]    [sim] launched  pid=124207  world=indoor_office.world
2026-04-28T16:16:07  [DEBUG  ]  RosbagRecorder started  pid=124684  dir=/media/lorenzo/writable/Go2_navigation/tuning_results/trial_019/scenario_office_traverse/rosbag
2026-04-28T16:16:07  [INFO   ]  [T019/SC5/office_traverse] waiting 10s for Gazebo bridge…
2026-04-28T16:16:17  [INFO   ]  [T019/SC5/office_traverse] spawning obstacles…
2026-04-28T16:16:41  [INFO   ]  [T019/SC5/office_traverse] waiting 20s for planner…
2026-04-28T16:16:51  [DEBUG  ]  [T019/SC5/office_traverse] heartbeat — 10s remaining
2026-04-28T16:17:01  [INFO   ]  [T019/SC5/office_traverse] nav started — 3 goal(s), timeout=150s
2026-04-28T16:17:01  [INFO   ]  [T019/SC5/office_traverse] 0.0s/150s  waiting for pose…
2026-04-28T16:17:01  [DEBUG  ]  [T019/SC5/office_traverse] initial_dist set from first pose: 5.08m  pos=(3.55,-5.06)
2026-04-28T16:17:06  [INFO   ]  [T019/SC5/office_traverse] 5.0s/150s  pos=(4.82,-4.74)  dist=4.81m  cmd=(-0.00,-0.02)  mpc_ok=100%  solve=28.2ms
2026-04-28T16:17:11  [INFO   ]  [T019/SC5/office_traverse] 10.0s/150s  pos=(3.70,-4.70)  dist=4.71m  cmd=(0.39,-0.30)  mpc_ok=100%  solve=39.7ms
2026-04-28T16:17:16  [INFO   ]  [T019/SC5/office_traverse] 15.0s/150s  pos=(3.66,-3.21)  dist=3.22m  cmd=(0.63,-0.30)  mpc_ok=100%  solve=75.5ms
2026-04-28T16:17:21  [INFO   ]  [T019/SC5/office_traverse] 20.0s/150s  pos=(4.16,-1.63)  dist=1.64m  cmd=(0.43,-0.24)  mpc_ok=100%  solve=39.5ms
2026-04-28T16:17:26  [INFO   ]  [T019/SC5/office_traverse] 25.1s/150s  pos=(3.80,-0.90)  dist=0.92m  cmd=(0.28,-0.28)  mpc_ok=100%  solve=56.8ms
2026-04-28T16:17:28  [INFO   ]  [T019/SC5/office_traverse] goal 1/3 reached  pos=(3.83,-0.46)  elapsed=27s
2026-04-28T16:17:31  [INFO   ]  [T019/SC5/office_traverse] 3.2s/150s  pos=(3.94,0.06)  dist=4.24m  cmd=(0.75,-0.27)  mpc_ok=100%  solve=109.5ms
2026-04-28T16:17:36  [INFO   ]  [T019/SC5/office_traverse] 8.2s/150s  pos=(4.04,1.37)  dist=3.38m  cmd=(0.80,-0.06)  mpc_ok=100%  solve=44.1ms
2026-04-28T16:17:41  [INFO   ]  [T019/SC5/office_traverse] 13.2s/150s  pos=(3.41,1.98)  dist=3.73m  cmd=(0.80,0.14)  mpc_ok=100%  solve=50.4ms
2026-04-28T16:17:46  [INFO   ]  [T019/SC5/office_traverse] 18.2s/150s  pos=(2.29,2.10)  dist=4.79m  cmd=(0.80,0.07)  mpc_ok=100%  solve=39.4ms
2026-04-28T16:17:51  [INFO   ]  [T019/SC5/office_traverse] 23.2s/150s  pos=(2.01,2.97)  dist=4.99m  cmd=(0.80,0.03)  mpc_ok=100%  solve=45.4ms
2026-04-28T16:17:56  [INFO   ]  [T019/SC5/office_traverse] 28.2s/150s  pos=(2.10,3.84)  dist=4.97m  cmd=(0.51,-0.30)  mpc_ok=100%  solve=123.9ms
2026-04-28T16:18:00  [WARNING]  [T019/SC5/office_traverse] early termination — insufficient progress over 30s (Δ=0.020 < 0.02)
2026-04-28T16:18:00  [INFO   ]  [T019/SC5/office_traverse] nav done — goals 1/3 (33%)  elapsed=32s  failure=early_term: insufficient progress over 30s (Δ=0.020 < 0.02)
2026-04-28T16:18:01  [DEBUG  ]  RosbagRecorder stopped  pid=124684
2026-04-28T16:18:01  [INFO   ]    → sc=office_traverse  goals=33%  score=0.440  weighted=0.0879  running=0.3549  dist=6.60  obs=0.996  scans=536
2026-04-28T16:18:01  [INFO   ]  ── Scenario 6/6: office_corridor  (3 goals)  weight=0.15 ──
2026-04-28T16:18:01  [INFO   ]  [T019/SC6/office_corridor] starting
2026-04-28T16:18:01  [INFO   ]    [sim] reusing Gazebo for world=indoor_office.world  — resetting robot pose
2026-04-28T16:18:01  [DEBUG  ]    [sim] reset strategy 'gz service /world/indoor_office/set_pose' returned 255 — trying next
2026-04-28T16:18:01  [INFO   ]    [sim] robot reset via 'ign service /world/indoor_office/set_pose'  pos=(-4.00, -6.00)  heading=1.571
2026-04-28T16:18:05  [DEBUG  ]    [sim] nav-reset 'redirect goal' ok
2026-04-28T16:18:05  [DEBUG  ]    [sim] nav-reset 'clear /a_star/path' ok
2026-04-28T16:18:05  [DEBUG  ]    [sim] nav-reset 'clear /mpc/predicted_path' ok
2026-04-28T16:18:05  [DEBUG  ]    [sim] nav-reset 'clear global costmap' returned 1
2026-04-28T16:18:05  [DEBUG  ]    [sim] nav-reset 'clear local costmap' returned 1
2026-04-28T16:18:05  [INFO   ]    [sim] nav state flushed — planner redirected to (-4.00, 0.00)
2026-04-28T16:18:05  [DEBUG  ]  RosbagRecorder started  pid=125424  dir=/media/lorenzo/writable/Go2_navigation/tuning_results/trial_019/scenario_office_corridor/rosbag
2026-04-28T16:18:05  [INFO   ]  [T019/SC6/office_corridor] waiting 10s for Gazebo bridge…
2026-04-28T16:18:15  [INFO   ]  [T019/SC6/office_corridor] spawning obstacles…
2026-04-28T16:18:39  [INFO   ]  [T019/SC6/office_corridor] waiting 20s for planner…
2026-04-28T16:18:49  [DEBUG  ]  [T019/SC6/office_corridor] heartbeat — 10s remaining
2026-04-28T16:18:59  [INFO   ]  [T019/SC6/office_corridor] nav started — 3 goal(s), timeout=150s
2026-04-28T16:18:59  [INFO   ]  [T019/SC6/office_corridor] 0.0s/150s  waiting for pose…
2026-04-28T16:18:59  [DEBUG  ]  [T019/SC6/office_corridor] initial_dist set from first pose: 2.89m  pos=(-6.89,0.01)
2026-04-28T16:19:04  [INFO   ]  [T019/SC6/office_corridor] 5.1s/150s  pos=(-7.64,-0.12)  dist=3.64m  cmd=(0.80,-0.30)  mpc_ok=100%  solve=43.1ms
2026-04-28T16:19:09  [INFO   ]  [T019/SC6/office_corridor] 10.1s/150s  pos=(-6.98,1.22)  dist=3.22m  cmd=(0.39,-0.30)  mpc_ok=100%  solve=65.4ms
2026-04-28T16:19:14  [INFO   ]  [T019/SC6/office_corridor] 15.1s/150s  pos=(-5.75,1.05)  dist=2.04m  cmd=(0.01,-0.30)  mpc_ok=100%  solve=129.8ms
2026-04-28T16:19:19  [INFO   ]  [T019/SC6/office_corridor] 20.1s/150s  pos=(-5.45,-0.43)  dist=1.51m  cmd=(0.02,0.30)  mpc_ok=100%  solve=42.8ms
2026-04-28T16:19:24  [INFO   ]  [T019/SC6/office_corridor] 25.1s/150s  pos=(-5.97,-0.71)  dist=2.10m  cmd=(0.57,-0.30)  mpc_ok=100%  solve=85.6ms
2026-04-28T16:19:29  [INFO   ]  [T019/SC6/office_corridor] 30.1s/150s  pos=(-5.79,0.90)  dist=2.00m  cmd=(0.16,-0.30)  mpc_ok=100%  solve=174.2ms
2026-04-28T16:19:34  [INFO   ]  [T019/SC6/office_corridor] 35.1s/150s  pos=(-4.48,0.73)  dist=0.87m  cmd=(-0.80,-0.30)  mpc_ok=95%  solve=255.4ms
2026-04-28T16:19:39  [INFO   ]  [T019/SC6/office_corridor] 40.1s/150s  pos=(-5.58,0.05)  dist=1.58m  cmd=(-0.80,-0.30)  mpc_ok=100%  solve=52.7ms
2026-04-28T16:19:43  [WARNING]  [T019/SC6/office_corridor] early termination — insufficient progress over 30s (Δ=0.017 < 0.02)
2026-04-28T16:19:43  [INFO   ]  [T019/SC6/office_corridor] nav done — goals 0/3 (0%)  elapsed=44s  failure=early_term: insufficient progress over 30s (Δ=0.017 < 0.02)
2026-04-28T16:19:44  [DEBUG  ]  RosbagRecorder stopped  pid=125424
2026-04-28T16:19:44  [INFO   ]    → sc=office_corridor  goals=0%  score=0.328  weighted=0.0493  running=0.4041  dist=7.83  obs=0.972  scans=396
2026-04-28T16:19:44  [DEBUG  ]  Sending SIGTERM to sim_launch  pgid=124207
2026-04-28T16:19:44  [DEBUG  ]  sim_launch exited cleanly
2026-04-28T16:19:52  [DEBUG  ]    [sim] killed
2026-04-28T16:19:52  [INFO   ]  [GP] fitting on 19 observations…
2026-04-28T16:19:52  [INFO   ]  [GP] active  noise=0.9993  gp_mean=0.3427±0.0364  top5=mpc_Q_x=0.669  mpc_Q_y=0.219  grid_std=0.035  mpc_Q_yaw=0.033  mpc_Q_terminal=0.024
2026-04-28T16:19:52  [DEBUG  ]  [GP] model checkpoint saved  /media/lorenzo/writable/Go2_navigation/tuning_results/trial_019/gp_data/gp_model.joblib
2026-04-28T16:19:52  [DEBUG  ]  [GP] checkpoint written  /media/lorenzo/writable/Go2_navigation/tuning_results/trial_019/gp_data
2026-04-28T16:19:52  [INFO   ]  *** NEW BEST  score=0.4041 (+0.0211)  trial=019 ***
2026-04-28T16:19:53  [DEBUG  ]  [plot] gp_marginals saved  /media/lorenzo/writable/Go2_navigation/tuning_results/gp_marginals.png
2026-04-28T16:19:53  [DEBUG  ]  [plot] gp_fitted_vs_actual saved  /media/lorenzo/writable/Go2_navigation/tuning_results/gp_fitted_vs_actual.png
2026-04-28T16:19:53  [DEBUG  ]  [disk] removed bag  /media/lorenzo/writable/Go2_navigation/tuning_results/trial_014/scenario_open_zigzag/rosbag
2026-04-28T16:19:53  [DEBUG  ]  [disk] removed bag  /media/lorenzo/writable/Go2_navigation/tuning_results/trial_014/scenario_office_corridor/rosbag
2026-04-28T16:19:53  [DEBUG  ]  [disk] removed bag  /media/lorenzo/writable/Go2_navigation/tuning_results/trial_014/scenario_warehouse_loop/rosbag
2026-04-28T16:19:53  [DEBUG  ]  [disk] removed bag  /media/lorenzo/writable/Go2_navigation/tuning_results/trial_014/scenario_office_traverse/rosbag
2026-04-28T16:19:53  [DEBUG  ]  [disk] removed bag  /media/lorenzo/writable/Go2_navigation/tuning_results/trial_014/scenario_warehouse_cross_aisle/rosbag
2026-04-28T16:19:53  [DEBUG  ]  [disk] removed bag  /media/lorenzo/writable/Go2_navigation/tuning_results/trial_014/scenario_open_square/rosbag
2026-04-28T16:19:53  [INFO   ]  [trial 019/50]  aggregate=0.4041  best=0.4041(t019)  elapsed=12.3min  GP=active(n=19)
2026-04-28T16:19:53  [INFO   ]  ============================================================
2026-04-28T16:19:53  [INFO   ]  Trial 020/50  [TPE-GUIDED]  2026-04-28T16:19:53  ETA ~244min
2026-04-28T16:19:53  [INFO   ]  Params: {'grid_std': '0.192', 'mpc_Q_terminal': '246.459', 'mpc_Q_x': '147.591', 'mpc_Q_y': '324.097', 'mpc_Q_yaw': '10.978', 'mpc_W_obs_sigmoid': '149.106'}
2026-04-28T16:19:53  [INFO   ]  ============================================================
2026-04-28T16:19:53  [INFO   ]  ── Scenario 1/6: open_square  (3 goals)  weight=0.10 ──
2026-04-28T16:19:53  [INFO   ]  [T020/SC1/open_square] starting
2026-04-28T16:20:04  [INFO   ]    [sim] launched  pid=125735  world=default.sdf
2026-04-28T16:20:04  [DEBUG  ]  RosbagRecorder started  pid=126213  dir=/media/lorenzo/writable/Go2_navigation/tuning_results/trial_020/scenario_open_square/rosbag
2026-04-28T16:20:04  [INFO   ]  [T020/SC1/open_square] waiting 10s for Gazebo bridge…
2026-04-28T16:20:14  [INFO   ]  [T020/SC1/open_square] spawning obstacles…
2026-04-28T16:20:38  [INFO   ]  [T020/SC1/open_square] waiting 20s for planner…
2026-04-28T16:20:48  [DEBUG  ]  [T020/SC1/open_square] heartbeat — 10s remaining
2026-04-28T16:20:58  [INFO   ]  [T020/SC1/open_square] nav started — 3 goal(s), timeout=300s
2026-04-28T16:20:58  [INFO   ]  [T020/SC1/open_square] 0.0s/300s  waiting for pose…
2026-04-28T16:20:58  [DEBUG  ]  [T020/SC1/open_square] initial_dist set from first pose: 1.98m  pos=(5.84,-1.61)
2026-04-28T16:21:03  [INFO   ]  [T020/SC1/open_square] 5.0s/300s  pos=(6.51,-1.05)  dist=1.16m  cmd=(0.34,-0.06)  mpc_ok=100%  solve=49.7ms
2026-04-28T16:21:07  [INFO   ]  [T020/SC1/open_square] goal 1/3 reached  pos=(6.69,-0.39)  elapsed=9s
2026-04-28T16:21:08  [INFO   ]  [T020/SC1/open_square] 1.3s/300s  pos=(6.69,-0.38)  dist=6.39m  cmd=(0.07,0.01)  mpc_ok=100%  solve=42.8ms
2026-04-28T16:21:13  [INFO   ]  [T020/SC1/open_square] 6.3s/300s  pos=(6.69,-0.38)  dist=6.39m  cmd=(0.07,0.00)  mpc_ok=100%  solve=45.1ms
2026-04-28T16:21:18  [INFO   ]  [T020/SC1/open_square] 11.4s/300s  pos=(6.69,-0.37)  dist=6.38m  cmd=(0.05,-0.01)  mpc_ok=100%  solve=42.6ms
2026-04-28T16:21:23  [INFO   ]  [T020/SC1/open_square] 16.4s/300s  pos=(6.69,-0.37)  dist=6.38m  cmd=(0.05,-0.01)  mpc_ok=100%  solve=46.1ms
2026-04-28T16:21:28  [INFO   ]  [T020/SC1/open_square] 21.4s/300s  pos=(6.70,-0.37)  dist=6.37m  cmd=(0.00,0.00)  mpc_ok=100%  solve=47.8ms
2026-04-28T16:21:33  [INFO   ]  [T020/SC1/open_square] 26.4s/300s  pos=(6.69,-0.37)  dist=6.38m  cmd=(0.02,0.00)  mpc_ok=100%  solve=41.3ms
2026-04-28T16:21:37  [WARNING]  [T020/SC1/open_square] early termination — insufficient progress over 30s (Δ=0.004 < 0.02)
2026-04-28T16:21:37  [INFO   ]  [T020/SC1/open_square] nav done — goals 1/3 (33%)  elapsed=30s  failure=early_term: insufficient progress over 30s (Δ=0.004 < 0.02)
2026-04-28T16:21:38  [DEBUG  ]  RosbagRecorder stopped  pid=126213
2026-04-28T16:21:38  [INFO   ]    → sc=open_square  goals=33%  score=0.396  weighted=0.0396  running=0.0396  dist=9.95  obs=1.000  scans=18
2026-04-28T16:21:38  [INFO   ]  ── Scenario 2/6: open_zigzag  (3 goals)  weight=0.10 ──
2026-04-28T16:21:38  [INFO   ]  [T020/SC2/open_zigzag] starting
2026-04-28T16:21:38  [INFO   ]    [sim] reusing Gazebo for world=default.sdf  — resetting robot pose
2026-04-28T16:21:38  [DEBUG  ]    [sim] reset strategy 'gz service /world/default/set_pose' returned 255 — trying next
2026-04-28T16:21:38  [INFO   ]    [sim] robot reset via 'ign service /world/default/set_pose'  pos=(0.00, 0.00)  heading=0.000
2026-04-28T16:21:42  [DEBUG  ]    [sim] nav-reset 'redirect goal' ok
2026-04-28T16:21:42  [DEBUG  ]    [sim] nav-reset 'clear /a_star/path' ok
2026-04-28T16:21:42  [DEBUG  ]    [sim] nav-reset 'clear /mpc/predicted_path' ok
2026-04-28T16:21:42  [DEBUG  ]    [sim] nav-reset 'clear global costmap' returned 1
2026-04-28T16:21:42  [DEBUG  ]    [sim] nav-reset 'clear local costmap' returned 1
2026-04-28T16:21:42  [INFO   ]    [sim] nav state flushed — planner redirected to (-6.00, 3.00)
2026-04-28T16:21:42  [DEBUG  ]  RosbagRecorder started  pid=126953  dir=/media/lorenzo/writable/Go2_navigation/tuning_results/trial_020/scenario_open_zigzag/rosbag
2026-04-28T16:21:42  [INFO   ]  [T020/SC2/open_zigzag] waiting 10s for Gazebo bridge…
2026-04-28T16:21:52  [INFO   ]  [T020/SC2/open_zigzag] spawning obstacles…
2026-04-28T16:22:16  [INFO   ]  [T020/SC2/open_zigzag] waiting 20s for planner…
2026-04-28T16:22:26  [DEBUG  ]  [T020/SC2/open_zigzag] heartbeat — 10s remaining
2026-04-28T16:22:36  [INFO   ]  [T020/SC2/open_zigzag] nav started — 3 goal(s), timeout=300s
2026-04-28T16:22:36  [DEBUG  ]  [T020/SC2/open_zigzag] initial_dist set from first pose: 0.17m  pos=(-6.12,2.88)
2026-04-28T16:22:36  [INFO   ]  [T020/SC2/open_zigzag] goal 1/3 reached  pos=(-6.12,2.88)  elapsed=0s
2026-04-28T16:22:36  [INFO   ]  [T020/SC2/open_zigzag] 0.0s/300s  pos=(-6.12,2.88)  dist=0.17m  cmd=(0.00,0.00)  mpc_ok=nan%  solve=nanms
2026-04-28T16:22:41  [INFO   ]  [T020/SC2/open_zigzag] 5.0s/300s  pos=(-6.13,2.89)  dist=12.52m  cmd=(0.02,0.00)  mpc_ok=100%  solve=39.9ms
2026-04-28T16:22:46  [INFO   ]  [T020/SC2/open_zigzag] 10.0s/300s  pos=(-6.13,2.88)  dist=12.53m  cmd=(0.04,-0.00)  mpc_ok=100%  solve=40.1ms
2026-04-28T16:22:51  [INFO   ]  [T020/SC2/open_zigzag] 15.0s/300s  pos=(-6.13,2.88)  dist=12.53m  cmd=(0.11,0.00)  mpc_ok=100%  solve=42.9ms
2026-04-28T16:22:56  [INFO   ]  [T020/SC2/open_zigzag] 20.0s/300s  pos=(-6.13,2.88)  dist=12.52m  cmd=(0.13,0.00)  mpc_ok=100%  solve=38.2ms
2026-04-28T16:23:01  [INFO   ]  [T020/SC2/open_zigzag] 25.0s/300s  pos=(-6.11,2.88)  dist=12.50m  cmd=(0.20,0.00)  mpc_ok=100%  solve=41.1ms
2026-04-28T16:23:06  [WARNING]  [T020/SC2/open_zigzag] early termination — insufficient progress over 30s (Δ=0.002 < 0.02)
2026-04-28T16:23:06  [INFO   ]  [T020/SC2/open_zigzag] nav done — goals 1/3 (33%)  elapsed=30s  failure=early_term: insufficient progress over 30s (Δ=0.002 < 0.02)
2026-04-28T16:23:07  [DEBUG  ]  RosbagRecorder stopped  pid=126953
2026-04-28T16:23:07  [INFO   ]    → sc=open_zigzag  goals=33%  score=0.270  weighted=0.0270  running=0.0666  dist=6.14  obs=0.000  scans=0
2026-04-28T16:23:07  [INFO   ]  ── Scenario 3/6: warehouse_loop  (4 goals)  weight=0.25 ──
2026-04-28T16:23:07  [INFO   ]  [T020/SC3/warehouse_loop] starting
2026-04-28T16:23:07  [DEBUG  ]  Sending SIGTERM to sim_launch  pgid=125735
2026-04-28T16:23:07  [DEBUG  ]  sim_launch exited cleanly
2026-04-28T16:23:15  [DEBUG  ]    [sim] killed
2026-04-28T16:23:26  [INFO   ]    [sim] launched  pid=127246  world=warehouse.world
2026-04-28T16:23:26  [DEBUG  ]  RosbagRecorder started  pid=127723  dir=/media/lorenzo/writable/Go2_navigation/tuning_results/trial_020/scenario_warehouse_loop/rosbag
2026-04-28T16:23:26  [INFO   ]  [T020/SC3/warehouse_loop] waiting 10s for Gazebo bridge…
2026-04-28T16:23:36  [INFO   ]  [T020/SC3/warehouse_loop] spawning obstacles…
2026-04-28T16:24:06  [INFO   ]  [T020/SC3/warehouse_loop] waiting 20s for planner…
2026-04-28T16:24:16  [DEBUG  ]  [T020/SC3/warehouse_loop] heartbeat — 10s remaining
2026-04-28T16:24:26  [INFO   ]  [T020/SC3/warehouse_loop] nav started — 4 goal(s), timeout=180s
2026-04-28T16:24:26  [INFO   ]  [T020/SC3/warehouse_loop] 0.0s/180s  waiting for pose…
2026-04-28T16:24:26  [DEBUG  ]  [T020/SC3/warehouse_loop] initial_dist set from first pose: 17.95m  pos=(-5.95,-8.20)
2026-04-28T16:24:31  [INFO   ]  [T020/SC3/warehouse_loop] 5.0s/180s  pos=(-5.47,-8.20)  dist=17.48m  cmd=(0.09,-0.00)  mpc_ok=100%  solve=23.4ms
2026-04-28T16:24:36  [INFO   ]  [T020/SC3/warehouse_loop] 10.0s/180s  pos=(-5.07,-8.20)  dist=17.07m  cmd=(0.23,-0.01)  mpc_ok=100%  solve=20.3ms
2026-04-28T16:24:41  [INFO   ]  [T020/SC3/warehouse_loop] 15.1s/180s  pos=(-4.63,-8.23)  dist=16.63m  cmd=(0.24,-0.01)  mpc_ok=100%  solve=51.2ms
2026-04-28T16:24:46  [INFO   ]  [T020/SC3/warehouse_loop] 20.1s/180s  pos=(-4.13,-8.23)  dist=16.14m  cmd=(0.20,0.01)  mpc_ok=100%  solve=31.3ms
2026-04-28T16:24:51  [INFO   ]  [T020/SC3/warehouse_loop] 25.1s/180s  pos=(-3.81,-8.22)  dist=15.81m  cmd=(0.00,0.00)  mpc_ok=100%  solve=43.3ms
2026-04-28T16:24:56  [INFO   ]  [T020/SC3/warehouse_loop] 30.1s/180s  pos=(-3.85,-8.23)  dist=15.86m  cmd=(0.00,0.00)  mpc_ok=100%  solve=41.1ms
2026-04-28T16:25:01  [INFO   ]  [T020/SC3/warehouse_loop] 35.1s/180s  pos=(-4.05,-8.24)  dist=16.06m  cmd=(-0.00,-0.00)  mpc_ok=100%  solve=46.7ms
2026-04-28T16:25:06  [INFO   ]  [T020/SC3/warehouse_loop] 40.1s/180s  pos=(-4.05,-8.24)  dist=16.06m  cmd=(-0.00,-0.00)  mpc_ok=100%  solve=168.3ms
2026-04-28T16:25:11  [INFO   ]  [T020/SC3/warehouse_loop] 45.1s/180s  pos=(-4.05,-8.24)  dist=16.06m  cmd=(-0.00,-0.00)  mpc_ok=100%  solve=48.7ms
2026-04-28T16:25:12  [WARNING]  [T020/SC3/warehouse_loop] early termination — insufficient progress over 30s (Δ=0.020 < 0.02)
2026-04-28T16:25:12  [INFO   ]  [T020/SC3/warehouse_loop] nav done — goals 0/4 (0%)  elapsed=46s  failure=early_term: insufficient progress over 30s (Δ=0.020 < 0.02)
2026-04-28T16:25:13  [DEBUG  ]  RosbagRecorder stopped  pid=127723
2026-04-28T16:25:13  [INFO   ]    → sc=warehouse_loop  goals=0%  score=0.330  weighted=0.0825  running=0.1491  dist=18.08  obs=1.000  scans=439
2026-04-28T16:25:13  [INFO   ]  ── Scenario 4/6: warehouse_cross_aisle  (3 goals)  weight=0.20 ──
2026-04-28T16:25:13  [INFO   ]  [T020/SC4/warehouse_cross_aisle] starting
2026-04-28T16:25:13  [INFO   ]    [sim] reusing Gazebo for world=warehouse.world  — resetting robot pose
2026-04-28T16:25:13  [DEBUG  ]    [sim] reset strategy 'gz service /world/warehouse/set_pose' returned 255 — trying next
2026-04-28T16:25:13  [INFO   ]    [sim] robot reset via 'ign service /world/warehouse/set_pose'  pos=(-4.00, 8.00)  heading=-1.571
2026-04-28T16:25:17  [DEBUG  ]    [sim] nav-reset 'redirect goal' ok
2026-04-28T16:25:17  [DEBUG  ]    [sim] nav-reset 'clear /a_star/path' ok
2026-04-28T16:25:17  [DEBUG  ]    [sim] nav-reset 'clear /mpc/predicted_path' ok
2026-04-28T16:25:17  [DEBUG  ]    [sim] nav-reset 'clear global costmap' returned 1
2026-04-28T16:25:17  [DEBUG  ]    [sim] nav-reset 'clear local costmap' returned 1
2026-04-28T16:25:17  [INFO   ]    [sim] nav state flushed — planner redirected to (-4.00, 2.00)
2026-04-28T16:25:17  [DEBUG  ]  RosbagRecorder started  pid=128509  dir=/media/lorenzo/writable/Go2_navigation/tuning_results/trial_020/scenario_warehouse_cross_aisle/rosbag
2026-04-28T16:25:17  [INFO   ]  [T020/SC4/warehouse_cross_aisle] waiting 10s for Gazebo bridge…
2026-04-28T16:25:27  [INFO   ]  [T020/SC4/warehouse_cross_aisle] spawning obstacles…
2026-04-28T16:25:51  [INFO   ]  [T020/SC4/warehouse_cross_aisle] waiting 20s for planner…
2026-04-28T16:26:01  [DEBUG  ]  [T020/SC4/warehouse_cross_aisle] heartbeat — 10s remaining
2026-04-28T16:26:11  [INFO   ]  [T020/SC4/warehouse_cross_aisle] nav started — 3 goal(s), timeout=150s
2026-04-28T16:26:11  [INFO   ]  [T020/SC4/warehouse_cross_aisle] 0.0s/150s  waiting for pose…
2026-04-28T16:26:11  [DEBUG  ]  [T020/SC4/warehouse_cross_aisle] initial_dist set from first pose: 4.93m  pos=(-4.29,-2.92)
2026-04-28T16:26:16  [INFO   ]  [T020/SC4/warehouse_cross_aisle] 5.0s/150s  pos=(-4.08,-3.87)  dist=5.87m  cmd=(0.80,-0.11)  mpc_ok=100%  solve=53.9ms
2026-04-28T16:26:21  [INFO   ]  [T020/SC4/warehouse_cross_aisle] 10.0s/150s  pos=(-3.92,-4.83)  dist=6.83m  cmd=(0.59,-0.07)  mpc_ok=100%  solve=37.2ms
2026-04-28T16:26:26  [INFO   ]  [T020/SC4/warehouse_cross_aisle] 15.1s/150s  pos=(-4.04,-5.53)  dist=7.53m  cmd=(0.24,0.00)  mpc_ok=100%  solve=48.8ms
2026-04-28T16:26:31  [INFO   ]  [T020/SC4/warehouse_cross_aisle] 20.1s/150s  pos=(-4.01,-5.94)  dist=7.94m  cmd=(0.31,0.00)  mpc_ok=100%  solve=38.6ms
2026-04-28T16:26:36  [INFO   ]  [T020/SC4/warehouse_cross_aisle] 25.1s/150s  pos=(-4.00,-6.49)  dist=8.49m  cmd=(0.22,0.00)  mpc_ok=100%  solve=41.8ms
2026-04-28T16:26:41  [INFO   ]  [T020/SC4/warehouse_cross_aisle] 30.1s/150s  pos=(-4.00,-6.99)  dist=8.99m  cmd=(0.04,0.00)  mpc_ok=100%  solve=34.0ms
2026-04-28T16:26:46  [INFO   ]  [T020/SC4/warehouse_cross_aisle] 35.1s/150s  pos=(-3.99,-7.41)  dist=9.41m  cmd=(0.23,-0.00)  mpc_ok=100%  solve=38.6ms
2026-04-28T16:26:51  [INFO   ]  [T020/SC4/warehouse_cross_aisle] 40.1s/150s  pos=(-3.99,-7.84)  dist=9.84m  cmd=(0.02,0.00)  mpc_ok=100%  solve=40.5ms
2026-04-28T16:26:56  [INFO   ]  [T020/SC4/warehouse_cross_aisle] 45.1s/150s  pos=(-4.01,-8.07)  dist=10.07m  cmd=(0.01,-0.00)  mpc_ok=100%  solve=48.2ms
2026-04-28T16:27:01  [INFO   ]  [T020/SC4/warehouse_cross_aisle] 50.1s/150s  pos=(-4.01,-8.03)  dist=10.03m  cmd=(0.00,0.00)  mpc_ok=100%  solve=59.6ms
2026-04-28T16:27:06  [INFO   ]  [T020/SC4/warehouse_cross_aisle] 55.1s/150s  pos=(-3.99,-7.78)  dist=9.78m  cmd=(-0.17,0.02)  mpc_ok=100%  solve=49.0ms
2026-04-28T16:27:11  [INFO   ]  [T020/SC4/warehouse_cross_aisle] 60.1s/150s  pos=(-4.08,-7.03)  dist=9.03m  cmd=(0.20,0.29)  mpc_ok=100%  solve=144.8ms
2026-04-28T16:27:11  [WARNING]  [T020/SC4/warehouse_cross_aisle] early termination — insufficient progress over 30s (Δ=0.000 < 0.02)
2026-04-28T16:27:11  [INFO   ]  [T020/SC4/warehouse_cross_aisle] nav done — goals 0/3 (0%)  elapsed=60s  failure=early_term: insufficient progress over 30s (Δ=0.000 < 0.02)
2026-04-28T16:27:12  [DEBUG  ]  RosbagRecorder stopped  pid=128509
2026-04-28T16:27:12  [INFO   ]    → sc=warehouse_cross_aisle  goals=0%  score=0.353  weighted=0.0706  running=0.2196  dist=8.13  obs=1.000  scans=542
2026-04-28T16:27:12  [INFO   ]  ── Scenario 5/6: office_traverse  (3 goals)  weight=0.20 ──
2026-04-28T16:27:12  [INFO   ]  [T020/SC5/office_traverse] starting
2026-04-28T16:27:12  [DEBUG  ]  Sending SIGTERM to sim_launch  pgid=127246
2026-04-28T16:27:12  [DEBUG  ]  sim_launch exited cleanly
2026-04-28T16:27:20  [DEBUG  ]    [sim] killed
2026-04-28T16:27:30  [INFO   ]    [sim] launched  pid=128801  world=indoor_office.world
2026-04-28T16:27:30  [DEBUG  ]  RosbagRecorder started  pid=129278  dir=/media/lorenzo/writable/Go2_navigation/tuning_results/trial_020/scenario_office_traverse/rosbag
2026-04-28T16:27:30  [INFO   ]  [T020/SC5/office_traverse] waiting 10s for Gazebo bridge…
2026-04-28T16:27:40  [INFO   ]  [T020/SC5/office_traverse] spawning obstacles…
2026-04-28T16:28:05  [INFO   ]  [T020/SC5/office_traverse] waiting 20s for planner…
2026-04-28T16:28:15  [DEBUG  ]  [T020/SC5/office_traverse] heartbeat — 10s remaining
2026-04-28T16:28:25  [INFO   ]  [T020/SC5/office_traverse] nav started — 3 goal(s), timeout=150s
2026-04-28T16:28:25  [INFO   ]  [T020/SC5/office_traverse] 0.0s/150s  waiting for pose…
2026-04-28T16:28:25  [DEBUG  ]  [T020/SC5/office_traverse] initial_dist set from first pose: 5.08m  pos=(3.46,-5.05)
2026-04-28T16:28:30  [INFO   ]  [T020/SC5/office_traverse] 5.0s/150s  pos=(3.43,-4.52)  dist=4.56m  cmd=(0.31,-0.04)  mpc_ok=100%  solve=51.9ms
2026-04-28T16:28:35  [INFO   ]  [T020/SC5/office_traverse] 10.0s/150s  pos=(3.23,-3.13)  dist=3.23m  cmd=(0.30,-0.30)  mpc_ok=100%  solve=91.7ms
2026-04-28T16:28:40  [INFO   ]  [T020/SC5/office_traverse] 15.0s/150s  pos=(3.44,-1.93)  dist=2.01m  cmd=(0.04,-0.30)  mpc_ok=100%  solve=45.3ms
2026-04-28T16:28:45  [INFO   ]  [T020/SC5/office_traverse] 20.1s/150s  pos=(4.57,-2.36)  dist=2.42m  cmd=(0.11,0.30)  mpc_ok=100%  solve=33.7ms
2026-04-28T16:28:50  [INFO   ]  [T020/SC5/office_traverse] 25.1s/150s  pos=(3.80,-2.69)  dist=2.70m  cmd=(0.80,-0.30)  mpc_ok=100%  solve=57.6ms
2026-04-28T16:28:55  [INFO   ]  [T020/SC5/office_traverse] 30.1s/150s  pos=(2.94,-1.47)  dist=1.81m  cmd=(0.31,-0.30)  mpc_ok=100%  solve=87.1ms
2026-04-28T16:29:00  [INFO   ]  [T020/SC5/office_traverse] 35.1s/150s  pos=(3.95,-0.97)  dist=0.97m  cmd=(-0.25,0.00)  mpc_ok=100%  solve=51.6ms
2026-04-28T16:29:05  [INFO   ]  [T020/SC5/office_traverse] 40.1s/150s  pos=(3.20,-1.14)  dist=1.40m  cmd=(0.41,-0.30)  mpc_ok=100%  solve=67.7ms
2026-04-28T16:29:10  [INFO   ]  [T020/SC5/office_traverse] 45.1s/150s  pos=(3.80,-0.52)  dist=0.56m  cmd=(0.02,0.05)  mpc_ok=100%  solve=51.5ms
2026-04-28T16:29:15  [INFO   ]  [T020/SC5/office_traverse] goal 1/3 reached  pos=(3.50,0.02)  elapsed=50s
2026-04-28T16:29:15  [INFO   ]  [T020/SC5/office_traverse] 0.0s/150s  pos=(3.50,0.02)  dist=4.60m  cmd=(0.14,-0.29)  mpc_ok=100%  solve=39.2ms
2026-04-28T16:29:20  [INFO   ]  [T020/SC5/office_traverse] 5.1s/150s  pos=(4.00,1.24)  dist=3.48m  cmd=(0.68,-0.26)  mpc_ok=100%  solve=42.7ms
2026-04-28T16:29:25  [INFO   ]  [T020/SC5/office_traverse] 10.1s/150s  pos=(4.54,2.76)  dist=2.47m  cmd=(0.12,-0.30)  mpc_ok=100%  solve=50.4ms
2026-04-28T16:29:30  [INFO   ]  [T020/SC5/office_traverse] 15.1s/150s  pos=(4.29,2.53)  dist=2.75m  cmd=(0.80,-0.04)  mpc_ok=100%  solve=45.5ms
2026-04-28T16:29:35  [INFO   ]  [T020/SC5/office_traverse] 20.1s/150s  pos=(3.63,3.37)  dist=3.39m  cmd=(0.80,-0.07)  mpc_ok=100%  solve=76.2ms
2026-04-28T16:29:40  [INFO   ]  [T020/SC5/office_traverse] 25.1s/150s  pos=(2.82,3.81)  dist=4.26m  cmd=(0.74,-0.11)  mpc_ok=100%  solve=48.0ms
2026-04-28T16:29:45  [INFO   ]  [T020/SC5/office_traverse] 30.1s/150s  pos=(2.83,4.29)  dist=4.37m  cmd=(0.10,-0.30)  mpc_ok=95%  solve=69.0ms
2026-04-28T16:29:46  [WARNING]  [T020/SC5/office_traverse] early termination — insufficient progress over 30s (Δ=0.019 < 0.02)
2026-04-28T16:29:46  [INFO   ]  [T020/SC5/office_traverse] nav done — goals 1/3 (33%)  elapsed=31s  failure=early_term: insufficient progress over 30s (Δ=0.019 < 0.02)
2026-04-28T16:29:46  [DEBUG  ]  RosbagRecorder stopped  pid=129278
2026-04-28T16:29:46  [INFO   ]    → sc=office_traverse  goals=33%  score=0.428  weighted=0.0856  running=0.3052  dist=5.90  obs=0.973  scans=739
2026-04-28T16:29:46  [INFO   ]  ── Scenario 6/6: office_corridor  (3 goals)  weight=0.15 ──
2026-04-28T16:29:46  [INFO   ]  [T020/SC6/office_corridor] starting
2026-04-28T16:29:46  [INFO   ]    [sim] reusing Gazebo for world=indoor_office.world  — resetting robot pose
2026-04-28T16:29:46  [DEBUG  ]    [sim] reset strategy 'gz service /world/indoor_office/set_pose' returned 255 — trying next
2026-04-28T16:29:47  [INFO   ]    [sim] robot reset via 'ign service /world/indoor_office/set_pose'  pos=(-4.00, -6.00)  heading=1.571
2026-04-28T16:29:50  [DEBUG  ]    [sim] nav-reset 'redirect goal' ok
2026-04-28T16:29:50  [DEBUG  ]    [sim] nav-reset 'clear /a_star/path' ok
2026-04-28T16:29:50  [DEBUG  ]    [sim] nav-reset 'clear /mpc/predicted_path' ok
2026-04-28T16:29:50  [DEBUG  ]    [sim] nav-reset 'clear global costmap' returned 1
2026-04-28T16:29:50  [DEBUG  ]    [sim] nav-reset 'clear local costmap' returned 1
2026-04-28T16:29:50  [INFO   ]    [sim] nav state flushed — planner redirected to (-4.00, 0.00)
2026-04-28T16:29:50  [DEBUG  ]  RosbagRecorder started  pid=130018  dir=/media/lorenzo/writable/Go2_navigation/tuning_results/trial_020/scenario_office_corridor/rosbag
2026-04-28T16:29:50  [INFO   ]  [T020/SC6/office_corridor] waiting 10s for Gazebo bridge…
2026-04-28T16:30:00  [INFO   ]  [T020/SC6/office_corridor] spawning obstacles…
2026-04-28T16:30:24  [INFO   ]  [T020/SC6/office_corridor] waiting 20s for planner…
2026-04-28T16:30:34  [DEBUG  ]  [T020/SC6/office_corridor] heartbeat — 10s remaining
2026-04-28T16:30:44  [INFO   ]  [T020/SC6/office_corridor] nav started — 3 goal(s), timeout=150s
2026-04-28T16:30:44  [DEBUG  ]  [T020/SC6/office_corridor] initial_dist set from first pose: 2.93m  pos=(-6.81,-0.85)
2026-04-28T16:30:44  [INFO   ]  [T020/SC6/office_corridor] 0.0s/150s  pos=(-6.81,-0.85)  dist=2.93m  cmd=(0.00,0.00)  mpc_ok=nan%  solve=nanms
2026-04-28T16:30:49  [INFO   ]  [T020/SC6/office_corridor] 5.1s/150s  pos=(-7.46,-0.61)  dist=3.51m  cmd=(0.72,-0.26)  mpc_ok=100%  solve=56.4ms
2026-04-28T16:30:54  [INFO   ]  [T020/SC6/office_corridor] 10.1s/150s  pos=(-8.08,0.02)  dist=4.08m  cmd=(0.80,-0.12)  mpc_ok=100%  solve=32.7ms
2026-04-28T16:30:59  [INFO   ]  [T020/SC6/office_corridor] 15.1s/150s  pos=(-7.61,1.03)  dist=3.75m  cmd=(0.80,-0.30)  mpc_ok=100%  solve=47.9ms
2026-04-28T16:31:04  [INFO   ]  [T020/SC6/office_corridor] 20.1s/150s  pos=(-6.80,1.21)  dist=3.05m  cmd=(0.28,-0.30)  mpc_ok=100%  solve=55.0ms
2026-04-28T16:31:09  [INFO   ]  [T020/SC6/office_corridor] 25.1s/150s  pos=(-6.43,0.83)  dist=2.57m  cmd=(0.06,0.30)  mpc_ok=100%  solve=111.2ms
2026-04-28T16:31:14  [INFO   ]  [T020/SC6/office_corridor] 30.1s/150s  pos=(-7.40,1.06)  dist=3.56m  cmd=(0.80,-0.30)  mpc_ok=100%  solve=77.7ms
2026-04-28T16:31:19  [INFO   ]  [T020/SC6/office_corridor] 35.1s/150s  pos=(-7.42,1.64)  dist=3.79m  cmd=(0.57,-0.17)  mpc_ok=100%  solve=77.8ms
2026-04-28T16:31:22  [WARNING]  [T020/SC6/office_corridor] early termination — insufficient progress over 30s (Δ=0.002 < 0.02)
2026-04-28T16:31:22  [INFO   ]  [T020/SC6/office_corridor] nav done — goals 0/3 (0%)  elapsed=37s  failure=early_term: insufficient progress over 30s (Δ=0.002 < 0.02)
2026-04-28T16:31:23  [DEBUG  ]  RosbagRecorder stopped  pid=130018
2026-04-28T16:31:23  [INFO   ]    → sc=office_corridor  goals=0%  score=0.336  weighted=0.0503  running=0.3556  dist=8.91  obs=0.918  scans=343
2026-04-28T16:31:23  [DEBUG  ]  Sending SIGTERM to sim_launch  pgid=128801
2026-04-28T16:31:23  [DEBUG  ]  sim_launch exited cleanly
2026-04-28T16:31:31  [DEBUG  ]    [sim] killed
2026-04-28T16:31:31  [INFO   ]  [GP] fitting on 20 observations…
2026-04-28T16:31:31  [INFO   ]  [GP] active  noise=0.9991  gp_mean=0.3434±0.0356  top5=mpc_Q_x=0.781  mpc_Q_yaw=0.114  grid_std=0.035  mpc_Q_y=0.027  mpc_Q_terminal=0.023
2026-04-28T16:31:31  [DEBUG  ]  [GP] model checkpoint saved  /media/lorenzo/writable/Go2_navigation/tuning_results/trial_020/gp_data/gp_model.joblib
2026-04-28T16:31:31  [DEBUG  ]  [GP] checkpoint written  /media/lorenzo/writable/Go2_navigation/tuning_results/trial_020/gp_data
2026-04-28T16:31:32  [DEBUG  ]  [plot] gp_marginals saved  /media/lorenzo/writable/Go2_navigation/tuning_results/gp_marginals.png
2026-04-28T16:31:32  [DEBUG  ]  [plot] gp_fitted_vs_actual saved  /media/lorenzo/writable/Go2_navigation/tuning_results/gp_fitted_vs_actual.png
2026-04-28T16:31:32  [DEBUG  ]  [disk] removed bag  /media/lorenzo/writable/Go2_navigation/tuning_results/trial_015/scenario_open_zigzag/rosbag
2026-04-28T16:31:32  [DEBUG  ]  [disk] removed bag  /media/lorenzo/writable/Go2_navigation/tuning_results/trial_015/scenario_office_corridor/rosbag
2026-04-28T16:31:32  [DEBUG  ]  [disk] removed bag  /media/lorenzo/writable/Go2_navigation/tuning_results/trial_015/scenario_warehouse_loop/rosbag
2026-04-28T16:31:32  [DEBUG  ]  [disk] removed bag  /media/lorenzo/writable/Go2_navigation/tuning_results/trial_015/scenario_office_traverse/rosbag
2026-04-28T16:31:32  [DEBUG  ]  [disk] removed bag  /media/lorenzo/writable/Go2_navigation/tuning_results/trial_015/scenario_warehouse_cross_aisle/rosbag
2026-04-28T16:31:32  [DEBUG  ]  [disk] removed bag  /media/lorenzo/writable/Go2_navigation/tuning_results/trial_015/scenario_open_square/rosbag
2026-04-28T16:31:32  [INFO   ]  [trial 020/50]  aggregate=0.3556  best=0.4041(t019)  elapsed=11.6min  GP=active(n=20)
2026-04-28T16:31:32  [INFO   ]  ============================================================
2026-04-28T16:31:32  [INFO   ]  Trial 021/50  [TPE-GUIDED]  2026-04-28T16:31:32  ETA ~241min
2026-04-28T16:31:32  [INFO   ]  Params: {'grid_std': '0.126', 'mpc_Q_terminal': '232.451', 'mpc_Q_x': '446.945', 'mpc_Q_y': '89.983', 'mpc_Q_yaw': '7.061', 'mpc_W_obs_sigmoid': '73.598'}
2026-04-28T16:31:32  [INFO   ]  ============================================================
2026-04-28T16:31:32  [INFO   ]  ── Scenario 1/6: open_square  (3 goals)  weight=0.10 ──
2026-04-28T16:31:32  [INFO   ]  [T021/SC1/open_square] starting
2026-04-28T16:31:42  [INFO   ]    [sim] launched  pid=130329  world=default.sdf
2026-04-28T16:31:42  [DEBUG  ]  RosbagRecorder started  pid=130807  dir=/media/lorenzo/writable/Go2_navigation/tuning_results/trial_021/scenario_open_square/rosbag
2026-04-28T16:31:42  [INFO   ]  [T021/SC1/open_square] waiting 10s for Gazebo bridge…
2026-04-28T16:31:52  [INFO   ]  [T021/SC1/open_square] spawning obstacles…
2026-04-28T16:32:16  [INFO   ]  [T021/SC1/open_square] waiting 20s for planner…
2026-04-28T16:32:27  [DEBUG  ]  [T021/SC1/open_square] heartbeat — 10s remaining
2026-04-28T16:32:37  [INFO   ]  [T021/SC1/open_square] nav started — 3 goal(s), timeout=300s
2026-04-28T16:32:37  [INFO   ]  [T021/SC1/open_square] 0.0s/300s  waiting for pose…
2026-04-28T16:32:37  [DEBUG  ]  [T021/SC1/open_square] initial_dist set from first pose: 2.07m  pos=(5.69,-1.60)
2026-04-28T16:32:42  [INFO   ]  [T021/SC1/open_square] 5.0s/300s  pos=(6.42,-1.09)  dist=1.24m  cmd=(0.53,-0.06)  mpc_ok=100%  solve=42.9ms
2026-04-28T16:32:45  [INFO   ]  [T021/SC1/open_square] goal 1/3 reached  pos=(6.62,-0.32)  elapsed=9s
2026-04-28T16:32:47  [INFO   ]  [T021/SC1/open_square] 1.1s/300s  pos=(6.65,-0.16)  dist=6.17m  cmd=(0.14,0.00)  mpc_ok=100%  solve=44.6ms
2026-04-28T16:32:52  [INFO   ]  [T021/SC1/open_square] 6.1s/300s  pos=(6.65,-0.14)  dist=6.15m  cmd=(0.02,0.00)  mpc_ok=100%  solve=44.5ms
2026-04-28T16:32:57  [INFO   ]  [T021/SC1/open_square] 11.1s/300s  pos=(6.66,-0.14)  dist=6.15m  cmd=(0.02,0.00)  mpc_ok=100%  solve=50.4ms
2026-04-28T16:33:02  [INFO   ]  [T021/SC1/open_square] 16.1s/300s  pos=(6.66,-0.14)  dist=6.15m  cmd=(0.03,0.00)  mpc_ok=100%  solve=38.0ms
2026-04-28T16:33:07  [INFO   ]  [T021/SC1/open_square] 21.1s/300s  pos=(6.66,-0.13)  dist=6.14m  cmd=(0.07,0.00)  mpc_ok=100%  solve=44.6ms
2026-04-28T16:33:12  [INFO   ]  [T021/SC1/open_square] 26.2s/300s  pos=(6.66,-0.13)  dist=6.14m  cmd=(0.09,-0.00)  mpc_ok=100%  solve=38.6ms
2026-04-28T16:33:15  [WARNING]  [T021/SC1/open_square] early termination — insufficient progress over 30s (Δ=0.020 < 0.02)
2026-04-28T16:33:15  [INFO   ]  [T021/SC1/open_square] nav done — goals 1/3 (33%)  elapsed=30s  failure=early_term: insufficient progress over 30s (Δ=0.020 < 0.02)
2026-04-28T16:33:17  [DEBUG  ]  RosbagRecorder stopped  pid=130807
2026-04-28T16:33:17  [INFO   ]    → sc=open_square  goals=33%  score=0.397  weighted=0.0397  running=0.0397  dist=9.78  obs=1.000  scans=22
2026-04-28T16:33:17  [INFO   ]  ── Scenario 2/6: open_zigzag  (3 goals)  weight=0.10 ──
2026-04-28T16:33:17  [INFO   ]  [T021/SC2/open_zigzag] starting
2026-04-28T16:33:17  [INFO   ]    [sim] reusing Gazebo for world=default.sdf  — resetting robot pose
2026-04-28T16:33:17  [DEBUG  ]    [sim] reset strategy 'gz service /world/default/set_pose' returned 255 — trying next
2026-04-28T16:33:17  [INFO   ]    [sim] robot reset via 'ign service /world/default/set_pose'  pos=(0.00, 0.00)  heading=0.000
2026-04-28T16:33:20  [DEBUG  ]    [sim] nav-reset 'redirect goal' ok
2026-04-28T16:33:20  [DEBUG  ]    [sim] nav-reset 'clear /a_star/path' ok
2026-04-28T16:33:20  [DEBUG  ]    [sim] nav-reset 'clear /mpc/predicted_path' ok
2026-04-28T16:33:20  [DEBUG  ]    [sim] nav-reset 'clear global costmap' returned 1
2026-04-28T16:33:20  [DEBUG  ]    [sim] nav-reset 'clear local costmap' returned 1
2026-04-28T16:33:20  [INFO   ]    [sim] nav state flushed — planner redirected to (-6.00, 3.00)
2026-04-28T16:33:20  [DEBUG  ]  RosbagRecorder started  pid=131547  dir=/media/lorenzo/writable/Go2_navigation/tuning_results/trial_021/scenario_open_zigzag/rosbag
2026-04-28T16:33:20  [INFO   ]  [T021/SC2/open_zigzag] waiting 10s for Gazebo bridge…
2026-04-28T16:33:30  [INFO   ]  [T021/SC2/open_zigzag] spawning obstacles…
2026-04-28T16:33:55  [INFO   ]  [T021/SC2/open_zigzag] waiting 20s for planner…
2026-04-28T16:34:05  [DEBUG  ]  [T021/SC2/open_zigzag] heartbeat — 10s remaining
2026-04-28T16:34:15  [INFO   ]  [T021/SC2/open_zigzag] nav started — 3 goal(s), timeout=300s
2026-04-28T16:34:15  [INFO   ]  [T021/SC2/open_zigzag] 0.0s/300s  waiting for pose…
2026-04-28T16:34:15  [DEBUG  ]  [T021/SC2/open_zigzag] initial_dist set from first pose: 0.32m  pos=(-5.90,2.70)
2026-04-28T16:34:15  [INFO   ]  [T021/SC2/open_zigzag] goal 1/3 reached  pos=(-5.90,2.70)  elapsed=0s
2026-04-28T16:34:20  [INFO   ]  [T021/SC2/open_zigzag] 5.0s/300s  pos=(-5.91,2.70)  dist=12.36m  cmd=(0.00,-0.00)  mpc_ok=0%  solve=2.0ms
2026-04-28T16:34:25  [INFO   ]  [T021/SC2/open_zigzag] 10.1s/300s  pos=(-5.92,2.71)  dist=12.37m  cmd=(0.00,0.00)  mpc_ok=0%  solve=2.1ms
2026-04-28T16:34:30  [INFO   ]  [T021/SC2/open_zigzag] 15.1s/300s  pos=(-5.94,2.71)  dist=12.38m  cmd=(0.01,-0.00)  mpc_ok=0%  solve=3.0ms
2026-04-28T16:34:35  [INFO   ]  [T021/SC2/open_zigzag] 20.1s/300s  pos=(-5.93,2.70)  dist=12.38m  cmd=(0.01,0.00)  mpc_ok=0%  solve=2.1ms
2026-04-28T16:34:40  [INFO   ]  [T021/SC2/open_zigzag] 25.1s/300s  pos=(-5.93,2.71)  dist=12.38m  cmd=(0.01,0.00)  mpc_ok=0%  solve=2.0ms
2026-04-28T16:34:45  [WARNING]  [T021/SC2/open_zigzag] early termination — MPC success rate 0% < 70%
2026-04-28T16:34:45  [INFO   ]  [T021/SC2/open_zigzag] nav done — goals 1/3 (33%)  elapsed=30s  failure=early_term: MPC success rate 0% < 70%
2026-04-28T16:34:46  [DEBUG  ]  RosbagRecorder stopped  pid=131547
2026-04-28T16:34:46  [INFO   ]    → sc=open_zigzag  goals=33%  score=0.200  weighted=0.0200  running=0.0597  dist=6.29  obs=0.000  scans=0
2026-04-28T16:34:46  [INFO   ]  ── Scenario 3/6: warehouse_loop  (4 goals)  weight=0.25 ──
2026-04-28T16:34:46  [INFO   ]  [T021/SC3/warehouse_loop] starting
2026-04-28T16:34:46  [DEBUG  ]  Sending SIGTERM to sim_launch  pgid=130329
2026-04-28T16:34:46  [DEBUG  ]  sim_launch exited cleanly
2026-04-28T16:34:54  [DEBUG  ]    [sim] killed
2026-04-28T16:35:04  [INFO   ]    [sim] launched  pid=131839  world=warehouse.world
2026-04-28T16:35:04  [DEBUG  ]  RosbagRecorder started  pid=132316  dir=/media/lorenzo/writable/Go2_navigation/tuning_results/trial_021/scenario_warehouse_loop/rosbag
2026-04-28T16:35:04  [INFO   ]  [T021/SC3/warehouse_loop] waiting 10s for Gazebo bridge…
2026-04-28T16:35:15  [INFO   ]  [T021/SC3/warehouse_loop] spawning obstacles…
2026-04-28T16:35:45  [INFO   ]  [T021/SC3/warehouse_loop] waiting 20s for planner…
2026-04-28T16:35:55  [DEBUG  ]  [T021/SC3/warehouse_loop] heartbeat — 10s remaining
2026-04-28T16:36:05  [INFO   ]  [T021/SC3/warehouse_loop] nav started — 4 goal(s), timeout=180s
2026-04-28T16:36:05  [INFO   ]  [T021/SC3/warehouse_loop] 0.0s/180s  waiting for pose…
2026-04-28T16:36:05  [DEBUG  ]  [T021/SC3/warehouse_loop] initial_dist set from first pose: 18.12m  pos=(-6.12,-8.23)
2026-04-28T16:36:10  [INFO   ]  [T021/SC3/warehouse_loop] 5.1s/180s  pos=(-5.69,-8.26)  dist=17.69m  cmd=(0.21,-0.01)  mpc_ok=100%  solve=33.8ms
2026-04-28T16:36:15  [INFO   ]  [T021/SC3/warehouse_loop] 10.1s/180s  pos=(-5.24,-8.29)  dist=17.24m  cmd=(0.26,-0.02)  mpc_ok=100%  solve=30.3ms
2026-04-28T16:36:20  [INFO   ]  [T021/SC3/warehouse_loop] 15.1s/180s  pos=(-4.76,-8.31)  dist=16.76m  cmd=(0.14,-0.00)  mpc_ok=100%  solve=43.8ms
2026-04-28T16:36:25  [INFO   ]  [T021/SC3/warehouse_loop] 20.1s/180s  pos=(-4.40,-8.33)  dist=16.40m  cmd=(0.32,-0.00)  mpc_ok=100%  solve=42.6ms
2026-04-28T16:36:30  [INFO   ]  [T021/SC3/warehouse_loop] 25.1s/180s  pos=(-3.92,-8.38)  dist=15.93m  cmd=(0.21,-0.01)  mpc_ok=100%  solve=97.1ms
2026-04-28T16:36:35  [INFO   ]  [T021/SC3/warehouse_loop] 30.1s/180s  pos=(-4.00,-8.38)  dist=16.00m  cmd=(0.00,-0.00)  mpc_ok=100%  solve=62.1ms
2026-04-28T16:36:40  [INFO   ]  [T021/SC3/warehouse_loop] 35.1s/180s  pos=(-4.18,-8.37)  dist=16.18m  cmd=(-0.00,0.00)  mpc_ok=100%  solve=51.6ms
2026-04-28T16:36:45  [INFO   ]  [T021/SC3/warehouse_loop] 40.2s/180s  pos=(-4.18,-8.37)  dist=16.18m  cmd=(-0.00,0.00)  mpc_ok=100%  solve=47.9ms
2026-04-28T16:36:50  [INFO   ]  [T021/SC3/warehouse_loop] 45.2s/180s  pos=(-4.18,-8.37)  dist=16.18m  cmd=(-0.00,0.00)  mpc_ok=100%  solve=68.0ms
2026-04-28T16:36:53  [WARNING]  [T021/SC3/warehouse_loop] early termination — insufficient progress over 30s (Δ=0.020 < 0.02)
2026-04-28T16:36:53  [INFO   ]  [T021/SC3/warehouse_loop] nav done — goals 0/4 (0%)  elapsed=48s  failure=early_term: insufficient progress over 30s (Δ=0.020 < 0.02)
2026-04-28T16:36:54  [DEBUG  ]  RosbagRecorder stopped  pid=132316
2026-04-28T16:36:54  [INFO   ]    → sc=warehouse_loop  goals=0%  score=0.330  weighted=0.0825  running=0.1422  dist=18.14  obs=1.000  scans=446
2026-04-28T16:36:54  [INFO   ]  ── Scenario 4/6: warehouse_cross_aisle  (3 goals)  weight=0.20 ──
2026-04-28T16:36:54  [INFO   ]  [T021/SC4/warehouse_cross_aisle] starting
2026-04-28T16:36:54  [INFO   ]    [sim] reusing Gazebo for world=warehouse.world  — resetting robot pose
2026-04-28T16:36:54  [DEBUG  ]    [sim] reset strategy 'gz service /world/warehouse/set_pose' returned 255 — trying next
2026-04-28T16:36:54  [INFO   ]    [sim] robot reset via 'ign service /world/warehouse/set_pose'  pos=(-4.00, 8.00)  heading=-1.571
2026-04-28T16:36:57  [DEBUG  ]    [sim] nav-reset 'redirect goal' ok
2026-04-28T16:36:57  [DEBUG  ]    [sim] nav-reset 'clear /a_star/path' ok
2026-04-28T16:36:57  [DEBUG  ]    [sim] nav-reset 'clear /mpc/predicted_path' ok
2026-04-28T16:36:57  [DEBUG  ]    [sim] nav-reset 'clear global costmap' returned 1
2026-04-28T16:36:57  [DEBUG  ]    [sim] nav-reset 'clear local costmap' returned 1
2026-04-28T16:36:57  [INFO   ]    [sim] nav state flushed — planner redirected to (-4.00, 2.00)
2026-04-28T16:36:57  [DEBUG  ]  RosbagRecorder started  pid=133102  dir=/media/lorenzo/writable/Go2_navigation/tuning_results/trial_021/scenario_warehouse_cross_aisle/rosbag
2026-04-28T16:36:57  [INFO   ]  [T021/SC4/warehouse_cross_aisle] waiting 10s for Gazebo bridge…
2026-04-28T16:37:07  [INFO   ]  [T021/SC4/warehouse_cross_aisle] spawning obstacles…
2026-04-28T16:37:32  [INFO   ]  [T021/SC4/warehouse_cross_aisle] waiting 20s for planner…
2026-04-28T16:37:42  [DEBUG  ]  [T021/SC4/warehouse_cross_aisle] heartbeat — 10s remaining
2026-04-28T16:37:52  [INFO   ]  [T021/SC4/warehouse_cross_aisle] nav started — 3 goal(s), timeout=150s
2026-04-28T16:37:52  [INFO   ]  [T021/SC4/warehouse_cross_aisle] 0.0s/150s  waiting for pose…
2026-04-28T16:37:52  [DEBUG  ]  [T021/SC4/warehouse_cross_aisle] initial_dist set from first pose: 5.22m  pos=(-4.74,-3.17)
2026-04-28T16:37:57  [INFO   ]  [T021/SC4/warehouse_cross_aisle] 5.1s/150s  pos=(-4.37,-4.06)  dist=6.07m  cmd=(0.80,-0.03)  mpc_ok=100%  solve=70.1ms
2026-04-28T16:38:02  [INFO   ]  [T021/SC4/warehouse_cross_aisle] 10.1s/150s  pos=(-4.04,-5.03)  dist=7.03m  cmd=(0.64,0.03)  mpc_ok=100%  solve=40.6ms
2026-04-28T16:38:07  [INFO   ]  [T021/SC4/warehouse_cross_aisle] 15.1s/150s  pos=(-4.00,-5.74)  dist=7.74m  cmd=(0.36,-0.01)  mpc_ok=100%  solve=32.1ms
2026-04-28T16:38:12  [INFO   ]  [T021/SC4/warehouse_cross_aisle] 20.1s/150s  pos=(-4.00,-6.32)  dist=8.32m  cmd=(0.15,0.01)  mpc_ok=100%  solve=38.4ms
2026-04-28T16:38:17  [INFO   ]  [T021/SC4/warehouse_cross_aisle] 25.1s/150s  pos=(-3.99,-6.79)  dist=8.79m  cmd=(0.23,0.01)  mpc_ok=100%  solve=41.3ms
2026-04-28T16:38:22  [INFO   ]  [T021/SC4/warehouse_cross_aisle] 30.1s/150s  pos=(-3.99,-7.24)  dist=9.24m  cmd=(0.25,-0.00)  mpc_ok=100%  solve=41.1ms
2026-04-28T16:38:27  [INFO   ]  [T021/SC4/warehouse_cross_aisle] 35.1s/150s  pos=(-4.00,-7.71)  dist=9.71m  cmd=(0.27,0.01)  mpc_ok=100%  solve=50.3ms
2026-04-28T16:38:32  [INFO   ]  [T021/SC4/warehouse_cross_aisle] 40.2s/150s  pos=(-4.02,-7.97)  dist=9.97m  cmd=(0.31,0.04)  mpc_ok=100%  solve=43.9ms
2026-04-28T16:38:37  [INFO   ]  [T021/SC4/warehouse_cross_aisle] 45.2s/150s  pos=(-4.04,-8.11)  dist=10.11m  cmd=(-0.03,-0.03)  mpc_ok=100%  solve=37.4ms
2026-04-28T16:38:42  [INFO   ]  [T021/SC4/warehouse_cross_aisle] 50.2s/150s  pos=(-3.97,-7.30)  dist=9.30m  cmd=(0.30,0.01)  mpc_ok=100%  solve=42.6ms
2026-04-28T16:38:45  [WARNING]  [T021/SC4/warehouse_cross_aisle] early termination — insufficient progress over 30s (Δ=0.000 < 0.02)
2026-04-28T16:38:45  [INFO   ]  [T021/SC4/warehouse_cross_aisle] nav done — goals 0/3 (0%)  elapsed=54s  failure=early_term: insufficient progress over 30s (Δ=0.000 < 0.02)
2026-04-28T16:38:46  [DEBUG  ]  RosbagRecorder stopped  pid=133102
2026-04-28T16:38:46  [INFO   ]    → sc=warehouse_cross_aisle  goals=0%  score=0.356  weighted=0.0713  running=0.2135  dist=8.09  obs=1.000  scans=490
2026-04-28T16:38:46  [INFO   ]  ── Scenario 5/6: office_traverse  (3 goals)  weight=0.20 ──
2026-04-28T16:38:46  [INFO   ]  [T021/SC5/office_traverse] starting
2026-04-28T16:38:46  [DEBUG  ]  Sending SIGTERM to sim_launch  pgid=131839
2026-04-28T16:38:46  [DEBUG  ]  sim_launch exited cleanly
2026-04-28T16:38:54  [DEBUG  ]    [sim] killed
2026-04-28T16:39:05  [INFO   ]    [sim] launched  pid=133394  world=indoor_office.world
2026-04-28T16:39:05  [DEBUG  ]  RosbagRecorder started  pid=133871  dir=/media/lorenzo/writable/Go2_navigation/tuning_results/trial_021/scenario_office_traverse/rosbag
2026-04-28T16:39:05  [INFO   ]  [T021/SC5/office_traverse] waiting 10s for Gazebo bridge…
2026-04-28T16:39:15  [INFO   ]  [T021/SC5/office_traverse] spawning obstacles…
2026-04-28T16:39:39  [INFO   ]  [T021/SC5/office_traverse] waiting 20s for planner…
2026-04-28T16:39:49  [DEBUG  ]  [T021/SC5/office_traverse] heartbeat — 10s remaining
2026-04-28T16:39:59  [INFO   ]  [T021/SC5/office_traverse] nav started — 3 goal(s), timeout=150s
2026-04-28T16:39:59  [DEBUG  ]  [T021/SC5/office_traverse] initial_dist set from first pose: 7.56m  pos=(-1.45,-5.24)
2026-04-28T16:39:59  [INFO   ]  [T021/SC5/office_traverse] 0.0s/150s  pos=(-1.45,-5.24)  dist=7.56m  cmd=(0.00,0.00)  mpc_ok=nan%  solve=nanms
2026-04-28T16:40:04  [INFO   ]  [T021/SC5/office_traverse] 5.1s/150s  pos=(-1.48,-3.91)  dist=6.73m  cmd=(0.80,0.14)  mpc_ok=100%  solve=33.7ms
2026-04-28T16:40:09  [INFO   ]  [T021/SC5/office_traverse] 10.1s/150s  pos=(-2.12,-3.54)  dist=7.07m  cmd=(0.80,-0.09)  mpc_ok=100%  solve=42.0ms
2026-04-28T16:40:14  [INFO   ]  [T021/SC5/office_traverse] 15.1s/150s  pos=(-1.51,-3.37)  dist=6.46m  cmd=(-0.02,0.24)  mpc_ok=100%  solve=39.2ms
2026-04-28T16:40:19  [INFO   ]  [T021/SC5/office_traverse] 20.1s/150s  pos=(-2.53,-3.21)  dist=7.28m  cmd=(0.54,-0.15)  mpc_ok=100%  solve=45.3ms
2026-04-28T16:40:24  [INFO   ]  [T021/SC5/office_traverse] 25.1s/150s  pos=(-1.53,-2.81)  dist=6.20m  cmd=(0.80,-0.30)  mpc_ok=100%  solve=48.3ms
2026-04-28T16:40:29  [INFO   ]  [T021/SC5/office_traverse] 30.1s/150s  pos=(-0.08,-3.24)  dist=5.21m  cmd=(-0.46,-0.16)  mpc_ok=100%  solve=49.0ms
2026-04-28T16:40:34  [INFO   ]  [T021/SC5/office_traverse] 35.1s/150s  pos=(0.47,-4.73)  dist=5.90m  cmd=(-0.68,0.10)  mpc_ok=100%  solve=42.2ms
2026-04-28T16:40:39  [INFO   ]  [T021/SC5/office_traverse] 40.2s/150s  pos=(0.80,-4.68)  dist=5.67m  cmd=(0.41,-0.30)  mpc_ok=100%  solve=56.6ms
2026-04-28T16:40:44  [INFO   ]  [T021/SC5/office_traverse] 45.2s/150s  pos=(0.66,-3.79)  dist=5.06m  cmd=(0.80,-0.30)  mpc_ok=100%  solve=61.3ms
2026-04-28T16:40:49  [INFO   ]  [T021/SC5/office_traverse] 50.2s/150s  pos=(0.39,-2.29)  dist=4.28m  cmd=(0.68,-0.30)  mpc_ok=100%  solve=57.1ms
2026-04-28T16:40:54  [INFO   ]  [T021/SC5/office_traverse] 55.2s/150s  pos=(1.32,-2.11)  dist=3.41m  cmd=(0.79,-0.30)  mpc_ok=100%  solve=70.5ms
2026-04-28T16:40:59  [INFO   ]  [T021/SC5/office_traverse] 60.2s/150s  pos=(1.75,-3.40)  dist=4.08m  cmd=(-0.33,0.22)  mpc_ok=100%  solve=114.2ms
2026-04-28T16:41:04  [INFO   ]  [T021/SC5/office_traverse] 65.2s/150s  pos=(1.12,-3.48)  dist=4.52m  cmd=(0.80,-0.09)  mpc_ok=100%  solve=45.5ms
2026-04-28T16:41:09  [INFO   ]  [T021/SC5/office_traverse] 70.2s/150s  pos=(2.28,-3.09)  dist=3.54m  cmd=(0.80,-0.30)  mpc_ok=100%  solve=50.8ms
2026-04-28T16:41:14  [INFO   ]  [T021/SC5/office_traverse] 75.2s/150s  pos=(2.55,-3.25)  dist=3.56m  cmd=(0.28,0.30)  mpc_ok=100%  solve=35.9ms
2026-04-28T16:41:19  [WARNING]  [T021/SC5/office_traverse] early termination — insufficient progress over 30s (Δ=0.020 < 0.02)
2026-04-28T16:41:19  [INFO   ]  [T021/SC5/office_traverse] nav done — goals 0/3 (0%)  elapsed=80s  failure=early_term: insufficient progress over 30s (Δ=0.020 < 0.02)
2026-04-28T16:41:20  [DEBUG  ]  RosbagRecorder stopped  pid=133871
2026-04-28T16:41:20  [INFO   ]    → sc=office_traverse  goals=0%  score=0.331  weighted=0.0662  running=0.2797  dist=11.66  obs=0.937  scans=733
2026-04-28T16:41:20  [INFO   ]  ── Scenario 6/6: office_corridor  (3 goals)  weight=0.15 ──
2026-04-28T16:41:20  [INFO   ]  [T021/SC6/office_corridor] starting
2026-04-28T16:41:20  [INFO   ]    [sim] reusing Gazebo for world=indoor_office.world  — resetting robot pose
2026-04-28T16:41:20  [DEBUG  ]    [sim] reset strategy 'gz service /world/indoor_office/set_pose' returned 255 — trying next
2026-04-28T16:41:20  [INFO   ]    [sim] robot reset via 'ign service /world/indoor_office/set_pose'  pos=(-4.00, -6.00)  heading=1.571
2026-04-28T16:41:23  [DEBUG  ]    [sim] nav-reset 'redirect goal' ok
2026-04-28T16:41:23  [DEBUG  ]    [sim] nav-reset 'clear /a_star/path' ok
2026-04-28T16:41:23  [DEBUG  ]    [sim] nav-reset 'clear /mpc/predicted_path' ok
2026-04-28T16:41:23  [DEBUG  ]    [sim] nav-reset 'clear global costmap' returned 1
2026-04-28T16:41:23  [DEBUG  ]    [sim] nav-reset 'clear local costmap' returned 1
2026-04-28T16:41:23  [INFO   ]    [sim] nav state flushed — planner redirected to (-4.00, 0.00)
2026-04-28T16:41:24  [DEBUG  ]  RosbagRecorder started  pid=134612  dir=/media/lorenzo/writable/Go2_navigation/tuning_results/trial_021/scenario_office_corridor/rosbag
2026-04-28T16:41:24  [INFO   ]  [T021/SC6/office_corridor] waiting 10s for Gazebo bridge…
2026-04-28T16:41:34  [INFO   ]  [T021/SC6/office_corridor] spawning obstacles…
2026-04-28T16:41:58  [INFO   ]  [T021/SC6/office_corridor] waiting 20s for planner…
2026-04-28T16:42:08  [DEBUG  ]  [T021/SC6/office_corridor] heartbeat — 10s remaining
2026-04-28T16:42:18  [INFO   ]  [T021/SC6/office_corridor] nav started — 3 goal(s), timeout=150s
2026-04-28T16:42:18  [INFO   ]  [T021/SC6/office_corridor] 0.0s/150s  waiting for pose…
2026-04-28T16:42:18  [DEBUG  ]  [T021/SC6/office_corridor] initial_dist set from first pose: 2.58m  pos=(-6.54,-0.47)
2026-04-28T16:42:23  [INFO   ]  [T021/SC6/office_corridor] 5.1s/150s  pos=(-6.73,0.49)  dist=2.77m  cmd=(0.80,-0.30)  mpc_ok=0%  solve=2.8ms
2026-04-28T16:42:28  [INFO   ]  [T021/SC6/office_corridor] 10.1s/150s  pos=(-6.71,1.18)  dist=2.96m  cmd=(0.80,0.30)  mpc_ok=0%  solve=1.8ms
2026-04-28T16:42:33  [INFO   ]  [T021/SC6/office_corridor] 15.1s/150s  pos=(-7.68,1.55)  dist=3.99m  cmd=(0.80,-0.24)  mpc_ok=0%  solve=1.7ms
2026-04-28T16:42:38  [INFO   ]  [T021/SC6/office_corridor] 20.1s/150s  pos=(-7.28,2.40)  dist=4.06m  cmd=(0.80,-0.05)  mpc_ok=0%  solve=1.9ms
2026-04-28T16:42:43  [INFO   ]  [T021/SC6/office_corridor] 25.1s/150s  pos=(-6.24,3.07)  dist=3.80m  cmd=(0.07,-0.30)  mpc_ok=0%  solve=2.1ms
2026-04-28T16:42:48  [WARNING]  [T021/SC6/office_corridor] early termination — MPC success rate 0% < 70%
2026-04-28T16:42:48  [INFO   ]  [T021/SC6/office_corridor] nav done — goals 0/3 (0%)  elapsed=30s  failure=early_term: MPC success rate 0% < 70%
2026-04-28T16:42:48  [DEBUG  ]  RosbagRecorder stopped  pid=134612
2026-04-28T16:42:48  [INFO   ]    → sc=office_corridor  goals=0%  score=0.295  weighted=0.0443  running=0.3240  dist=7.13  obs=1.000  scans=272
2026-04-28T16:42:48  [DEBUG  ]  Sending SIGTERM to sim_launch  pgid=133394
2026-04-28T16:42:48  [DEBUG  ]  sim_launch exited cleanly
2026-04-28T16:42:56  [DEBUG  ]    [sim] killed
2026-04-28T16:42:56  [INFO   ]  [GP] fitting on 21 observations…
2026-04-28T16:42:57  [INFO   ]  [GP] active  noise=0.9424  gp_mean=0.3454±0.0349  top5=mpc_Q_x=0.782  mpc_Q_yaw=0.114  grid_std=0.034  mpc_Q_y=0.026  mpc_Q_terminal=0.023
2026-04-28T16:42:57  [DEBUG  ]  [GP] model checkpoint saved  /media/lorenzo/writable/Go2_navigation/tuning_results/trial_021/gp_data/gp_model.joblib
2026-04-28T16:42:57  [DEBUG  ]  [GP] checkpoint written  /media/lorenzo/writable/Go2_navigation/tuning_results/trial_021/gp_data
2026-04-28T16:42:58  [DEBUG  ]  [plot] gp_marginals saved  /media/lorenzo/writable/Go2_navigation/tuning_results/gp_marginals.png
2026-04-28T16:42:58  [DEBUG  ]  [plot] gp_fitted_vs_actual saved  /media/lorenzo/writable/Go2_navigation/tuning_results/gp_fitted_vs_actual.png
2026-04-28T16:42:58  [DEBUG  ]  [disk] removed bag  /media/lorenzo/writable/Go2_navigation/tuning_results/trial_016/scenario_open_zigzag/rosbag
2026-04-28T16:42:58  [DEBUG  ]  [disk] removed bag  /media/lorenzo/writable/Go2_navigation/tuning_results/trial_016/scenario_office_corridor/rosbag
2026-04-28T16:42:58  [DEBUG  ]  [disk] removed bag  /media/lorenzo/writable/Go2_navigation/tuning_results/trial_016/scenario_warehouse_loop/rosbag
2026-04-28T16:42:58  [DEBUG  ]  [disk] removed bag  /media/lorenzo/writable/Go2_navigation/tuning_results/trial_016/scenario_office_traverse/rosbag
2026-04-28T16:42:58  [DEBUG  ]  [disk] removed bag  /media/lorenzo/writable/Go2_navigation/tuning_results/trial_016/scenario_warehouse_cross_aisle/rosbag
2026-04-28T16:42:58  [DEBUG  ]  [disk] removed bag  /media/lorenzo/writable/Go2_navigation/tuning_results/trial_016/scenario_open_square/rosbag
2026-04-28T16:42:58  [INFO   ]  [trial 021/50]  aggregate=0.3240  best=0.4041(t019)  elapsed=11.4min  GP=active(n=21)
2026-04-28T16:42:58  [INFO   ]  ============================================================
2026-04-28T16:42:58  [INFO   ]  Trial 022/50  [TPE-GUIDED]  2026-04-28T16:42:58  ETA ~238min
2026-04-28T16:42:58  [INFO   ]  Params: {'grid_std': '0.137', 'mpc_Q_terminal': '50.868', 'mpc_Q_x': '488.277', 'mpc_Q_y': '57.694', 'mpc_Q_yaw': '13.595', 'mpc_W_obs_sigmoid': '131.361'}
2026-04-28T16:42:58  [INFO   ]  ============================================================
2026-04-28T16:42:58  [INFO   ]  ── Scenario 1/6: open_square  (3 goals)  weight=0.10 ──
2026-04-28T16:42:58  [INFO   ]  [T022/SC1/open_square] starting
2026-04-28T16:43:08  [INFO   ]    [sim] launched  pid=134919  world=default.sdf
2026-04-28T16:43:08  [DEBUG  ]  RosbagRecorder started  pid=135397  dir=/media/lorenzo/writable/Go2_navigation/tuning_results/trial_022/scenario_open_square/rosbag
2026-04-28T16:43:08  [INFO   ]  [T022/SC1/open_square] waiting 10s for Gazebo bridge…
2026-04-28T16:43:18  [INFO   ]  [T022/SC1/open_square] spawning obstacles…
2026-04-28T16:43:42  [INFO   ]  [T022/SC1/open_square] waiting 20s for planner…
2026-04-28T16:43:52  [DEBUG  ]  [T022/SC1/open_square] heartbeat — 10s remaining
2026-04-28T16:44:02  [INFO   ]  [T022/SC1/open_square] nav started — 3 goal(s), timeout=300s
2026-04-28T16:44:02  [INFO   ]  [T022/SC1/open_square] 0.0s/300s  waiting for pose…
2026-04-28T16:44:02  [DEBUG  ]  [T022/SC1/open_square] initial_dist set from first pose: 2.38m  pos=(5.60,-1.92)
2026-04-28T16:44:07  [INFO   ]  [T022/SC1/open_square] 5.0s/300s  pos=(6.18,-1.22)  dist=1.47m  cmd=(0.80,0.01)  mpc_ok=100%  solve=42.1ms
2026-04-28T16:44:12  [INFO   ]  [T022/SC1/open_square] 10.0s/300s  pos=(6.63,-0.46)  dist=0.59m  cmd=(0.29,0.03)  mpc_ok=100%  solve=41.5ms
2026-04-28T16:44:13  [INFO   ]  [T022/SC1/open_square] goal 1/3 reached  pos=(6.69,-0.38)  elapsed=11s
2026-04-28T16:44:17  [INFO   ]  [T022/SC1/open_square] 4.4s/300s  pos=(6.77,-0.29)  dist=6.29m  cmd=(0.00,0.00)  mpc_ok=100%  solve=45.3ms
2026-04-28T16:44:22  [INFO   ]  [T022/SC1/open_square] 9.5s/300s  pos=(6.76,-0.28)  dist=6.29m  cmd=(0.02,-0.00)  mpc_ok=100%  solve=44.1ms
2026-04-28T16:44:27  [INFO   ]  [T022/SC1/open_square] 14.5s/300s  pos=(6.76,-0.29)  dist=6.29m  cmd=(0.04,-0.01)  mpc_ok=100%  solve=39.0ms
2026-04-28T16:44:32  [INFO   ]  [T022/SC1/open_square] 19.5s/300s  pos=(6.77,-0.29)  dist=6.29m  cmd=(0.00,-0.00)  mpc_ok=100%  solve=41.2ms
2026-04-28T16:44:37  [INFO   ]  [T022/SC1/open_square] 24.5s/300s  pos=(6.77,-0.28)  dist=6.28m  cmd=(0.00,0.00)  mpc_ok=100%  solve=42.5ms
2026-04-28T16:44:42  [INFO   ]  [T022/SC1/open_square] 29.5s/300s  pos=(6.77,-0.27)  dist=6.28m  cmd=(0.00,0.00)  mpc_ok=100%  solve=47.4ms
2026-04-28T16:44:43  [WARNING]  [T022/SC1/open_square] early termination — insufficient progress over 30s (Δ=0.014 < 0.02)
2026-04-28T16:44:43  [INFO   ]  [T022/SC1/open_square] nav done — goals 1/3 (33%)  elapsed=30s  failure=early_term: insufficient progress over 30s (Δ=0.014 < 0.02)
2026-04-28T16:44:44  [DEBUG  ]  RosbagRecorder stopped  pid=135397
2026-04-28T16:44:44  [INFO   ]    → sc=open_square  goals=33%  score=0.398  weighted=0.0398  running=0.0398  dist=9.93  obs=1.000  scans=15
2026-04-28T16:44:44  [INFO   ]  ── Scenario 2/6: open_zigzag  (3 goals)  weight=0.10 ──
2026-04-28T16:44:44  [INFO   ]  [T022/SC2/open_zigzag] starting
2026-04-28T16:44:44  [INFO   ]    [sim] reusing Gazebo for world=default.sdf  — resetting robot pose
2026-04-28T16:44:44  [DEBUG  ]    [sim] reset strategy 'gz service /world/default/set_pose' returned 255 — trying next
2026-04-28T16:44:45  [INFO   ]    [sim] robot reset via 'ign service /world/default/set_pose'  pos=(0.00, 0.00)  heading=0.000
2026-04-28T16:44:48  [DEBUG  ]    [sim] nav-reset 'redirect goal' ok
2026-04-28T16:44:48  [DEBUG  ]    [sim] nav-reset 'clear /a_star/path' ok
2026-04-28T16:44:48  [DEBUG  ]    [sim] nav-reset 'clear /mpc/predicted_path' ok
2026-04-28T16:44:48  [DEBUG  ]    [sim] nav-reset 'clear global costmap' returned 1
2026-04-28T16:44:48  [DEBUG  ]    [sim] nav-reset 'clear local costmap' returned 1
2026-04-28T16:44:48  [INFO   ]    [sim] nav state flushed — planner redirected to (-6.00, 3.00)
2026-04-28T16:44:48  [DEBUG  ]  RosbagRecorder started  pid=136137  dir=/media/lorenzo/writable/Go2_navigation/tuning_results/trial_022/scenario_open_zigzag/rosbag
2026-04-28T16:44:48  [INFO   ]  [T022/SC2/open_zigzag] waiting 10s for Gazebo bridge…
2026-04-28T16:44:58  [INFO   ]  [T022/SC2/open_zigzag] spawning obstacles…
2026-04-28T16:45:22  [INFO   ]  [T022/SC2/open_zigzag] waiting 20s for planner…
2026-04-28T16:45:32  [DEBUG  ]  [T022/SC2/open_zigzag] heartbeat — 10s remaining
2026-04-28T16:45:42  [INFO   ]  [T022/SC2/open_zigzag] nav started — 3 goal(s), timeout=300s
2026-04-28T16:45:42  [INFO   ]  [T022/SC2/open_zigzag] 0.1s/300s  waiting for pose…
2026-04-28T16:45:42  [DEBUG  ]  [T022/SC2/open_zigzag] initial_dist set from first pose: 0.30m  pos=(-5.88,2.72)
2026-04-28T16:45:42  [INFO   ]  [T022/SC2/open_zigzag] goal 1/3 reached  pos=(-5.88,2.72)  elapsed=0s
2026-04-28T16:45:47  [INFO   ]  [T022/SC2/open_zigzag] 4.9s/300s  pos=(-5.86,2.71)  dist=12.31m  cmd=(0.25,0.01)  mpc_ok=0%  solve=3.3ms
2026-04-28T16:45:52  [INFO   ]  [T022/SC2/open_zigzag] 9.9s/300s  pos=(-5.84,2.71)  dist=12.29m  cmd=(0.27,-0.01)  mpc_ok=0%  solve=1.9ms
2026-04-28T16:45:57  [INFO   ]  [T022/SC2/open_zigzag] 14.9s/300s  pos=(-5.83,2.71)  dist=12.28m  cmd=(0.26,-0.01)  mpc_ok=0%  solve=3.1ms
2026-04-28T16:46:02  [INFO   ]  [T022/SC2/open_zigzag] 19.9s/300s  pos=(-5.83,2.72)  dist=12.28m  cmd=(0.23,-0.00)  mpc_ok=0%  solve=3.0ms
2026-04-28T16:46:07  [INFO   ]  [T022/SC2/open_zigzag] 24.9s/300s  pos=(-5.83,2.71)  dist=12.28m  cmd=(0.19,0.00)  mpc_ok=0%  solve=1.9ms
2026-04-28T16:46:12  [INFO   ]  [T022/SC2/open_zigzag] 30.0s/300s  pos=(-5.84,2.71)  dist=12.29m  cmd=(0.14,-0.01)  mpc_ok=0%  solve=2.3ms
2026-04-28T16:46:12  [WARNING]  [T022/SC2/open_zigzag] early termination — insufficient progress over 30s (Δ=0.005 < 0.02)
2026-04-28T16:46:12  [INFO   ]  [T022/SC2/open_zigzag] nav done — goals 1/3 (33%)  elapsed=30s  failure=early_term: insufficient progress over 30s (Δ=0.005 < 0.02)
2026-04-28T16:46:14  [DEBUG  ]  RosbagRecorder stopped  pid=136137
2026-04-28T16:46:14  [INFO   ]    → sc=open_zigzag  goals=33%  score=0.200  weighted=0.0200  running=0.0598  dist=6.30  obs=0.000  scans=1
2026-04-28T16:46:14  [INFO   ]  ── Scenario 3/6: warehouse_loop  (4 goals)  weight=0.25 ──
2026-04-28T16:46:14  [INFO   ]  [T022/SC3/warehouse_loop] starting
2026-04-28T16:46:14  [DEBUG  ]  Sending SIGTERM to sim_launch  pgid=134919
2026-04-28T16:46:14  [DEBUG  ]  sim_launch exited cleanly
2026-04-28T16:46:22  [DEBUG  ]    [sim] killed
2026-04-28T16:46:32  [INFO   ]    [sim] launched  pid=136429  world=warehouse.world
2026-04-28T16:46:32  [DEBUG  ]  RosbagRecorder started  pid=136906  dir=/media/lorenzo/writable/Go2_navigation/tuning_results/trial_022/scenario_warehouse_loop/rosbag
2026-04-28T16:46:32  [INFO   ]  [T022/SC3/warehouse_loop] waiting 10s for Gazebo bridge…
2026-04-28T16:46:42  [INFO   ]  [T022/SC3/warehouse_loop] spawning obstacles…
2026-04-28T16:47:12  [INFO   ]  [T022/SC3/warehouse_loop] waiting 20s for planner…
2026-04-28T16:47:22  [DEBUG  ]  [T022/SC3/warehouse_loop] heartbeat — 10s remaining
2026-04-28T16:47:32  [INFO   ]  [T022/SC3/warehouse_loop] nav started — 4 goal(s), timeout=180s
2026-04-28T16:47:32  [INFO   ]  [T022/SC3/warehouse_loop] 0.0s/180s  waiting for pose…
2026-04-28T16:47:32  [DEBUG  ]  [T022/SC3/warehouse_loop] initial_dist set from first pose: 18.20m  pos=(-6.20,-8.30)
2026-04-28T16:47:37  [INFO   ]  [T022/SC3/warehouse_loop] 5.1s/180s  pos=(-5.80,-8.30)  dist=17.80m  cmd=(0.06,-0.00)  mpc_ok=100%  solve=38.2ms
2026-04-28T16:47:42  [INFO   ]  [T022/SC3/warehouse_loop] 10.1s/180s  pos=(-5.35,-8.30)  dist=17.35m  cmd=(0.16,0.00)  mpc_ok=100%  solve=29.3ms
2026-04-28T16:47:47  [INFO   ]  [T022/SC3/warehouse_loop] 15.1s/180s  pos=(-4.94,-8.29)  dist=16.95m  cmd=(0.29,0.02)  mpc_ok=100%  solve=32.9ms
2026-04-28T16:47:52  [INFO   ]  [T022/SC3/warehouse_loop] 20.1s/180s  pos=(-4.45,-8.30)  dist=16.45m  cmd=(0.26,-0.02)  mpc_ok=100%  solve=46.4ms
2026-04-28T16:47:57  [INFO   ]  [T022/SC3/warehouse_loop] 25.1s/180s  pos=(-4.15,-8.33)  dist=16.15m  cmd=(0.00,-0.00)  mpc_ok=100%  solve=55.7ms
2026-04-28T16:48:02  [INFO   ]  [T022/SC3/warehouse_loop] 30.1s/180s  pos=(-4.23,-8.33)  dist=16.24m  cmd=(-0.10,0.10)  mpc_ok=100%  solve=60.4ms
2026-04-28T16:48:07  [INFO   ]  [T022/SC3/warehouse_loop] 35.1s/180s  pos=(-4.38,-8.31)  dist=16.39m  cmd=(-0.00,0.00)  mpc_ok=100%  solve=54.6ms
2026-04-28T16:48:13  [INFO   ]  [T022/SC3/warehouse_loop] 40.1s/180s  pos=(-4.54,-8.40)  dist=16.55m  cmd=(-0.00,-0.00)  mpc_ok=100%  solve=79.4ms
2026-04-28T16:48:18  [INFO   ]  [T022/SC3/warehouse_loop] 45.1s/180s  pos=(-4.56,-8.33)  dist=16.56m  cmd=(0.23,-0.00)  mpc_ok=100%  solve=60.6ms
2026-04-28T16:48:18  [WARNING]  [T022/SC3/warehouse_loop] early termination — insufficient progress over 30s (Δ=0.020 < 0.02)
2026-04-28T16:48:18  [INFO   ]  [T022/SC3/warehouse_loop] nav done — goals 0/4 (0%)  elapsed=45s  failure=early_term: insufficient progress over 30s (Δ=0.020 < 0.02)
2026-04-28T16:48:18  [DEBUG  ]  RosbagRecorder stopped  pid=136906
2026-04-28T16:48:18  [INFO   ]    → sc=warehouse_loop  goals=0%  score=0.330  weighted=0.0825  running=0.1423  dist=17.95  obs=1.000  scans=407
2026-04-28T16:48:18  [INFO   ]  ── Scenario 4/6: warehouse_cross_aisle  (3 goals)  weight=0.20 ──
2026-04-28T16:48:18  [INFO   ]  [T022/SC4/warehouse_cross_aisle] starting
2026-04-28T16:48:18  [INFO   ]    [sim] reusing Gazebo for world=warehouse.world  — resetting robot pose
2026-04-28T16:48:19  [DEBUG  ]    [sim] reset strategy 'gz service /world/warehouse/set_pose' returned 255 — trying next
2026-04-28T16:48:19  [INFO   ]    [sim] robot reset via 'ign service /world/warehouse/set_pose'  pos=(-4.00, 8.00)  heading=-1.571
2026-04-28T16:48:22  [DEBUG  ]    [sim] nav-reset 'redirect goal' ok
2026-04-28T16:48:22  [DEBUG  ]    [sim] nav-reset 'clear /a_star/path' ok
2026-04-28T16:48:22  [DEBUG  ]    [sim] nav-reset 'clear /mpc/predicted_path' ok
2026-04-28T16:48:22  [DEBUG  ]    [sim] nav-reset 'clear global costmap' returned 1
2026-04-28T16:48:22  [DEBUG  ]    [sim] nav-reset 'clear local costmap' returned 1
2026-04-28T16:48:22  [INFO   ]    [sim] nav state flushed — planner redirected to (-4.00, 2.00)
2026-04-28T16:48:22  [DEBUG  ]  RosbagRecorder started  pid=137692  dir=/media/lorenzo/writable/Go2_navigation/tuning_results/trial_022/scenario_warehouse_cross_aisle/rosbag
2026-04-28T16:48:22  [INFO   ]  [T022/SC4/warehouse_cross_aisle] waiting 10s for Gazebo bridge…
2026-04-28T16:48:32  [INFO   ]  [T022/SC4/warehouse_cross_aisle] spawning obstacles…
2026-04-28T16:48:56  [INFO   ]  [T022/SC4/warehouse_cross_aisle] waiting 20s for planner…
2026-04-28T16:49:06  [DEBUG  ]  [T022/SC4/warehouse_cross_aisle] heartbeat — 10s remaining
2026-04-28T16:49:16  [INFO   ]  [T022/SC4/warehouse_cross_aisle] nav started — 3 goal(s), timeout=150s
2026-04-28T16:49:16  [INFO   ]  [T022/SC4/warehouse_cross_aisle] 0.0s/150s  waiting for pose…
2026-04-28T16:49:16  [DEBUG  ]  [T022/SC4/warehouse_cross_aisle] initial_dist set from first pose: 4.23m  pos=(-4.88,-2.14)
2026-04-28T16:49:21  [INFO   ]  [T022/SC4/warehouse_cross_aisle] 5.1s/150s  pos=(-4.66,-3.15)  dist=5.19m  cmd=(0.80,-0.29)  mpc_ok=100%  solve=59.9ms
2026-04-28T16:49:26  [INFO   ]  [T022/SC4/warehouse_cross_aisle] 10.1s/150s  pos=(-4.24,-4.10)  dist=6.10m  cmd=(0.80,0.09)  mpc_ok=100%  solve=47.1ms
2026-04-28T16:49:31  [INFO   ]  [T022/SC4/warehouse_cross_aisle] 15.1s/150s  pos=(-3.97,-5.09)  dist=7.09m  cmd=(0.38,0.04)  mpc_ok=100%  solve=52.8ms
2026-04-28T16:49:36  [INFO   ]  [T022/SC4/warehouse_cross_aisle] 20.1s/150s  pos=(-3.98,-5.62)  dist=7.62m  cmd=(0.26,0.01)  mpc_ok=100%  solve=36.9ms
2026-04-28T16:49:41  [INFO   ]  [T022/SC4/warehouse_cross_aisle] 25.2s/150s  pos=(-3.99,-6.07)  dist=8.07m  cmd=(0.32,0.01)  mpc_ok=100%  solve=36.7ms
2026-04-28T16:49:46  [INFO   ]  [T022/SC4/warehouse_cross_aisle] 30.2s/150s  pos=(-4.00,-6.54)  dist=8.54m  cmd=(0.23,0.01)  mpc_ok=100%  solve=42.6ms
2026-04-28T16:49:51  [INFO   ]  [T022/SC4/warehouse_cross_aisle] 35.2s/150s  pos=(-4.00,-7.07)  dist=9.07m  cmd=(0.19,0.00)  mpc_ok=100%  solve=39.9ms
2026-04-28T16:49:57  [INFO   ]  [T022/SC4/warehouse_cross_aisle] 40.2s/150s  pos=(-4.00,-7.53)  dist=9.53m  cmd=(0.22,-0.01)  mpc_ok=100%  solve=43.7ms
2026-04-28T16:50:02  [INFO   ]  [T022/SC4/warehouse_cross_aisle] 45.2s/150s  pos=(-4.00,-7.92)  dist=9.92m  cmd=(0.07,0.00)  mpc_ok=100%  solve=52.7ms
2026-04-28T16:50:07  [INFO   ]  [T022/SC4/warehouse_cross_aisle] 50.2s/150s  pos=(-4.06,-8.13)  dist=10.13m  cmd=(0.14,0.00)  mpc_ok=100%  solve=75.0ms
2026-04-28T16:50:12  [INFO   ]  [T022/SC4/warehouse_cross_aisle] 55.3s/150s  pos=(-3.95,-7.74)  dist=9.74m  cmd=(-0.02,-0.04)  mpc_ok=100%  solve=60.4ms
2026-04-28T16:50:17  [INFO   ]  [T022/SC4/warehouse_cross_aisle] 60.3s/150s  pos=(-4.02,-7.05)  dist=9.05m  cmd=(0.13,-0.02)  mpc_ok=100%  solve=136.4ms
2026-04-28T16:50:19  [WARNING]  [T022/SC4/warehouse_cross_aisle] early termination — insufficient progress over 30s (Δ=0.001 < 0.02)
2026-04-28T16:50:19  [INFO   ]  [T022/SC4/warehouse_cross_aisle] nav done — goals 0/3 (0%)  elapsed=63s  failure=early_term: insufficient progress over 30s (Δ=0.001 < 0.02)
2026-04-28T16:50:20  [DEBUG  ]  RosbagRecorder stopped  pid=137692
2026-04-28T16:50:20  [INFO   ]    → sc=warehouse_cross_aisle  goals=0%  score=0.364  weighted=0.0729  running=0.2152  dist=8.00  obs=0.999  scans=565
2026-04-28T16:50:20  [INFO   ]  ── Scenario 5/6: office_traverse  (3 goals)  weight=0.20 ──
2026-04-28T16:50:20  [INFO   ]  [T022/SC5/office_traverse] starting
2026-04-28T16:50:20  [DEBUG  ]  Sending SIGTERM to sim_launch  pgid=136429
2026-04-28T16:50:20  [DEBUG  ]  sim_launch exited cleanly
2026-04-28T16:50:28  [DEBUG  ]    [sim] killed
2026-04-28T16:50:39  [INFO   ]    [sim] launched  pid=137981  world=indoor_office.world
2026-04-28T16:50:39  [DEBUG  ]  RosbagRecorder started  pid=138458  dir=/media/lorenzo/writable/Go2_navigation/tuning_results/trial_022/scenario_office_traverse/rosbag
2026-04-28T16:50:39  [INFO   ]  [T022/SC5/office_traverse] waiting 10s for Gazebo bridge…
2026-04-28T16:50:49  [INFO   ]  [T022/SC5/office_traverse] spawning obstacles…
2026-04-28T16:51:13  [INFO   ]  [T022/SC5/office_traverse] waiting 20s for planner…
2026-04-28T16:51:23  [DEBUG  ]  [T022/SC5/office_traverse] heartbeat — 10s remaining
2026-04-28T16:51:33  [INFO   ]  [T022/SC5/office_traverse] nav started — 3 goal(s), timeout=150s
2026-04-28T16:51:33  [INFO   ]  [T022/SC5/office_traverse] 0.0s/150s  waiting for pose…
2026-04-28T16:51:33  [DEBUG  ]  [T022/SC5/office_traverse] initial_dist set from first pose: 8.16m  pos=(-1.88,-5.66)
2026-04-28T16:51:38  [INFO   ]  [T022/SC5/office_traverse] 5.0s/150s  pos=(-2.45,-4.93)  dist=8.12m  cmd=(0.80,-0.00)  mpc_ok=100%  solve=38.1ms
2026-04-28T16:51:43  [INFO   ]  [T022/SC5/office_traverse] 10.0s/150s  pos=(-3.39,-4.60)  dist=8.70m  cmd=(0.80,0.20)  mpc_ok=100%  solve=39.6ms
2026-04-28T16:51:48  [INFO   ]  [T022/SC5/office_traverse] 15.0s/150s  pos=(-4.38,-4.36)  dist=9.45m  cmd=(0.48,0.01)  mpc_ok=100%  solve=72.9ms
2026-04-28T16:51:53  [INFO   ]  [T022/SC5/office_traverse] 20.1s/150s  pos=(-4.70,-3.65)  dist=9.43m  cmd=(0.80,0.04)  mpc_ok=100%  solve=90.1ms
2026-04-28T16:51:58  [INFO   ]  [T022/SC5/office_traverse] 25.1s/150s  pos=(-4.82,-2.54)  dist=9.18m  cmd=(0.63,-0.21)  mpc_ok=100%  solve=82.1ms
2026-04-28T16:52:03  [INFO   ]  [T022/SC5/office_traverse] 30.1s/150s  pos=(-4.20,-3.17)  dist=8.79m  cmd=(-0.07,0.30)  mpc_ok=100%  solve=37.9ms
2026-04-28T16:52:08  [INFO   ]  [T022/SC5/office_traverse] 35.1s/150s  pos=(-5.05,-3.07)  dist=9.56m  cmd=(0.80,-0.30)  mpc_ok=100%  solve=51.5ms
2026-04-28T16:52:13  [INFO   ]  [T022/SC5/office_traverse] 40.1s/150s  pos=(-5.19,-1.76)  dist=9.36m  cmd=(0.17,-0.30)  mpc_ok=100%  solve=92.4ms
2026-04-28T16:52:18  [INFO   ]  [T022/SC5/office_traverse] 45.1s/150s  pos=(-5.46,-1.73)  dist=9.62m  cmd=(0.80,-0.13)  mpc_ok=100%  solve=52.1ms
2026-04-28T16:52:23  [INFO   ]  [T022/SC5/office_traverse] 50.2s/150s  pos=(-5.97,-1.73)  dist=10.12m  cmd=(0.37,-0.30)  mpc_ok=100%  solve=58.4ms
2026-04-28T16:52:28  [INFO   ]  [T022/SC5/office_traverse] 55.2s/150s  pos=(-5.66,-1.97)  dist=9.85m  cmd=(-0.80,0.21)  mpc_ok=100%  solve=59.5ms
2026-04-28T16:52:33  [INFO   ]  [T022/SC5/office_traverse] 60.2s/150s  pos=(-6.27,-2.89)  dist=10.67m  cmd=(0.66,0.19)  mpc_ok=100%  solve=62.8ms
2026-04-28T16:52:38  [INFO   ]  [T022/SC5/office_traverse] 65.2s/150s  pos=(-6.25,-1.90)  dist=10.43m  cmd=(0.14,0.09)  mpc_ok=100%  solve=42.3ms
2026-04-28T16:52:43  [INFO   ]  [T022/SC5/office_traverse] 70.2s/150s  pos=(-7.02,-1.75)  dist=11.16m  cmd=(0.25,-0.30)  mpc_ok=100%  solve=54.4ms
2026-04-28T16:52:48  [INFO   ]  [T022/SC5/office_traverse] 75.2s/150s  pos=(-6.36,-1.77)  dist=10.52m  cmd=(-0.53,0.19)  mpc_ok=100%  solve=127.5ms
2026-04-28T16:52:53  [INFO   ]  [T022/SC5/office_traverse] 80.2s/150s  pos=(-6.63,-3.52)  dist=11.20m  cmd=(-0.36,0.30)  mpc_ok=100%  solve=38.5ms
2026-04-28T16:52:58  [INFO   ]  [T022/SC5/office_traverse] 85.3s/150s  pos=(-7.83,-3.94)  dist=12.47m  cmd=(0.12,-0.23)  mpc_ok=100%  solve=37.4ms
2026-04-28T16:53:03  [INFO   ]  [T022/SC5/office_traverse] 90.3s/150s  pos=(-6.64,-3.34)  dist=11.15m  cmd=(-0.06,-0.30)  mpc_ok=100%  solve=51.5ms
2026-04-28T16:53:05  [WARNING]  [T022/SC5/office_traverse] early termination — insufficient progress over 30s (Δ=0.001 < 0.02)
2026-04-28T16:53:05  [INFO   ]  [T022/SC5/office_traverse] nav done — goals 0/3 (0%)  elapsed=92s  failure=early_term: insufficient progress over 30s (Δ=0.001 < 0.02)
2026-04-28T16:53:05  [DEBUG  ]  RosbagRecorder stopped  pid=138458
2026-04-28T16:53:05  [INFO   ]    → sc=office_traverse  goals=0%  score=0.296  weighted=0.0591  running=0.2743  dist=17.51  obs=0.939  scans=831
2026-04-28T16:53:05  [INFO   ]  ── Scenario 6/6: office_corridor  (3 goals)  weight=0.15 ──
2026-04-28T16:53:05  [INFO   ]  [T022/SC6/office_corridor] starting
2026-04-28T16:53:05  [INFO   ]    [sim] reusing Gazebo for world=indoor_office.world  — resetting robot pose
2026-04-28T16:53:06  [DEBUG  ]    [sim] reset strategy 'gz service /world/indoor_office/set_pose' returned 255 — trying next
2026-04-28T16:53:06  [INFO   ]    [sim] robot reset via 'ign service /world/indoor_office/set_pose'  pos=(-4.00, -6.00)  heading=1.571
2026-04-28T16:53:09  [DEBUG  ]    [sim] nav-reset 'redirect goal' ok
2026-04-28T16:53:09  [DEBUG  ]    [sim] nav-reset 'clear /a_star/path' ok
2026-04-28T16:53:09  [DEBUG  ]    [sim] nav-reset 'clear /mpc/predicted_path' ok
2026-04-28T16:53:09  [DEBUG  ]    [sim] nav-reset 'clear global costmap' returned 1
2026-04-28T16:53:09  [DEBUG  ]    [sim] nav-reset 'clear local costmap' returned 1
2026-04-28T16:53:09  [INFO   ]    [sim] nav state flushed — planner redirected to (-4.00, 0.00)
2026-04-28T16:53:09  [DEBUG  ]  RosbagRecorder started  pid=139198  dir=/media/lorenzo/writable/Go2_navigation/tuning_results/trial_022/scenario_office_corridor/rosbag
2026-04-28T16:53:09  [INFO   ]  [T022/SC6/office_corridor] waiting 10s for Gazebo bridge…
2026-04-28T16:53:19  [INFO   ]  [T022/SC6/office_corridor] spawning obstacles…
2026-04-28T16:53:43  [INFO   ]  [T022/SC6/office_corridor] waiting 20s for planner…
2026-04-28T16:53:53  [DEBUG  ]  [T022/SC6/office_corridor] heartbeat — 10s remaining
2026-04-28T16:54:03  [INFO   ]  [T022/SC6/office_corridor] nav started — 3 goal(s), timeout=150s
2026-04-28T16:54:04  [INFO   ]  [T022/SC6/office_corridor] 0.0s/150s  waiting for pose…
2026-04-28T16:54:04  [DEBUG  ]  [T022/SC6/office_corridor] initial_dist set from first pose: 3.85m  pos=(-4.40,-3.83)
2026-04-28T16:54:09  [INFO   ]  [T022/SC6/office_corridor] 5.0s/150s  pos=(-4.40,-3.83)  dist=3.85m  cmd=(-0.00,-0.00)  mpc_ok=0%  solve=0.4ms
2026-04-28T16:54:14  [INFO   ]  [T022/SC6/office_corridor] 10.0s/150s  pos=(-4.40,-3.83)  dist=3.85m  cmd=(-0.00,-0.00)  mpc_ok=0%  solve=0.5ms
2026-04-28T16:54:19  [INFO   ]  [T022/SC6/office_corridor] 15.0s/150s  pos=(-4.40,-3.83)  dist=3.85m  cmd=(-0.00,-0.00)  mpc_ok=0%  solve=0.5ms
2026-04-28T16:54:24  [INFO   ]  [T022/SC6/office_corridor] 20.1s/150s  pos=(-4.40,-3.83)  dist=3.85m  cmd=(-0.00,-0.00)  mpc_ok=0%  solve=0.5ms
2026-04-28T16:54:29  [INFO   ]  [T022/SC6/office_corridor] 25.1s/150s  pos=(-4.40,-3.83)  dist=3.85m  cmd=(-0.00,-0.00)  mpc_ok=0%  solve=0.6ms
2026-04-28T16:54:34  [WARNING]  [T022/SC6/office_corridor] early termination — MPC success rate 0% < 70%
2026-04-28T16:54:34  [INFO   ]  [T022/SC6/office_corridor] nav done — goals 0/3 (0%)  elapsed=30s  failure=early_term: MPC success rate 0% < 70%
2026-04-28T16:54:34  [DEBUG  ]  RosbagRecorder stopped  pid=139198
2026-04-28T16:54:34  [INFO   ]    → sc=office_corridor  goals=0%  score=0.260  weighted=0.0390  running=0.3133  dist=11.23  obs=1.000  scans=285
2026-04-28T16:54:34  [DEBUG  ]  Sending SIGTERM to sim_launch  pgid=137981
2026-04-28T16:54:34  [DEBUG  ]  sim_launch exited cleanly
2026-04-28T16:54:42  [DEBUG  ]    [sim] killed
2026-04-28T16:54:42  [INFO   ]  [GP] fitting on 22 observations…
2026-04-28T16:54:42  [INFO   ]  [GP] active  noise=0.9990  gp_mean=0.3411±0.0347  top5=mpc_Q_x=0.703  mpc_Q_yaw=0.114  grid_std=0.108  mpc_Q_y=0.032  mpc_Q_terminal=0.023
2026-04-28T16:54:42  [DEBUG  ]  [GP] model checkpoint saved  /media/lorenzo/writable/Go2_navigation/tuning_results/trial_022/gp_data/gp_model.joblib
2026-04-28T16:54:42  [DEBUG  ]  [GP] checkpoint written  /media/lorenzo/writable/Go2_navigation/tuning_results/trial_022/gp_data
2026-04-28T16:54:44  [DEBUG  ]  [plot] gp_marginals saved  /media/lorenzo/writable/Go2_navigation/tuning_results/gp_marginals.png
2026-04-28T16:54:44  [DEBUG  ]  [plot] gp_fitted_vs_actual saved  /media/lorenzo/writable/Go2_navigation/tuning_results/gp_fitted_vs_actual.png
2026-04-28T16:54:44  [DEBUG  ]  [disk] removed bag  /media/lorenzo/writable/Go2_navigation/tuning_results/trial_017/scenario_open_zigzag/rosbag
2026-04-28T16:54:44  [DEBUG  ]  [disk] removed bag  /media/lorenzo/writable/Go2_navigation/tuning_results/trial_017/scenario_office_corridor/rosbag
2026-04-28T16:54:44  [DEBUG  ]  [disk] removed bag  /media/lorenzo/writable/Go2_navigation/tuning_results/trial_017/scenario_warehouse_loop/rosbag
2026-04-28T16:54:44  [DEBUG  ]  [disk] removed bag  /media/lorenzo/writable/Go2_navigation/tuning_results/trial_017/scenario_office_traverse/rosbag
2026-04-28T16:54:44  [DEBUG  ]  [disk] removed bag  /media/lorenzo/writable/Go2_navigation/tuning_results/trial_017/scenario_warehouse_cross_aisle/rosbag
2026-04-28T16:54:44  [DEBUG  ]  [disk] removed bag  /media/lorenzo/writable/Go2_navigation/tuning_results/trial_017/scenario_open_square/rosbag
2026-04-28T16:54:44  [INFO   ]  [trial 022/50]  aggregate=0.3133  best=0.4041(t019)  elapsed=11.7min  GP=active(n=22)
2026-04-28T16:54:44  [INFO   ]  ============================================================
2026-04-28T16:54:44  [INFO   ]  Trial 023/50  [TPE-GUIDED]  2026-04-28T16:54:44  ETA ~234min
2026-04-28T16:54:44  [INFO   ]  Params: {'grid_std': '0.116', 'mpc_Q_terminal': '260.032', 'mpc_Q_x': '200.687', 'mpc_Q_y': '141.928', 'mpc_Q_yaw': '14.817', 'mpc_W_obs_sigmoid': '356.337'}
2026-04-28T16:54:44  [INFO   ]  ============================================================
2026-04-28T16:54:44  [INFO   ]  ── Scenario 1/6: open_square  (3 goals)  weight=0.10 ──
2026-04-28T16:54:44  [INFO   ]  [T023/SC1/open_square] starting
2026-04-28T16:54:54  [INFO   ]    [sim] launched  pid=139508  world=default.sdf
2026-04-28T16:54:54  [DEBUG  ]  RosbagRecorder started  pid=139986  dir=/media/lorenzo/writable/Go2_navigation/tuning_results/trial_023/scenario_open_square/rosbag
2026-04-28T16:54:54  [INFO   ]  [T023/SC1/open_square] waiting 10s for Gazebo bridge…
2026-04-28T16:55:04  [INFO   ]  [T023/SC1/open_square] spawning obstacles…
2026-04-28T16:55:28  [INFO   ]  [T023/SC1/open_square] waiting 20s for planner…
2026-04-28T16:55:38  [DEBUG  ]  [T023/SC1/open_square] heartbeat — 10s remaining
2026-04-28T16:55:48  [INFO   ]  [T023/SC1/open_square] nav started — 3 goal(s), timeout=300s
2026-04-28T16:55:48  [INFO   ]  [T023/SC1/open_square] 0.0s/300s  waiting for pose…
2026-04-28T16:55:48  [DEBUG  ]  [T023/SC1/open_square] initial_dist set from first pose: 2.30m  pos=(5.41,-1.66)
2026-04-28T16:55:53  [INFO   ]  [T023/SC1/open_square] 5.0s/300s  pos=(6.04,-1.04)  dist=1.42m  cmd=(0.77,0.04)  mpc_ok=100%  solve=102.1ms
2026-04-28T16:55:58  [INFO   ]  [T023/SC1/open_square] 10.1s/300s  pos=(6.68,-0.45)  dist=0.55m  cmd=(0.29,-0.00)  mpc_ok=100%  solve=38.5ms
2026-04-28T16:55:59  [INFO   ]  [T023/SC1/open_square] goal 1/3 reached  pos=(6.72,-0.41)  elapsed=10s
2026-04-28T16:56:03  [INFO   ]  [T023/SC1/open_square] 4.8s/300s  pos=(6.77,-0.35)  dist=6.35m  cmd=(0.18,0.01)  mpc_ok=100%  solve=44.8ms
2026-04-28T16:56:08  [INFO   ]  [T023/SC1/open_square] 9.8s/300s  pos=(6.77,-0.35)  dist=6.35m  cmd=(0.12,-0.01)  mpc_ok=100%  solve=40.9ms
2026-04-28T16:56:13  [INFO   ]  [T023/SC1/open_square] 14.8s/300s  pos=(6.77,-0.35)  dist=6.36m  cmd=(0.11,-0.01)  mpc_ok=100%  solve=42.5ms
2026-04-28T16:56:18  [INFO   ]  [T023/SC1/open_square] 19.8s/300s  pos=(6.79,-0.35)  dist=6.35m  cmd=(0.04,0.00)  mpc_ok=100%  solve=42.1ms
2026-04-28T16:56:23  [INFO   ]  [T023/SC1/open_square] 24.8s/300s  pos=(6.78,-0.34)  dist=6.35m  cmd=(0.02,0.00)  mpc_ok=100%  solve=42.2ms
2026-04-28T16:56:28  [INFO   ]  [T023/SC1/open_square] 29.8s/300s  pos=(6.78,-0.34)  dist=6.34m  cmd=(0.00,0.00)  mpc_ok=100%  solve=38.9ms
2026-04-28T16:56:29  [WARNING]  [T023/SC1/open_square] early termination — insufficient progress over 30s (Δ=0.008 < 0.02)
2026-04-28T16:56:29  [INFO   ]  [T023/SC1/open_square] nav done — goals 1/3 (33%)  elapsed=30s  failure=early_term: insufficient progress over 30s (Δ=0.008 < 0.02)
2026-04-28T16:56:30  [DEBUG  ]  RosbagRecorder stopped  pid=139986
2026-04-28T16:56:30  [INFO   ]    → sc=open_square  goals=33%  score=0.393  weighted=0.0393  running=0.0393  dist=10.01  obs=1.000  scans=25
2026-04-28T16:56:30  [INFO   ]  ── Scenario 2/6: open_zigzag  (3 goals)  weight=0.10 ──
2026-04-28T16:56:30  [INFO   ]  [T023/SC2/open_zigzag] starting
2026-04-28T16:56:30  [INFO   ]    [sim] reusing Gazebo for world=default.sdf  — resetting robot pose
2026-04-28T16:56:30  [DEBUG  ]    [sim] reset strategy 'gz service /world/default/set_pose' returned 255 — trying next
2026-04-28T16:56:30  [INFO   ]    [sim] robot reset via 'ign service /world/default/set_pose'  pos=(0.00, 0.00)  heading=0.000
2026-04-28T16:56:34  [DEBUG  ]    [sim] nav-reset 'redirect goal' ok
2026-04-28T16:56:34  [DEBUG  ]    [sim] nav-reset 'clear /a_star/path' ok
2026-04-28T16:56:34  [DEBUG  ]    [sim] nav-reset 'clear /mpc/predicted_path' ok
2026-04-28T16:56:34  [DEBUG  ]    [sim] nav-reset 'clear global costmap' returned 1
2026-04-28T16:56:34  [DEBUG  ]    [sim] nav-reset 'clear local costmap' returned 1
2026-04-28T16:56:34  [INFO   ]    [sim] nav state flushed — planner redirected to (-6.00, 3.00)
2026-04-28T16:56:34  [DEBUG  ]  RosbagRecorder started  pid=140727  dir=/media/lorenzo/writable/Go2_navigation/tuning_results/trial_023/scenario_open_zigzag/rosbag
2026-04-28T16:56:34  [INFO   ]  [T023/SC2/open_zigzag] waiting 10s for Gazebo bridge…
2026-04-28T16:56:44  [INFO   ]  [T023/SC2/open_zigzag] spawning obstacles…
2026-04-28T16:57:08  [INFO   ]  [T023/SC2/open_zigzag] waiting 20s for planner…
2026-04-28T16:57:18  [DEBUG  ]  [T023/SC2/open_zigzag] heartbeat — 10s remaining
2026-04-28T16:57:28  [INFO   ]  [T023/SC2/open_zigzag] nav started — 3 goal(s), timeout=300s
2026-04-28T16:57:28  [DEBUG  ]  [T023/SC2/open_zigzag] initial_dist set from first pose: 0.40m  pos=(-6.04,2.60)
2026-04-28T16:57:28  [INFO   ]  [T023/SC2/open_zigzag] goal 1/3 reached  pos=(-6.04,2.60)  elapsed=0s
2026-04-28T16:57:28  [INFO   ]  [T023/SC2/open_zigzag] 0.0s/300s  pos=(-6.04,2.60)  dist=0.40m  cmd=(0.00,0.00)  mpc_ok=nan%  solve=nanms
2026-04-28T16:57:33  [INFO   ]  [T023/SC2/open_zigzag] 5.0s/300s  pos=(-6.03,2.60)  dist=12.50m  cmd=(0.04,-0.00)  mpc_ok=100%  solve=37.5ms
2026-04-28T16:57:38  [INFO   ]  [T023/SC2/open_zigzag] 10.0s/300s  pos=(-6.03,2.62)  dist=12.50m  cmd=(0.00,-0.00)  mpc_ok=100%  solve=37.8ms
2026-04-28T16:57:43  [INFO   ]  [T023/SC2/open_zigzag] 15.0s/300s  pos=(-6.04,2.63)  dist=12.50m  cmd=(0.00,-0.00)  mpc_ok=100%  solve=43.3ms
2026-04-28T16:57:48  [INFO   ]  [T023/SC2/open_zigzag] 20.1s/300s  pos=(-6.05,2.63)  dist=12.51m  cmd=(0.00,-0.00)  mpc_ok=100%  solve=36.9ms
2026-04-28T16:57:53  [INFO   ]  [T023/SC2/open_zigzag] 25.1s/300s  pos=(-6.05,2.64)  dist=12.51m  cmd=(0.00,-0.00)  mpc_ok=100%  solve=38.7ms
2026-04-28T16:57:58  [INFO   ]  [T023/SC2/open_zigzag] 30.1s/300s  pos=(-6.04,2.64)  dist=12.50m  cmd=(0.00,-0.00)  mpc_ok=100%  solve=36.7ms
2026-04-28T16:57:59  [WARNING]  [T023/SC2/open_zigzag] early termination — insufficient progress over 30s (Δ=0.000 < 0.02)
2026-04-28T16:57:59  [INFO   ]  [T023/SC2/open_zigzag] nav done — goals 1/3 (33%)  elapsed=30s  failure=early_term: insufficient progress over 30s (Δ=0.000 < 0.02)
2026-04-28T16:58:00  [DEBUG  ]  RosbagRecorder stopped  pid=140727
2026-04-28T16:58:00  [INFO   ]    → sc=open_zigzag  goals=33%  score=0.271  weighted=0.0271  running=0.0663  dist=6.37  obs=0.000  scans=0
2026-04-28T16:58:00  [INFO   ]  ── Scenario 3/6: warehouse_loop  (4 goals)  weight=0.25 ──
2026-04-28T16:58:00  [INFO   ]  [T023/SC3/warehouse_loop] starting
2026-04-28T16:58:00  [DEBUG  ]  Sending SIGTERM to sim_launch  pgid=139508
2026-04-28T16:58:00  [DEBUG  ]  sim_launch exited cleanly
2026-04-28T16:58:08  [DEBUG  ]    [sim] killed
2026-04-28T16:58:18  [INFO   ]    [sim] launched  pid=141019  world=warehouse.world
2026-04-28T16:58:18  [DEBUG  ]  RosbagRecorder started  pid=141496  dir=/media/lorenzo/writable/Go2_navigation/tuning_results/trial_023/scenario_warehouse_loop/rosbag
2026-04-28T16:58:18  [INFO   ]  [T023/SC3/warehouse_loop] waiting 10s for Gazebo bridge…
2026-04-28T16:58:28  [INFO   ]  [T023/SC3/warehouse_loop] spawning obstacles…
2026-04-28T16:58:59  [INFO   ]  [T023/SC3/warehouse_loop] waiting 20s for planner…
2026-04-28T16:59:09  [DEBUG  ]  [T023/SC3/warehouse_loop] heartbeat — 10s remaining
2026-04-28T16:59:19  [INFO   ]  [T023/SC3/warehouse_loop] nav started — 4 goal(s), timeout=180s
2026-04-28T16:59:19  [DEBUG  ]  [T023/SC3/warehouse_loop] initial_dist set from first pose: 17.98m  pos=(-5.98,-8.27)
2026-04-28T16:59:19  [INFO   ]  [T023/SC3/warehouse_loop] 0.0s/180s  pos=(-5.98,-8.27)  dist=17.98m  cmd=(0.00,0.00)  mpc_ok=nan%  solve=nanms
2026-04-28T16:59:24  [INFO   ]  [T023/SC3/warehouse_loop] 5.1s/180s  pos=(-5.50,-8.28)  dist=17.50m  cmd=(0.19,0.00)  mpc_ok=100%  solve=46.5ms
2026-04-28T16:59:29  [INFO   ]  [T023/SC3/warehouse_loop] 10.1s/180s  pos=(-5.05,-8.27)  dist=17.05m  cmd=(0.15,-0.00)  mpc_ok=100%  solve=33.5ms
2026-04-28T16:59:34  [INFO   ]  [T023/SC3/warehouse_loop] 15.1s/180s  pos=(-4.65,-8.28)  dist=16.66m  cmd=(0.11,0.00)  mpc_ok=100%  solve=29.0ms
2026-04-28T16:59:39  [INFO   ]  [T023/SC3/warehouse_loop] 20.1s/180s  pos=(-4.15,-8.28)  dist=16.15m  cmd=(0.27,-0.00)  mpc_ok=100%  solve=28.0ms
2026-04-28T16:59:44  [INFO   ]  [T023/SC3/warehouse_loop] 25.1s/180s  pos=(-3.72,-8.29)  dist=15.73m  cmd=(0.25,-0.01)  mpc_ok=100%  solve=38.0ms
2026-04-28T16:59:49  [INFO   ]  [T023/SC3/warehouse_loop] 30.2s/180s  pos=(-3.78,-8.30)  dist=15.78m  cmd=(0.00,-0.00)  mpc_ok=100%  solve=54.2ms
2026-04-28T16:59:54  [INFO   ]  [T023/SC3/warehouse_loop] 35.2s/180s  pos=(-3.96,-8.28)  dist=15.97m  cmd=(-0.00,0.00)  mpc_ok=100%  solve=75.0ms
2026-04-28T16:59:59  [INFO   ]  [T023/SC3/warehouse_loop] 40.2s/180s  pos=(-3.96,-8.28)  dist=15.97m  cmd=(-0.00,0.00)  mpc_ok=100%  solve=71.8ms
2026-04-28T17:00:04  [INFO   ]  [T023/SC3/warehouse_loop] 45.2s/180s  pos=(-3.96,-8.28)  dist=15.97m  cmd=(-0.00,0.00)  mpc_ok=100%  solve=78.4ms
2026-04-28T17:00:08  [WARNING]  [T023/SC3/warehouse_loop] early termination — insufficient progress over 30s (Δ=0.020 < 0.02)
2026-04-28T17:00:08  [INFO   ]  [T023/SC3/warehouse_loop] nav done — goals 0/4 (0%)  elapsed=49s  failure=early_term: insufficient progress over 30s (Δ=0.020 < 0.02)
2026-04-28T17:00:09  [DEBUG  ]  RosbagRecorder stopped  pid=141496
2026-04-28T17:00:09  [INFO   ]    → sc=warehouse_loop  goals=0%  score=0.330  weighted=0.0825  running=0.1488  dist=18.16  obs=1.000  scans=445
2026-04-28T17:00:09  [INFO   ]  ── Scenario 4/6: warehouse_cross_aisle  (3 goals)  weight=0.20 ──
2026-04-28T17:00:09  [INFO   ]  [T023/SC4/warehouse_cross_aisle] starting
2026-04-28T17:00:09  [INFO   ]    [sim] reusing Gazebo for world=warehouse.world  — resetting robot pose
2026-04-28T17:00:09  [DEBUG  ]    [sim] reset strategy 'gz service /world/warehouse/set_pose' returned 255 — trying next
2026-04-28T17:00:09  [INFO   ]    [sim] robot reset via 'ign service /world/warehouse/set_pose'  pos=(-4.00, 8.00)  heading=-1.571
2026-04-28T17:00:12  [DEBUG  ]    [sim] nav-reset 'redirect goal' ok
2026-04-28T17:00:13  [DEBUG  ]    [sim] nav-reset 'clear /a_star/path' ok
2026-04-28T17:00:13  [DEBUG  ]    [sim] nav-reset 'clear /mpc/predicted_path' ok
2026-04-28T17:00:13  [DEBUG  ]    [sim] nav-reset 'clear global costmap' returned 1
2026-04-28T17:00:13  [DEBUG  ]    [sim] nav-reset 'clear local costmap' returned 1
2026-04-28T17:00:13  [INFO   ]    [sim] nav state flushed — planner redirected to (-4.00, 2.00)
2026-04-28T17:00:13  [DEBUG  ]  RosbagRecorder started  pid=142282  dir=/media/lorenzo/writable/Go2_navigation/tuning_results/trial_023/scenario_warehouse_cross_aisle/rosbag
2026-04-28T17:00:13  [INFO   ]  [T023/SC4/warehouse_cross_aisle] waiting 10s for Gazebo bridge…
2026-04-28T17:00:23  [INFO   ]  [T023/SC4/warehouse_cross_aisle] spawning obstacles…
2026-04-28T17:00:47  [INFO   ]  [T023/SC4/warehouse_cross_aisle] waiting 20s for planner…
2026-04-28T17:00:57  [DEBUG  ]  [T023/SC4/warehouse_cross_aisle] heartbeat — 10s remaining
2026-04-28T17:01:07  [INFO   ]  [T023/SC4/warehouse_cross_aisle] nav started — 3 goal(s), timeout=150s
2026-04-28T17:01:07  [INFO   ]  [T023/SC4/warehouse_cross_aisle] 0.0s/150s  waiting for pose…
2026-04-28T17:01:07  [DEBUG  ]  [T023/SC4/warehouse_cross_aisle] initial_dist set from first pose: 5.01m  pos=(-4.31,-3.00)
2026-04-28T17:01:12  [INFO   ]  [T023/SC4/warehouse_cross_aisle] 5.0s/150s  pos=(-3.96,-3.95)  dist=5.95m  cmd=(0.78,0.06)  mpc_ok=100%  solve=88.6ms
2026-04-28T17:01:17  [INFO   ]  [T023/SC4/warehouse_cross_aisle] 10.1s/150s  pos=(-4.05,-4.93)  dist=6.93m  cmd=(0.19,0.01)  mpc_ok=100%  solve=81.9ms
2026-04-28T17:01:22  [INFO   ]  [T023/SC4/warehouse_cross_aisle] 15.1s/150s  pos=(-3.98,-5.33)  dist=7.33m  cmd=(0.09,-0.00)  mpc_ok=100%  solve=58.0ms
2026-04-28T17:01:27  [INFO   ]  [T023/SC4/warehouse_cross_aisle] 20.1s/150s  pos=(-3.99,-5.63)  dist=7.63m  cmd=(0.13,0.02)  mpc_ok=100%  solve=61.8ms
2026-04-28T17:01:32  [INFO   ]  [T023/SC4/warehouse_cross_aisle] 25.1s/150s  pos=(-3.99,-6.19)  dist=8.19m  cmd=(0.18,0.00)  mpc_ok=100%  solve=41.8ms
2026-04-28T17:01:37  [INFO   ]  [T023/SC4/warehouse_cross_aisle] 30.1s/150s  pos=(-4.00,-6.63)  dist=8.63m  cmd=(0.14,0.00)  mpc_ok=100%  solve=48.3ms
2026-04-28T17:01:42  [INFO   ]  [T023/SC4/warehouse_cross_aisle] 35.1s/150s  pos=(-4.00,-7.08)  dist=9.08m  cmd=(0.07,-0.01)  mpc_ok=100%  solve=49.1ms
2026-04-28T17:01:47  [INFO   ]  [T023/SC4/warehouse_cross_aisle] 40.2s/150s  pos=(-4.01,-7.52)  dist=9.52m  cmd=(0.06,0.00)  mpc_ok=100%  solve=50.1ms
2026-04-28T17:01:52  [INFO   ]  [T023/SC4/warehouse_cross_aisle] 45.2s/150s  pos=(-4.01,-7.90)  dist=9.90m  cmd=(0.09,-0.00)  mpc_ok=100%  solve=43.6ms
2026-04-28T17:01:57  [INFO   ]  [T023/SC4/warehouse_cross_aisle] 50.2s/150s  pos=(-4.02,-8.11)  dist=10.11m  cmd=(0.01,-0.00)  mpc_ok=100%  solve=46.4ms
2026-04-28T17:02:02  [INFO   ]  [T023/SC4/warehouse_cross_aisle] 55.2s/150s  pos=(-4.01,-8.10)  dist=10.10m  cmd=(0.00,0.00)  mpc_ok=100%  solve=51.1ms
2026-04-28T17:02:07  [INFO   ]  [T023/SC4/warehouse_cross_aisle] 60.2s/150s  pos=(-4.00,-7.85)  dist=9.85m  cmd=(-0.00,0.00)  mpc_ok=100%  solve=81.2ms
2026-04-28T17:02:12  [INFO   ]  [T023/SC4/warehouse_cross_aisle] 65.2s/150s  pos=(-4.02,-7.47)  dist=9.47m  cmd=(-0.19,0.05)  mpc_ok=100%  solve=60.4ms
2026-04-28T17:02:13  [WARNING]  [T023/SC4/warehouse_cross_aisle] early termination — insufficient progress over 30s (Δ=0.001 < 0.02)
2026-04-28T17:02:13  [INFO   ]  [T023/SC4/warehouse_cross_aisle] nav done — goals 0/3 (0%)  elapsed=67s  failure=early_term: insufficient progress over 30s (Δ=0.001 < 0.02)
2026-04-28T17:02:14  [DEBUG  ]  RosbagRecorder stopped  pid=142282
2026-04-28T17:02:14  [INFO   ]    → sc=warehouse_cross_aisle  goals=0%  score=0.353  weighted=0.0707  running=0.2195  dist=8.06  obs=1.000  scans=626
2026-04-28T17:02:14  [INFO   ]  ── Scenario 5/6: office_traverse  (3 goals)  weight=0.20 ──
2026-04-28T17:02:14  [INFO   ]  [T023/SC5/office_traverse] starting
2026-04-28T17:02:14  [DEBUG  ]  Sending SIGTERM to sim_launch  pgid=141019
2026-04-28T17:02:14  [DEBUG  ]  sim_launch exited cleanly
2026-04-28T17:02:22  [DEBUG  ]    [sim] killed
2026-04-28T17:02:33  [INFO   ]    [sim] launched  pid=142573  world=indoor_office.world
2026-04-28T17:02:33  [DEBUG  ]  RosbagRecorder started  pid=143050  dir=/media/lorenzo/writable/Go2_navigation/tuning_results/trial_023/scenario_office_traverse/rosbag
2026-04-28T17:02:33  [INFO   ]  [T023/SC5/office_traverse] waiting 10s for Gazebo bridge…
2026-04-28T17:02:43  [INFO   ]  [T023/SC5/office_traverse] spawning obstacles…
2026-04-28T17:03:07  [INFO   ]  [T023/SC5/office_traverse] waiting 20s for planner…
2026-04-28T17:03:17  [DEBUG  ]  [T023/SC5/office_traverse] heartbeat — 10s remaining
2026-04-28T17:03:27  [INFO   ]  [T023/SC5/office_traverse] nav started — 3 goal(s), timeout=150s
2026-04-28T17:03:27  [INFO   ]  [T023/SC5/office_traverse] 0.0s/150s  waiting for pose…
2026-04-28T17:03:27  [DEBUG  ]  [T023/SC5/office_traverse] initial_dist set from first pose: 3.53m  pos=(3.77,-3.52)
2026-04-28T17:03:32  [INFO   ]  [T023/SC5/office_traverse] 5.1s/150s  pos=(3.59,-2.01)  dist=2.05m  cmd=(0.27,-0.30)  mpc_ok=95%  solve=102.9ms
2026-04-28T17:03:37  [INFO   ]  [T023/SC5/office_traverse] 10.1s/150s  pos=(4.67,-1.83)  dist=1.95m  cmd=(0.25,0.30)  mpc_ok=100%  solve=54.5ms
2026-04-28T17:03:42  [INFO   ]  [T023/SC5/office_traverse] 15.1s/150s  pos=(3.98,-2.18)  dist=2.18m  cmd=(0.80,-0.01)  mpc_ok=100%  solve=171.5ms
2026-04-28T17:03:47  [INFO   ]  [T023/SC5/office_traverse] 20.1s/150s  pos=(3.17,-1.37)  dist=1.60m  cmd=(0.19,-0.16)  mpc_ok=100%  solve=113.0ms
2026-04-28T17:03:52  [INFO   ]  [T023/SC5/office_traverse] 25.1s/150s  pos=(3.90,-0.80)  dist=0.81m  cmd=(0.16,-0.30)  mpc_ok=100%  solve=59.3ms
2026-04-28T17:03:57  [INFO   ]  [T023/SC5/office_traverse] 30.1s/150s  pos=(4.28,-1.76)  dist=1.79m  cmd=(0.68,0.07)  mpc_ok=100%  solve=59.5ms
2026-04-28T17:04:02  [INFO   ]  [T023/SC5/office_traverse] 35.1s/150s  pos=(3.43,-1.05)  dist=1.20m  cmd=(0.23,-0.30)  mpc_ok=100%  solve=56.4ms
2026-04-28T17:04:04  [INFO   ]  [T023/SC5/office_traverse] goal 1/3 reached  pos=(3.71,-0.41)  elapsed=38s
2026-04-28T17:04:07  [INFO   ]  [T023/SC5/office_traverse] 2.6s/150s  pos=(3.85,-0.46)  dist=4.68m  cmd=(0.35,0.26)  mpc_ok=100%  solve=34.3ms
2026-04-28T17:04:12  [INFO   ]  [T023/SC5/office_traverse] 7.6s/150s  pos=(3.45,0.46)  dist=4.36m  cmd=(0.80,-0.10)  mpc_ok=100%  solve=47.3ms
2026-04-28T17:04:17  [INFO   ]  [T023/SC5/office_traverse] 12.6s/150s  pos=(3.05,1.30)  dist=4.30m  cmd=(0.80,-0.02)  mpc_ok=100%  solve=52.3ms
2026-04-28T17:04:22  [INFO   ]  [T023/SC5/office_traverse] 17.6s/150s  pos=(2.62,2.09)  dist=4.48m  cmd=(0.80,-0.01)  mpc_ok=100%  solve=70.2ms
2026-04-28T17:04:27  [INFO   ]  [T023/SC5/office_traverse] 22.7s/150s  pos=(2.02,2.83)  dist=4.98m  cmd=(0.73,-0.07)  mpc_ok=100%  solve=77.2ms
2026-04-28T17:04:32  [INFO   ]  [T023/SC5/office_traverse] 27.7s/150s  pos=(2.74,3.76)  dist=4.33m  cmd=(0.59,-0.30)  mpc_ok=100%  solve=75.9ms
2026-04-28T17:04:37  [INFO   ]  [T023/SC5/office_traverse] 32.7s/150s  pos=(2.85,4.40)  dist=4.38m  cmd=(0.68,-0.30)  mpc_ok=100%  solve=144.0ms
2026-04-28T17:04:41  [WARNING]  [T023/SC5/office_traverse] early termination — insufficient progress over 30s (Δ=0.019 < 0.02)
2026-04-28T17:04:41  [INFO   ]  [T023/SC5/office_traverse] nav done — goals 1/3 (33%)  elapsed=36s  failure=early_term: insufficient progress over 30s (Δ=0.019 < 0.02)
2026-04-28T17:04:41  [DEBUG  ]  RosbagRecorder stopped  pid=143050
2026-04-28T17:04:41  [INFO   ]    → sc=office_traverse  goals=33%  score=0.421  weighted=0.0841  running=0.3036  dist=5.83  obs=0.982  scans=676
2026-04-28T17:04:41  [INFO   ]  ── Scenario 6/6: office_corridor  (3 goals)  weight=0.15 ──
2026-04-28T17:04:41  [INFO   ]  [T023/SC6/office_corridor] starting
2026-04-28T17:04:41  [INFO   ]    [sim] reusing Gazebo for world=indoor_office.world  — resetting robot pose
2026-04-28T17:04:42  [DEBUG  ]    [sim] reset strategy 'gz service /world/indoor_office/set_pose' returned 255 — trying next
2026-04-28T17:04:42  [INFO   ]    [sim] robot reset via 'ign service /world/indoor_office/set_pose'  pos=(-4.00, -6.00)  heading=1.571
2026-04-28T17:04:45  [DEBUG  ]    [sim] nav-reset 'redirect goal' ok
2026-04-28T17:04:45  [DEBUG  ]    [sim] nav-reset 'clear /a_star/path' ok
2026-04-28T17:04:45  [DEBUG  ]    [sim] nav-reset 'clear /mpc/predicted_path' ok
2026-04-28T17:04:45  [DEBUG  ]    [sim] nav-reset 'clear global costmap' returned 1
2026-04-28T17:04:45  [DEBUG  ]    [sim] nav-reset 'clear local costmap' returned 1
2026-04-28T17:04:45  [INFO   ]    [sim] nav state flushed — planner redirected to (-4.00, 0.00)
2026-04-28T17:04:45  [DEBUG  ]  RosbagRecorder started  pid=143790  dir=/media/lorenzo/writable/Go2_navigation/tuning_results/trial_023/scenario_office_corridor/rosbag
2026-04-28T17:04:45  [INFO   ]  [T023/SC6/office_corridor] waiting 10s for Gazebo bridge…
2026-04-28T17:04:55  [INFO   ]  [T023/SC6/office_corridor] spawning obstacles…
2026-04-28T17:05:19  [INFO   ]  [T023/SC6/office_corridor] waiting 20s for planner…
2026-04-28T17:05:29  [DEBUG  ]  [T023/SC6/office_corridor] heartbeat — 10s remaining
2026-04-28T17:05:39  [INFO   ]  [T023/SC6/office_corridor] nav started — 3 goal(s), timeout=150s
2026-04-28T17:05:39  [INFO   ]  [T023/SC6/office_corridor] 0.0s/150s  waiting for pose…
2026-04-28T17:05:39  [DEBUG  ]  [T023/SC6/office_corridor] initial_dist set from first pose: 3.67m  pos=(-7.41,-1.35)
2026-04-28T17:05:44  [INFO   ]  [T023/SC6/office_corridor] 5.0s/150s  pos=(-7.77,-1.11)  dist=3.93m  cmd=(0.80,-0.28)  mpc_ok=100%  solve=60.7ms
2026-04-28T17:05:49  [INFO   ]  [T023/SC6/office_corridor] 10.1s/150s  pos=(-6.89,0.16)  dist=2.89m  cmd=(0.46,-0.30)  mpc_ok=100%  solve=110.3ms
2026-04-28T17:05:55  [INFO   ]  [T023/SC6/office_corridor] 15.1s/150s  pos=(-5.78,-0.14)  dist=1.79m  cmd=(-0.31,0.30)  mpc_ok=100%  solve=48.5ms
2026-04-28T17:06:00  [INFO   ]  [T023/SC6/office_corridor] 20.1s/150s  pos=(-6.32,-0.80)  dist=2.45m  cmd=(0.38,-0.30)  mpc_ok=100%  solve=72.0ms
2026-04-28T17:06:05  [INFO   ]  [T023/SC6/office_corridor] 25.1s/150s  pos=(-6.88,0.05)  dist=2.88m  cmd=(0.59,-0.29)  mpc_ok=100%  solve=47.7ms
2026-04-28T17:06:10  [WARNING]  [T023/SC6/office_corridor] early termination — insufficient progress over 30s (Δ=0.020 < 0.02)
2026-04-28T17:06:10  [INFO   ]  [T023/SC6/office_corridor] nav done — goals 0/3 (0%)  elapsed=30s  failure=early_term: insufficient progress over 30s (Δ=0.020 < 0.02)
2026-04-28T17:06:10  [DEBUG  ]  RosbagRecorder stopped  pid=143790
2026-04-28T17:06:10  [INFO   ]    → sc=office_corridor  goals=0%  score=0.343  weighted=0.0514  running=0.3550  dist=9.40  obs=0.955  scans=288
2026-04-28T17:06:10  [DEBUG  ]  Sending SIGTERM to sim_launch  pgid=142573
2026-04-28T17:06:10  [DEBUG  ]  sim_launch exited cleanly
2026-04-28T17:06:18  [DEBUG  ]    [sim] killed
2026-04-28T17:06:18  [INFO   ]  [GP] fitting on 23 observations…
2026-04-28T17:06:19  [INFO   ]  [GP] active  noise=0.9438  gp_mean=0.3452±0.0340  top5=mpc_Q_x=0.566  mpc_Q_y=0.169  mpc_Q_yaw=0.114  grid_std=0.108  mpc_Q_terminal=0.023
2026-04-28T17:06:19  [DEBUG  ]  [GP] model checkpoint saved  /media/lorenzo/writable/Go2_navigation/tuning_results/trial_023/gp_data/gp_model.joblib
2026-04-28T17:06:19  [DEBUG  ]  [GP] checkpoint written  /media/lorenzo/writable/Go2_navigation/tuning_results/trial_023/gp_data
2026-04-28T17:06:20  [DEBUG  ]  [plot] gp_marginals saved  /media/lorenzo/writable/Go2_navigation/tuning_results/gp_marginals.png
2026-04-28T17:06:20  [DEBUG  ]  [plot] gp_fitted_vs_actual saved  /media/lorenzo/writable/Go2_navigation/tuning_results/gp_fitted_vs_actual.png
2026-04-28T17:06:20  [DEBUG  ]  [disk] removed bag  /media/lorenzo/writable/Go2_navigation/tuning_results/trial_018/scenario_open_zigzag/rosbag
2026-04-28T17:06:20  [DEBUG  ]  [disk] removed bag  /media/lorenzo/writable/Go2_navigation/tuning_results/trial_018/scenario_office_corridor/rosbag
2026-04-28T17:06:20  [DEBUG  ]  [disk] removed bag  /media/lorenzo/writable/Go2_navigation/tuning_results/trial_018/scenario_warehouse_loop/rosbag
2026-04-28T17:06:20  [DEBUG  ]  [disk] removed bag  /media/lorenzo/writable/Go2_navigation/tuning_results/trial_018/scenario_office_traverse/rosbag
2026-04-28T17:06:20  [DEBUG  ]  [disk] removed bag  /media/lorenzo/writable/Go2_navigation/tuning_results/trial_018/scenario_warehouse_cross_aisle/rosbag
2026-04-28T17:06:20  [DEBUG  ]  [disk] removed bag  /media/lorenzo/writable/Go2_navigation/tuning_results/trial_018/scenario_open_square/rosbag
2026-04-28T17:06:20  [INFO   ]  [trial 023/50]  aggregate=0.3550  best=0.4041(t019)  elapsed=11.6min  GP=active(n=23)
2026-04-28T17:06:20  [INFO   ]  ============================================================
2026-04-28T17:06:20  [INFO   ]  Trial 024/50  [TPE-GUIDED]  2026-04-28T17:06:20  ETA ~230min
2026-04-28T17:06:20  [INFO   ]  Params: {'grid_std': '0.155', 'mpc_Q_terminal': '106.923', 'mpc_Q_x': '253.232', 'mpc_Q_y': '417.648', 'mpc_Q_yaw': '12.230', 'mpc_W_obs_sigmoid': '358.794'}
2026-04-28T17:06:20  [INFO   ]  ============================================================
2026-04-28T17:06:20  [INFO   ]  ── Scenario 1/6: open_square  (3 goals)  weight=0.10 ──
2026-04-28T17:06:20  [INFO   ]  [T024/SC1/open_square] starting
2026-04-28T17:06:30  [INFO   ]    [sim] launched  pid=144101  world=default.sdf
2026-04-28T17:06:30  [DEBUG  ]  RosbagRecorder started  pid=144579  dir=/media/lorenzo/writable/Go2_navigation/tuning_results/trial_024/scenario_open_square/rosbag
2026-04-28T17:06:30  [INFO   ]  [T024/SC1/open_square] waiting 10s for Gazebo bridge…
2026-04-28T17:06:40  [INFO   ]  [T024/SC1/open_square] spawning obstacles…
2026-04-28T17:07:04  [INFO   ]  [T024/SC1/open_square] waiting 20s for planner…
2026-04-28T17:07:14  [DEBUG  ]  [T024/SC1/open_square] heartbeat — 10s remaining
2026-04-28T17:07:24  [INFO   ]  [T024/SC1/open_square] nav started — 3 goal(s), timeout=300s
2026-04-28T17:07:24  [INFO   ]  [T024/SC1/open_square] 0.0s/300s  waiting for pose…
2026-04-28T17:07:24  [DEBUG  ]  [T024/SC1/open_square] initial_dist set from first pose: 2.13m  pos=(5.51,-1.52)
2026-04-28T17:07:29  [INFO   ]  [T024/SC1/open_square] 5.0s/300s  pos=(6.14,-0.90)  dist=1.25m  cmd=(0.53,-0.16)  mpc_ok=100%  solve=46.2ms
2026-04-28T17:07:34  [INFO   ]  [T024/SC1/open_square] goal 1/3 reached  pos=(6.67,-0.38)  elapsed=10s
2026-04-28T17:07:34  [INFO   ]  [T024/SC1/open_square] 0.3s/300s  pos=(6.71,-0.35)  dist=6.36m  cmd=(0.26,0.01)  mpc_ok=100%  solve=45.3ms
2026-04-28T17:07:39  [INFO   ]  [T024/SC1/open_square] 5.3s/300s  pos=(6.75,-0.29)  dist=6.29m  cmd=(0.11,0.00)  mpc_ok=100%  solve=46.6ms
2026-04-28T17:07:44  [INFO   ]  [T024/SC1/open_square] 10.3s/300s  pos=(6.73,-0.29)  dist=6.29m  cmd=(0.15,0.00)  mpc_ok=100%  solve=41.8ms
2026-04-28T17:07:50  [INFO   ]  [T024/SC1/open_square] 15.3s/300s  pos=(6.71,-0.31)  dist=6.32m  cmd=(0.23,-0.00)  mpc_ok=100%  solve=40.1ms
2026-04-28T17:07:55  [INFO   ]  [T024/SC1/open_square] 20.3s/300s  pos=(6.71,-0.32)  dist=6.32m  cmd=(0.25,0.00)  mpc_ok=100%  solve=40.0ms
2026-04-28T17:08:00  [INFO   ]  [T024/SC1/open_square] 25.3s/300s  pos=(6.69,-0.32)  dist=6.33m  cmd=(0.26,0.01)  mpc_ok=100%  solve=38.5ms
2026-04-28T17:08:04  [WARNING]  [T024/SC1/open_square] early termination — insufficient progress over 30s (Δ=0.006 < 0.02)
2026-04-28T17:08:04  [INFO   ]  [T024/SC1/open_square] nav done — goals 1/3 (33%)  elapsed=30s  failure=early_term: insufficient progress over 30s (Δ=0.006 < 0.02)
2026-04-28T17:08:05  [DEBUG  ]  RosbagRecorder stopped  pid=144579
2026-04-28T17:08:05  [INFO   ]    → sc=open_square  goals=33%  score=0.393  weighted=0.0393  running=0.0393  dist=9.92  obs=1.000  scans=21
2026-04-28T17:08:05  [INFO   ]  ── Scenario 2/6: open_zigzag  (3 goals)  weight=0.10 ──
2026-04-28T17:08:05  [INFO   ]  [T024/SC2/open_zigzag] starting
2026-04-28T17:08:05  [INFO   ]    [sim] reusing Gazebo for world=default.sdf  — resetting robot pose
2026-04-28T17:08:06  [DEBUG  ]    [sim] reset strategy 'gz service /world/default/set_pose' returned 255 — trying next
2026-04-28T17:08:06  [INFO   ]    [sim] robot reset via 'ign service /world/default/set_pose'  pos=(0.00, 0.00)  heading=0.000
2026-04-28T17:08:09  [DEBUG  ]    [sim] nav-reset 'redirect goal' ok
2026-04-28T17:08:09  [DEBUG  ]    [sim] nav-reset 'clear /a_star/path' ok
2026-04-28T17:08:09  [DEBUG  ]    [sim] nav-reset 'clear /mpc/predicted_path' ok
2026-04-28T17:08:09  [DEBUG  ]    [sim] nav-reset 'clear global costmap' returned 1
2026-04-28T17:08:09  [DEBUG  ]    [sim] nav-reset 'clear local costmap' returned 1
2026-04-28T17:08:09  [INFO   ]    [sim] nav state flushed — planner redirected to (-6.00, 3.00)
2026-04-28T17:08:09  [DEBUG  ]  RosbagRecorder started  pid=145319  dir=/media/lorenzo/writable/Go2_navigation/tuning_results/trial_024/scenario_open_zigzag/rosbag
2026-04-28T17:08:09  [INFO   ]  [T024/SC2/open_zigzag] waiting 10s for Gazebo bridge…
2026-04-28T17:08:19  [INFO   ]  [T024/SC2/open_zigzag] spawning obstacles…
2026-04-28T17:08:44  [INFO   ]  [T024/SC2/open_zigzag] waiting 20s for planner…
2026-04-28T17:08:54  [DEBUG  ]  [T024/SC2/open_zigzag] heartbeat — 10s remaining
2026-04-28T17:09:04  [INFO   ]  [T024/SC2/open_zigzag] nav started — 3 goal(s), timeout=300s
2026-04-28T17:09:04  [DEBUG  ]  [T024/SC2/open_zigzag] initial_dist set from first pose: 0.29m  pos=(-5.86,2.75)
2026-04-28T17:09:04  [INFO   ]  [T024/SC2/open_zigzag] goal 1/3 reached  pos=(-5.86,2.75)  elapsed=0s
2026-04-28T17:09:04  [INFO   ]  [T024/SC2/open_zigzag] 0.0s/300s  pos=(-5.86,2.75)  dist=0.29m  cmd=(0.00,0.00)  mpc_ok=nan%  solve=nanms
2026-04-28T17:09:09  [INFO   ]  [T024/SC2/open_zigzag] 5.0s/300s  pos=(-5.82,2.74)  dist=12.26m  cmd=(0.26,0.00)  mpc_ok=0%  solve=2.0ms
2026-04-28T17:09:14  [INFO   ]  [T024/SC2/open_zigzag] 10.0s/300s  pos=(-5.80,2.74)  dist=12.24m  cmd=(0.24,0.00)  mpc_ok=0%  solve=3.2ms
2026-04-28T17:09:19  [INFO   ]  [T024/SC2/open_zigzag] 15.0s/300s  pos=(-5.79,2.72)  dist=12.24m  cmd=(0.19,-0.01)  mpc_ok=0%  solve=2.3ms
2026-04-28T17:09:24  [INFO   ]  [T024/SC2/open_zigzag] 20.0s/300s  pos=(-5.81,2.73)  dist=12.25m  cmd=(0.09,-0.01)  mpc_ok=0%  solve=2.0ms
2026-04-28T17:09:29  [INFO   ]  [T024/SC2/open_zigzag] 25.1s/300s  pos=(-5.81,2.74)  dist=12.25m  cmd=(0.05,0.00)  mpc_ok=0%  solve=1.9ms
2026-04-28T17:09:34  [WARNING]  [T024/SC2/open_zigzag] early termination — insufficient progress over 30s (Δ=0.003 < 0.02)
2026-04-28T17:09:34  [INFO   ]  [T024/SC2/open_zigzag] nav done — goals 1/3 (33%)  elapsed=30s  failure=early_term: insufficient progress over 30s (Δ=0.003 < 0.02)
2026-04-28T17:09:35  [DEBUG  ]  RosbagRecorder stopped  pid=145319
2026-04-28T17:09:35  [INFO   ]    → sc=open_zigzag  goals=33%  score=0.200  weighted=0.0200  running=0.0593  dist=6.27  obs=0.000  scans=0
2026-04-28T17:09:35  [INFO   ]  ── Scenario 3/6: warehouse_loop  (4 goals)  weight=0.25 ──
2026-04-28T17:09:35  [INFO   ]  [T024/SC3/warehouse_loop] starting
2026-04-28T17:09:35  [DEBUG  ]  Sending SIGTERM to sim_launch  pgid=144101
2026-04-28T17:09:35  [DEBUG  ]  sim_launch exited cleanly
2026-04-28T17:09:43  [DEBUG  ]    [sim] killed
2026-04-28T17:09:53  [INFO   ]    [sim] launched  pid=145611  world=warehouse.world
2026-04-28T17:09:53  [DEBUG  ]  RosbagRecorder started  pid=146088  dir=/media/lorenzo/writable/Go2_navigation/tuning_results/trial_024/scenario_warehouse_loop/rosbag
2026-04-28T17:09:53  [INFO   ]  [T024/SC3/warehouse_loop] waiting 10s for Gazebo bridge…
2026-04-28T17:10:03  [INFO   ]  [T024/SC3/warehouse_loop] spawning obstacles…
2026-04-28T17:10:34  [INFO   ]  [T024/SC3/warehouse_loop] waiting 20s for planner…
2026-04-28T17:10:44  [DEBUG  ]  [T024/SC3/warehouse_loop] heartbeat — 10s remaining
2026-04-28T17:10:54  [INFO   ]  [T024/SC3/warehouse_loop] nav started — 4 goal(s), timeout=180s
2026-04-28T17:10:54  [INFO   ]  [T024/SC3/warehouse_loop] 0.1s/180s  waiting for pose…
2026-04-28T17:10:54  [DEBUG  ]  [T024/SC3/warehouse_loop] initial_dist set from first pose: 18.25m  pos=(-6.24,-8.39)
2026-04-28T17:10:59  [INFO   ]  [T024/SC3/warehouse_loop] 5.1s/180s  pos=(-5.86,-8.40)  dist=17.87m  cmd=(0.21,0.00)  mpc_ok=100%  solve=30.5ms
2026-04-28T17:11:04  [INFO   ]  [T024/SC3/warehouse_loop] 10.1s/180s  pos=(-5.39,-8.41)  dist=17.39m  cmd=(0.09,-0.00)  mpc_ok=100%  solve=34.0ms
2026-04-28T17:11:09  [INFO   ]  [T024/SC3/warehouse_loop] 15.1s/180s  pos=(-4.91,-8.41)  dist=16.91m  cmd=(0.01,0.00)  mpc_ok=100%  solve=40.2ms
2026-04-28T17:11:14  [INFO   ]  [T024/SC3/warehouse_loop] 20.1s/180s  pos=(-4.46,-8.40)  dist=16.47m  cmd=(0.20,0.00)  mpc_ok=100%  solve=35.0ms
2026-04-28T17:11:19  [INFO   ]  [T024/SC3/warehouse_loop] 25.2s/180s  pos=(-4.04,-8.43)  dist=16.05m  cmd=(0.06,0.00)  mpc_ok=100%  solve=87.1ms
2026-04-28T17:11:24  [INFO   ]  [T024/SC3/warehouse_loop] 30.2s/180s  pos=(-4.16,-8.42)  dist=16.17m  cmd=(0.00,0.00)  mpc_ok=100%  solve=58.1ms
2026-04-28T17:11:29  [INFO   ]  [T024/SC3/warehouse_loop] 35.2s/180s  pos=(-4.32,-8.42)  dist=16.32m  cmd=(-0.00,0.00)  mpc_ok=100%  solve=78.1ms
2026-04-28T17:11:34  [INFO   ]  [T024/SC3/warehouse_loop] 40.2s/180s  pos=(-4.32,-8.42)  dist=16.32m  cmd=(-0.00,0.00)  mpc_ok=100%  solve=76.4ms
2026-04-28T17:11:39  [INFO   ]  [T024/SC3/warehouse_loop] 45.2s/180s  pos=(-4.32,-8.42)  dist=16.32m  cmd=(-0.00,0.00)  mpc_ok=100%  solve=69.3ms
2026-04-28T17:11:41  [WARNING]  [T024/SC3/warehouse_loop] early termination — insufficient progress over 30s (Δ=0.020 < 0.02)
2026-04-28T17:11:41  [INFO   ]  [T024/SC3/warehouse_loop] nav done — goals 0/4 (0%)  elapsed=47s  failure=early_term: insufficient progress over 30s (Δ=0.020 < 0.02)
2026-04-28T17:11:42  [DEBUG  ]  RosbagRecorder stopped  pid=146088
2026-04-28T17:11:42  [INFO   ]    → sc=warehouse_loop  goals=0%  score=0.330  weighted=0.0825  running=0.1418  dist=18.13  obs=1.000  scans=426
2026-04-28T17:11:42  [INFO   ]  ── Scenario 4/6: warehouse_cross_aisle  (3 goals)  weight=0.20 ──
2026-04-28T17:11:42  [INFO   ]  [T024/SC4/warehouse_cross_aisle] starting
2026-04-28T17:11:42  [INFO   ]    [sim] reusing Gazebo for world=warehouse.world  — resetting robot pose
2026-04-28T17:11:42  [DEBUG  ]    [sim] reset strategy 'gz service /world/warehouse/set_pose' returned 255 — trying next
2026-04-28T17:11:43  [INFO   ]    [sim] robot reset via 'ign service /world/warehouse/set_pose'  pos=(-4.00, 8.00)  heading=-1.571
2026-04-28T17:11:46  [DEBUG  ]    [sim] nav-reset 'redirect goal' ok
2026-04-28T17:11:46  [DEBUG  ]    [sim] nav-reset 'clear /a_star/path' ok
2026-04-28T17:11:46  [DEBUG  ]    [sim] nav-reset 'clear /mpc/predicted_path' ok
2026-04-28T17:11:46  [DEBUG  ]    [sim] nav-reset 'clear global costmap' returned 1
2026-04-28T17:11:46  [DEBUG  ]    [sim] nav-reset 'clear local costmap' returned 1
2026-04-28T17:11:46  [INFO   ]    [sim] nav state flushed — planner redirected to (-4.00, 2.00)
2026-04-28T17:11:46  [DEBUG  ]  RosbagRecorder started  pid=146874  dir=/media/lorenzo/writable/Go2_navigation/tuning_results/trial_024/scenario_warehouse_cross_aisle/rosbag
2026-04-28T17:11:46  [INFO   ]  [T024/SC4/warehouse_cross_aisle] waiting 10s for Gazebo bridge…
2026-04-28T17:11:56  [INFO   ]  [T024/SC4/warehouse_cross_aisle] spawning obstacles…
2026-04-28T17:12:20  [INFO   ]  [T024/SC4/warehouse_cross_aisle] waiting 20s for planner…
2026-04-28T17:12:30  [DEBUG  ]  [T024/SC4/warehouse_cross_aisle] heartbeat — 10s remaining
2026-04-28T17:12:40  [INFO   ]  [T024/SC4/warehouse_cross_aisle] nav started — 3 goal(s), timeout=150s
2026-04-28T17:12:40  [DEBUG  ]  [T024/SC4/warehouse_cross_aisle] initial_dist set from first pose: 5.16m  pos=(-4.62,-3.12)
2026-04-28T17:12:40  [INFO   ]  [T024/SC4/warehouse_cross_aisle] 0.0s/150s  pos=(-4.62,-3.12)  dist=5.16m  cmd=(0.00,0.00)  mpc_ok=nan%  solve=nanms
2026-04-28T17:12:45  [INFO   ]  [T024/SC4/warehouse_cross_aisle] 5.1s/150s  pos=(-4.05,-3.95)  dist=5.95m  cmd=(0.80,0.13)  mpc_ok=100%  solve=58.6ms
2026-04-28T17:12:50  [INFO   ]  [T024/SC4/warehouse_cross_aisle] 10.1s/150s  pos=(-3.96,-4.89)  dist=6.89m  cmd=(0.38,-0.11)  mpc_ok=100%  solve=46.8ms
2026-04-28T17:12:55  [INFO   ]  [T024/SC4/warehouse_cross_aisle] 15.1s/150s  pos=(-4.04,-5.39)  dist=7.39m  cmd=(0.31,0.03)  mpc_ok=100%  solve=48.0ms
2026-04-28T17:13:00  [INFO   ]  [T024/SC4/warehouse_cross_aisle] 20.1s/150s  pos=(-4.00,-5.91)  dist=7.91m  cmd=(0.27,0.03)  mpc_ok=100%  solve=37.9ms
2026-04-28T17:13:05  [INFO   ]  [T024/SC4/warehouse_cross_aisle] 25.1s/150s  pos=(-3.99,-6.41)  dist=8.41m  cmd=(0.12,0.00)  mpc_ok=100%  solve=95.3ms
2026-04-28T17:13:10  [INFO   ]  [T024/SC4/warehouse_cross_aisle] 30.1s/150s  pos=(-4.02,-6.88)  dist=8.88m  cmd=(0.26,0.01)  mpc_ok=100%  solve=39.1ms
2026-04-28T17:13:15  [INFO   ]  [T024/SC4/warehouse_cross_aisle] 35.2s/150s  pos=(-4.03,-7.47)  dist=9.47m  cmd=(0.16,0.01)  mpc_ok=100%  solve=52.0ms
2026-04-28T17:13:20  [INFO   ]  [T024/SC4/warehouse_cross_aisle] 40.2s/150s  pos=(-4.08,-7.89)  dist=9.90m  cmd=(0.27,-0.04)  mpc_ok=100%  solve=49.5ms
2026-04-28T17:13:25  [INFO   ]  [T024/SC4/warehouse_cross_aisle] 45.2s/150s  pos=(-4.12,-8.20)  dist=10.20m  cmd=(0.13,0.01)  mpc_ok=100%  solve=112.5ms
2026-04-28T17:13:30  [INFO   ]  [T024/SC4/warehouse_cross_aisle] 50.2s/150s  pos=(-3.99,-7.80)  dist=9.80m  cmd=(-0.00,-0.00)  mpc_ok=100%  solve=104.9ms
2026-04-28T17:13:35  [INFO   ]  [T024/SC4/warehouse_cross_aisle] 55.2s/150s  pos=(-4.09,-7.21)  dist=9.21m  cmd=(0.30,0.07)  mpc_ok=100%  solve=52.6ms
2026-04-28T17:13:40  [WARNING]  [T024/SC4/warehouse_cross_aisle] early termination — insufficient progress over 30s (Δ=0.001 < 0.02)
2026-04-28T17:13:40  [INFO   ]  [T024/SC4/warehouse_cross_aisle] nav done — goals 0/3 (0%)  elapsed=60s  failure=early_term: insufficient progress over 30s (Δ=0.001 < 0.02)
2026-04-28T17:13:41  [DEBUG  ]  RosbagRecorder stopped  pid=146874
2026-04-28T17:13:41  [INFO   ]    → sc=warehouse_cross_aisle  goals=0%  score=0.356  weighted=0.0712  running=0.2129  dist=8.06  obs=1.000  scans=542
2026-04-28T17:13:41  [INFO   ]  ── Scenario 5/6: office_traverse  (3 goals)  weight=0.20 ──
2026-04-28T17:13:41  [INFO   ]  [T024/SC5/office_traverse] starting
2026-04-28T17:13:41  [DEBUG  ]  Sending SIGTERM to sim_launch  pgid=145611
2026-04-28T17:13:41  [DEBUG  ]  sim_launch exited cleanly
2026-04-28T17:13:49  [DEBUG  ]    [sim] killed
2026-04-28T17:13:59  [INFO   ]    [sim] launched  pid=147167  world=indoor_office.world
2026-04-28T17:13:59  [DEBUG  ]  RosbagRecorder started  pid=147644  dir=/media/lorenzo/writable/Go2_navigation/tuning_results/trial_024/scenario_office_traverse/rosbag
2026-04-28T17:13:59  [INFO   ]  [T024/SC5/office_traverse] waiting 10s for Gazebo bridge…
2026-04-28T17:14:09  [INFO   ]  [T024/SC5/office_traverse] spawning obstacles…
2026-04-28T17:14:34  [INFO   ]  [T024/SC5/office_traverse] waiting 20s for planner…
2026-04-28T17:14:44  [DEBUG  ]  [T024/SC5/office_traverse] heartbeat — 10s remaining
2026-04-28T17:14:54  [INFO   ]  [T024/SC5/office_traverse] nav started — 3 goal(s), timeout=150s
2026-04-28T17:14:54  [INFO   ]  [T024/SC5/office_traverse] 0.0s/150s  waiting for pose…
2026-04-28T17:14:54  [DEBUG  ]  [T024/SC5/office_traverse] initial_dist set from first pose: 4.85m  pos=(3.51,-4.82)
2026-04-28T17:14:59  [INFO   ]  [T024/SC5/office_traverse] 5.0s/150s  pos=(3.52,-3.46)  dist=3.49m  cmd=(0.76,-0.30)  mpc_ok=100%  solve=67.4ms
2026-04-28T17:15:04  [INFO   ]  [T024/SC5/office_traverse] 10.1s/150s  pos=(3.94,-2.24)  dist=2.24m  cmd=(-0.06,-0.07)  mpc_ok=100%  solve=99.7ms
2026-04-28T17:15:09  [INFO   ]  [T024/SC5/office_traverse] 15.1s/150s  pos=(3.39,-2.83)  dist=2.89m  cmd=(0.80,-0.25)  mpc_ok=100%  solve=101.8ms
2026-04-28T17:15:14  [INFO   ]  [T024/SC5/office_traverse] 20.1s/150s  pos=(2.65,-1.58)  dist=2.08m  cmd=(0.41,-0.30)  mpc_ok=100%  solve=37.9ms
2026-04-28T17:15:19  [INFO   ]  [T024/SC5/office_traverse] 25.1s/150s  pos=(3.55,-1.47)  dist=1.53m  cmd=(-0.34,-0.30)  mpc_ok=100%  solve=107.8ms
2026-04-28T17:15:24  [INFO   ]  [T024/SC5/office_traverse] 30.1s/150s  pos=(3.02,-1.84)  dist=2.08m  cmd=(0.80,-0.20)  mpc_ok=100%  solve=60.7ms
2026-04-28T17:15:29  [INFO   ]  [T024/SC5/office_traverse] 35.1s/150s  pos=(4.19,-0.98)  dist=1.00m  cmd=(0.12,-0.30)  mpc_ok=100%  solve=79.2ms
2026-04-28T17:15:34  [INFO   ]  [T024/SC5/office_traverse] 40.2s/150s  pos=(4.66,-1.98)  dist=2.09m  cmd=(0.71,0.14)  mpc_ok=100%  solve=47.4ms
2026-04-28T17:15:34  [WARNING]  [T024/SC5/office_traverse] early termination — insufficient progress over 30s (Δ=0.019 < 0.02)
2026-04-28T17:15:34  [INFO   ]  [T024/SC5/office_traverse] nav done — goals 0/3 (0%)  elapsed=40s  failure=early_term: insufficient progress over 30s (Δ=0.019 < 0.02)
2026-04-28T17:15:35  [DEBUG  ]  RosbagRecorder stopped  pid=147644
2026-04-28T17:15:35  [INFO   ]    → sc=office_traverse  goals=0%  score=0.364  weighted=0.0729  running=0.2858  dist=8.91  obs=0.994  scans=368
2026-04-28T17:15:35  [INFO   ]  ── Scenario 6/6: office_corridor  (3 goals)  weight=0.15 ──
2026-04-28T17:15:35  [INFO   ]  [T024/SC6/office_corridor] starting
2026-04-28T17:15:35  [INFO   ]    [sim] reusing Gazebo for world=indoor_office.world  — resetting robot pose
2026-04-28T17:15:35  [DEBUG  ]    [sim] reset strategy 'gz service /world/indoor_office/set_pose' returned 255 — trying next
2026-04-28T17:15:35  [INFO   ]    [sim] robot reset via 'ign service /world/indoor_office/set_pose'  pos=(-4.00, -6.00)  heading=1.571
2026-04-28T17:15:39  [DEBUG  ]    [sim] nav-reset 'redirect goal' ok
2026-04-28T17:15:39  [DEBUG  ]    [sim] nav-reset 'clear /a_star/path' ok
2026-04-28T17:15:39  [DEBUG  ]    [sim] nav-reset 'clear /mpc/predicted_path' ok
2026-04-28T17:15:39  [DEBUG  ]    [sim] nav-reset 'clear global costmap' returned 1
2026-04-28T17:15:39  [DEBUG  ]    [sim] nav-reset 'clear local costmap' returned 1
2026-04-28T17:15:39  [INFO   ]    [sim] nav state flushed — planner redirected to (-4.00, 0.00)
2026-04-28T17:15:39  [DEBUG  ]  RosbagRecorder started  pid=148384  dir=/media/lorenzo/writable/Go2_navigation/tuning_results/trial_024/scenario_office_corridor/rosbag
2026-04-28T17:15:39  [INFO   ]  [T024/SC6/office_corridor] waiting 10s for Gazebo bridge…
2026-04-28T17:15:49  [INFO   ]  [T024/SC6/office_corridor] spawning obstacles…
2026-04-28T17:16:13  [INFO   ]  [T024/SC6/office_corridor] waiting 20s for planner…
2026-04-28T17:16:23  [DEBUG  ]  [T024/SC6/office_corridor] heartbeat — 10s remaining
2026-04-28T17:16:33  [INFO   ]  [T024/SC6/office_corridor] nav started — 3 goal(s), timeout=150s
2026-04-28T17:16:33  [DEBUG  ]  [T024/SC6/office_corridor] initial_dist set from first pose: 3.10m  pos=(-6.55,-1.75)
2026-04-28T17:16:33  [INFO   ]  [T024/SC6/office_corridor] 0.0s/150s  pos=(-6.55,-1.75)  dist=3.10m  cmd=(0.00,0.00)  mpc_ok=nan%  solve=nanms
2026-04-28T17:16:38  [INFO   ]  [T024/SC6/office_corridor] 5.1s/150s  pos=(-6.89,-1.72)  dist=3.37m  cmd=(0.80,-0.19)  mpc_ok=100%  solve=57.5ms
2026-04-28T17:16:43  [INFO   ]  [T024/SC6/office_corridor] 10.1s/150s  pos=(-7.29,-1.71)  dist=3.71m  cmd=(0.80,-0.30)  mpc_ok=100%  solve=73.1ms
2026-04-28T17:16:48  [INFO   ]  [T024/SC6/office_corridor] 15.1s/150s  pos=(-7.65,-1.34)  dist=3.88m  cmd=(0.80,0.03)  mpc_ok=100%  solve=78.9ms
2026-04-28T17:16:53  [INFO   ]  [T024/SC6/office_corridor] 20.1s/150s  pos=(-7.91,-0.45)  dist=3.93m  cmd=(0.80,-0.30)  mpc_ok=100%  solve=52.4ms
2026-04-28T17:16:58  [INFO   ]  [T024/SC6/office_corridor] 25.1s/150s  pos=(-6.65,0.29)  dist=2.66m  cmd=(0.08,-0.30)  mpc_ok=100%  solve=54.2ms
2026-04-28T17:17:03  [INFO   ]  [T024/SC6/office_corridor] 30.2s/150s  pos=(-6.38,-0.83)  dist=2.52m  cmd=(0.34,0.30)  mpc_ok=100%  solve=128.7ms
2026-04-28T17:17:08  [INFO   ]  [T024/SC6/office_corridor] 35.2s/150s  pos=(-6.97,-0.40)  dist=3.00m  cmd=(-0.76,-0.30)  mpc_ok=100%  solve=58.8ms
2026-04-28T17:17:13  [INFO   ]  [T024/SC6/office_corridor] 40.2s/150s  pos=(-5.70,-0.03)  dist=1.70m  cmd=(-0.08,-0.30)  mpc_ok=100%  solve=43.5ms
2026-04-28T17:17:18  [INFO   ]  [T024/SC6/office_corridor] 45.2s/150s  pos=(-5.66,-0.54)  dist=1.75m  cmd=(0.14,0.30)  mpc_ok=100%  solve=58.1ms
2026-04-28T17:17:23  [INFO   ]  [T024/SC6/office_corridor] 50.2s/150s  pos=(-5.69,0.71)  dist=1.83m  cmd=(0.29,-0.30)  mpc_ok=100%  solve=76.6ms
2026-04-28T17:17:28  [INFO   ]  [T024/SC6/office_corridor] 55.3s/150s  pos=(-4.48,0.47)  dist=0.67m  cmd=(-0.60,-0.30)  mpc_ok=100%  solve=104.3ms
2026-04-28T17:17:33  [INFO   ]  [T024/SC6/office_corridor] 60.3s/150s  pos=(-5.41,0.04)  dist=1.41m  cmd=(0.42,0.27)  mpc_ok=100%  solve=44.5ms
2026-04-28T17:17:38  [INFO   ]  [T024/SC6/office_corridor] 65.3s/150s  pos=(-4.71,0.85)  dist=1.11m  cmd=(-0.18,-0.30)  mpc_ok=100%  solve=53.5ms
2026-04-28T17:17:40  [INFO   ]  [T024/SC6/office_corridor] goal 1/3 reached  pos=(-4.20,0.46)  elapsed=67s
2026-04-28T17:17:43  [INFO   ]  [T024/SC6/office_corridor] 3.1s/150s  pos=(-4.32,-0.45)  dist=8.33m  cmd=(0.15,0.30)  mpc_ok=100%  solve=73.7ms
2026-04-28T17:17:48  [INFO   ]  [T024/SC6/office_corridor] 8.1s/150s  pos=(-5.69,-0.40)  dist=9.70m  cmd=(0.12,-0.30)  mpc_ok=100%  solve=49.0ms
2026-04-28T17:17:53  [INFO   ]  [T024/SC6/office_corridor] 13.2s/150s  pos=(-6.06,1.12)  dist=10.12m  cmd=(-0.80,0.21)  mpc_ok=100%  solve=84.6ms
2026-04-28T17:17:58  [INFO   ]  [T024/SC6/office_corridor] 18.2s/150s  pos=(-6.89,1.28)  dist=10.97m  cmd=(-0.77,0.30)  mpc_ok=100%  solve=83.6ms
2026-04-28T17:18:03  [INFO   ]  [T024/SC6/office_corridor] 23.2s/150s  pos=(-7.68,1.42)  dist=11.77m  cmd=(-0.80,0.18)  mpc_ok=100%  solve=118.9ms
2026-04-28T17:18:08  [INFO   ]  [T024/SC6/office_corridor] 28.2s/150s  pos=(-8.99,2.11)  dist=13.16m  cmd=(0.46,0.30)  mpc_ok=100%  solve=63.1ms
2026-04-28T17:18:13  [INFO   ]  [T024/SC6/office_corridor] 33.3s/150s  pos=(-8.40,2.76)  dist=12.71m  cmd=(0.80,-0.30)  mpc_ok=100%  solve=38.2ms
2026-04-28T17:18:18  [INFO   ]  [T024/SC6/office_corridor] 38.3s/150s  pos=(-7.06,1.96)  dist=11.23m  cmd=(0.79,-0.30)  mpc_ok=100%  solve=98.3ms
2026-04-28T17:18:23  [INFO   ]  [T024/SC6/office_corridor] 43.3s/150s  pos=(-6.53,1.96)  dist=10.71m  cmd=(0.65,0.30)  mpc_ok=100%  solve=49.9ms
2026-04-28T17:18:28  [INFO   ]  [T024/SC6/office_corridor] 48.3s/150s  pos=(-6.70,3.31)  dist=11.20m  cmd=(0.80,-0.30)  mpc_ok=100%  solve=100.2ms
2026-04-28T17:18:30  [WARNING]  [T024/SC6/office_corridor] early termination — insufficient progress over 30s (Δ=0.001 < 0.02)
2026-04-28T17:18:30  [INFO   ]  [T024/SC6/office_corridor] nav done — goals 1/3 (33%)  elapsed=50s  failure=early_term: insufficient progress over 30s (Δ=0.001 < 0.02)
2026-04-28T17:18:31  [DEBUG  ]  RosbagRecorder stopped  pid=148384
2026-04-28T17:18:31  [INFO   ]    → sc=office_corridor  goals=33%  score=0.380  weighted=0.0569  running=0.3428  dist=7.16  obs=0.939  scans=1061
2026-04-28T17:18:31  [DEBUG  ]  Sending SIGTERM to sim_launch  pgid=147167
2026-04-28T17:18:31  [DEBUG  ]  sim_launch exited cleanly
2026-04-28T17:18:39  [DEBUG  ]    [sim] killed
2026-04-28T17:18:39  [INFO   ]  [GP] fitting on 24 observations…
2026-04-28T17:18:39  [INFO   ]  [GP] active  noise=0.9990  gp_mean=0.3418±0.0333  top5=mpc_Q_x=0.617  mpc_Q_y=0.158  grid_std=0.120  mpc_Q_yaw=0.098  mpc_W_obs_sigmoid=0.006
2026-04-28T17:18:39  [DEBUG  ]  [GP] model checkpoint saved  /media/lorenzo/writable/Go2_navigation/tuning_results/trial_024/gp_data/gp_model.joblib
2026-04-28T17:18:39  [DEBUG  ]  [GP] checkpoint written  /media/lorenzo/writable/Go2_navigation/tuning_results/trial_024/gp_data
2026-04-28T17:18:40  [DEBUG  ]  [plot] gp_marginals saved  /media/lorenzo/writable/Go2_navigation/tuning_results/gp_marginals.png
2026-04-28T17:18:40  [DEBUG  ]  [plot] gp_fitted_vs_actual saved  /media/lorenzo/writable/Go2_navigation/tuning_results/gp_fitted_vs_actual.png
2026-04-28T17:18:40  [DEBUG  ]  [disk] removed bag  /media/lorenzo/writable/Go2_navigation/tuning_results/trial_019/scenario_open_zigzag/rosbag
2026-04-28T17:18:40  [DEBUG  ]  [disk] removed bag  /media/lorenzo/writable/Go2_navigation/tuning_results/trial_019/scenario_office_corridor/rosbag
2026-04-28T17:18:40  [DEBUG  ]  [disk] removed bag  /media/lorenzo/writable/Go2_navigation/tuning_results/trial_019/scenario_warehouse_loop/rosbag
2026-04-28T17:18:40  [DEBUG  ]  [disk] removed bag  /media/lorenzo/writable/Go2_navigation/tuning_results/trial_019/scenario_office_traverse/rosbag
2026-04-28T17:18:40  [DEBUG  ]  [disk] removed bag  /media/lorenzo/writable/Go2_navigation/tuning_results/trial_019/scenario_warehouse_cross_aisle/rosbag
2026-04-28T17:18:40  [DEBUG  ]  [disk] removed bag  /media/lorenzo/writable/Go2_navigation/tuning_results/trial_019/scenario_open_square/rosbag
2026-04-28T17:18:40  [INFO   ]  [trial 024/50]  aggregate=0.3428  best=0.4041(t019)  elapsed=12.3min  GP=active(n=24)
2026-04-28T17:18:40  [INFO   ]  ============================================================
2026-04-28T17:18:40  [INFO   ]  Trial 025/50  [TPE-GUIDED]  2026-04-28T17:18:40  ETA ~225min
2026-04-28T17:18:40  [INFO   ]  Params: {'grid_std': '0.123', 'mpc_Q_terminal': '61.050', 'mpc_Q_x': '489.436', 'mpc_Q_y': '207.807', 'mpc_Q_yaw': '1.636', 'mpc_W_obs_sigmoid': '163.732'}
2026-04-28T17:18:40  [INFO   ]  ============================================================
2026-04-28T17:18:40  [INFO   ]  ── Scenario 1/6: open_square  (3 goals)  weight=0.10 ──
2026-04-28T17:18:40  [INFO   ]  [T025/SC1/open_square] starting
2026-04-28T17:18:50  [INFO   ]    [sim] launched  pid=148695  world=default.sdf
2026-04-28T17:18:51  [DEBUG  ]  RosbagRecorder started  pid=149173  dir=/media/lorenzo/writable/Go2_navigation/tuning_results/trial_025/scenario_open_square/rosbag
2026-04-28T17:18:51  [INFO   ]  [T025/SC1/open_square] waiting 10s for Gazebo bridge…
2026-04-28T17:19:01  [INFO   ]  [T025/SC1/open_square] spawning obstacles…
2026-04-28T17:19:25  [INFO   ]  [T025/SC1/open_square] waiting 20s for planner…
2026-04-28T17:19:35  [DEBUG  ]  [T025/SC1/open_square] heartbeat — 10s remaining
2026-04-28T17:19:45  [INFO   ]  [T025/SC1/open_square] nav started — 3 goal(s), timeout=300s
2026-04-28T17:19:45  [DEBUG  ]  [T025/SC1/open_square] initial_dist set from first pose: 2.18m  pos=(5.67,-1.73)
2026-04-28T17:19:45  [INFO   ]  [T025/SC1/open_square] 0.0s/300s  pos=(5.67,-1.73)  dist=2.18m  cmd=(0.00,0.00)  mpc_ok=nan%  solve=nanms
2026-04-28T17:19:50  [INFO   ]  [T025/SC1/open_square] 5.0s/300s  pos=(6.38,-1.22)  dist=1.37m  cmd=(0.45,0.09)  mpc_ok=100%  solve=41.5ms
2026-04-28T17:19:55  [INFO   ]  [T025/SC1/open_square] goal 1/3 reached  pos=(6.71,-0.40)  elapsed=10s
2026-04-28T17:19:55  [INFO   ]  [T025/SC1/open_square] 0.4s/300s  pos=(6.74,-0.36)  dist=6.36m  cmd=(0.29,0.00)  mpc_ok=100%  solve=39.4ms
2026-04-28T17:20:00  [INFO   ]  [T025/SC1/open_square] 5.4s/300s  pos=(6.83,-0.26)  dist=6.27m  cmd=(0.16,0.01)  mpc_ok=100%  solve=39.7ms
2026-04-28T17:20:05  [INFO   ]  [T025/SC1/open_square] 10.4s/300s  pos=(6.83,-0.26)  dist=6.26m  cmd=(0.12,-0.01)  mpc_ok=100%  solve=38.8ms
2026-04-28T17:20:10  [INFO   ]  [T025/SC1/open_square] 15.5s/300s  pos=(6.84,-0.26)  dist=6.27m  cmd=(0.11,-0.01)  mpc_ok=100%  solve=40.8ms
2026-04-28T17:20:15  [INFO   ]  [T025/SC1/open_square] 20.5s/300s  pos=(6.85,-0.27)  dist=6.27m  cmd=(0.07,0.00)  mpc_ok=100%  solve=39.7ms
2026-04-28T17:20:20  [INFO   ]  [T025/SC1/open_square] 25.5s/300s  pos=(6.85,-0.26)  dist=6.27m  cmd=(0.07,0.01)  mpc_ok=100%  solve=39.8ms
2026-04-28T17:20:25  [WARNING]  [T025/SC1/open_square] early termination — insufficient progress over 30s (Δ=0.020 < 0.02)
2026-04-28T17:20:25  [INFO   ]  [T025/SC1/open_square] nav done — goals 1/3 (33%)  elapsed=30s  failure=early_term: insufficient progress over 30s (Δ=0.020 < 0.02)
2026-04-28T17:20:26  [DEBUG  ]  RosbagRecorder stopped  pid=149173
2026-04-28T17:20:26  [INFO   ]    → sc=open_square  goals=33%  score=0.396  weighted=0.0396  running=0.0396  dist=9.98  obs=1.000  scans=20
2026-04-28T17:20:26  [INFO   ]  ── Scenario 2/6: open_zigzag  (3 goals)  weight=0.10 ──
2026-04-28T17:20:26  [INFO   ]  [T025/SC2/open_zigzag] starting
2026-04-28T17:20:26  [INFO   ]    [sim] reusing Gazebo for world=default.sdf  — resetting robot pose
2026-04-28T17:20:26  [DEBUG  ]    [sim] reset strategy 'gz service /world/default/set_pose' returned 255 — trying next
2026-04-28T17:20:26  [INFO   ]    [sim] robot reset via 'ign service /world/default/set_pose'  pos=(0.00, 0.00)  heading=0.000
2026-04-28T17:20:30  [DEBUG  ]    [sim] nav-reset 'redirect goal' ok
2026-04-28T17:20:30  [DEBUG  ]    [sim] nav-reset 'clear /a_star/path' ok
2026-04-28T17:20:30  [DEBUG  ]    [sim] nav-reset 'clear /mpc/predicted_path' ok
2026-04-28T17:20:30  [DEBUG  ]    [sim] nav-reset 'clear global costmap' returned 1
2026-04-28T17:20:30  [DEBUG  ]    [sim] nav-reset 'clear local costmap' returned 1
2026-04-28T17:20:30  [INFO   ]    [sim] nav state flushed — planner redirected to (-6.00, 3.00)
2026-04-28T17:20:30  [DEBUG  ]  RosbagRecorder started  pid=149913  dir=/media/lorenzo/writable/Go2_navigation/tuning_results/trial_025/scenario_open_zigzag/rosbag
2026-04-28T17:20:30  [INFO   ]  [T025/SC2/open_zigzag] waiting 10s for Gazebo bridge…
2026-04-28T17:20:40  [INFO   ]  [T025/SC2/open_zigzag] spawning obstacles…
2026-04-28T17:21:04  [INFO   ]  [T025/SC2/open_zigzag] waiting 20s for planner…
2026-04-28T17:21:14  [DEBUG  ]  [T025/SC2/open_zigzag] heartbeat — 10s remaining
2026-04-28T17:21:24  [INFO   ]  [T025/SC2/open_zigzag] nav started — 3 goal(s), timeout=300s
2026-04-28T17:21:24  [INFO   ]  [T025/SC2/open_zigzag] 0.0s/300s  waiting for pose…
2026-04-28T17:21:24  [DEBUG  ]  [T025/SC2/open_zigzag] initial_dist set from first pose: 0.29m  pos=(-5.93,2.72)
2026-04-28T17:21:24  [INFO   ]  [T025/SC2/open_zigzag] goal 1/3 reached  pos=(-5.93,2.72)  elapsed=0s
2026-04-28T17:21:29  [INFO   ]  [T025/SC2/open_zigzag] 5.0s/300s  pos=(-5.93,2.71)  dist=12.38m  cmd=(0.24,0.00)  mpc_ok=0%  solve=3.4ms
2026-04-28T17:21:34  [INFO   ]  [T025/SC2/open_zigzag] 10.0s/300s  pos=(-5.93,2.71)  dist=12.38m  cmd=(0.21,-0.01)  mpc_ok=0%  solve=3.2ms
2026-04-28T17:21:39  [INFO   ]  [T025/SC2/open_zigzag] 15.0s/300s  pos=(-5.93,2.71)  dist=12.38m  cmd=(0.18,-0.00)  mpc_ok=0%  solve=1.9ms
2026-04-28T17:21:44  [INFO   ]  [T025/SC2/open_zigzag] 20.0s/300s  pos=(-5.94,2.71)  dist=12.38m  cmd=(0.12,0.01)  mpc_ok=0%  solve=3.5ms
2026-04-28T17:21:49  [INFO   ]  [T025/SC2/open_zigzag] 25.0s/300s  pos=(-5.94,2.70)  dist=12.39m  cmd=(0.16,0.00)  mpc_ok=0%  solve=2.7ms
2026-04-28T17:21:54  [WARNING]  [T025/SC2/open_zigzag] early termination — MPC success rate 0% < 70%
2026-04-28T17:21:54  [INFO   ]  [T025/SC2/open_zigzag] nav done — goals 1/3 (33%)  elapsed=30s  failure=early_term: MPC success rate 0% < 70%
2026-04-28T17:21:55  [DEBUG  ]  RosbagRecorder stopped  pid=149913
2026-04-28T17:21:55  [INFO   ]    → sc=open_zigzag  goals=33%  score=0.200  weighted=0.0200  running=0.0596  dist=6.29  obs=0.000  scans=0
2026-04-28T17:21:55  [INFO   ]  ── Scenario 3/6: warehouse_loop  (4 goals)  weight=0.25 ──
2026-04-28T17:21:55  [INFO   ]  [T025/SC3/warehouse_loop] starting
2026-04-28T17:21:55  [DEBUG  ]  Sending SIGTERM to sim_launch  pgid=148695
2026-04-28T17:21:55  [DEBUG  ]  sim_launch exited cleanly
2026-04-28T17:22:03  [DEBUG  ]    [sim] killed
2026-04-28T17:22:14  [INFO   ]    [sim] launched  pid=150205  world=warehouse.world
2026-04-28T17:22:14  [DEBUG  ]  RosbagRecorder started  pid=150682  dir=/media/lorenzo/writable/Go2_navigation/tuning_results/trial_025/scenario_warehouse_loop/rosbag
2026-04-28T17:22:14  [INFO   ]  [T025/SC3/warehouse_loop] waiting 10s for Gazebo bridge…
2026-04-28T17:22:24  [INFO   ]  [T025/SC3/warehouse_loop] spawning obstacles…
2026-04-28T17:22:54  [INFO   ]  [T025/SC3/warehouse_loop] waiting 20s for planner…
2026-04-28T17:23:04  [DEBUG  ]  [T025/SC3/warehouse_loop] heartbeat — 10s remaining
2026-04-28T17:23:14  [INFO   ]  [T025/SC3/warehouse_loop] nav started — 4 goal(s), timeout=180s
2026-04-28T17:23:14  [INFO   ]  [T025/SC3/warehouse_loop] 0.0s/180s  waiting for pose…
2026-04-28T17:23:14  [DEBUG  ]  [T025/SC3/warehouse_loop] initial_dist set from first pose: 18.27m  pos=(-6.27,-8.34)
2026-04-28T17:23:19  [INFO   ]  [T025/SC3/warehouse_loop] 5.0s/180s  pos=(-5.86,-8.34)  dist=17.87m  cmd=(0.33,-0.01)  mpc_ok=100%  solve=46.4ms
2026-04-28T17:23:24  [INFO   ]  [T025/SC3/warehouse_loop] 10.0s/180s  pos=(-5.45,-8.35)  dist=17.45m  cmd=(0.28,0.00)  mpc_ok=100%  solve=26.4ms
2026-04-28T17:23:29  [INFO   ]  [T025/SC3/warehouse_loop] 15.1s/180s  pos=(-4.93,-8.35)  dist=16.93m  cmd=(0.22,0.01)  mpc_ok=100%  solve=36.5ms
2026-04-28T17:23:34  [INFO   ]  [T025/SC3/warehouse_loop] 20.1s/180s  pos=(-4.45,-8.34)  dist=16.45m  cmd=(0.06,-0.01)  mpc_ok=100%  solve=36.5ms
2026-04-28T17:23:39  [INFO   ]  [T025/SC3/warehouse_loop] 25.1s/180s  pos=(-4.20,-8.35)  dist=16.20m  cmd=(0.00,-0.00)  mpc_ok=100%  solve=65.4ms
2026-04-28T17:23:44  [INFO   ]  [T025/SC3/warehouse_loop] 30.1s/180s  pos=(-4.26,-8.35)  dist=16.26m  cmd=(0.00,-0.00)  mpc_ok=100%  solve=46.6ms
2026-04-28T17:23:49  [INFO   ]  [T025/SC3/warehouse_loop] 35.2s/180s  pos=(-4.46,-8.34)  dist=16.46m  cmd=(-0.00,0.00)  mpc_ok=100%  solve=67.1ms
2026-04-28T17:23:54  [INFO   ]  [T025/SC3/warehouse_loop] 40.2s/180s  pos=(-4.71,-8.46)  dist=16.72m  cmd=(0.09,-0.00)  mpc_ok=100%  solve=83.5ms
2026-04-28T17:23:57  [WARNING]  [T025/SC3/warehouse_loop] early termination — insufficient progress over 30s (Δ=0.020 < 0.02)
2026-04-28T17:23:57  [INFO   ]  [T025/SC3/warehouse_loop] nav done — goals 0/4 (0%)  elapsed=43s  failure=early_term: insufficient progress over 30s (Δ=0.020 < 0.02)
2026-04-28T17:23:58  [DEBUG  ]  RosbagRecorder stopped  pid=150682
2026-04-28T17:23:58  [INFO   ]    → sc=warehouse_loop  goals=0%  score=0.330  weighted=0.0825  running=0.1420  dist=18.00  obs=1.000  scans=388
2026-04-28T17:23:58  [INFO   ]  ── Scenario 4/6: warehouse_cross_aisle  (3 goals)  weight=0.20 ──
2026-04-28T17:23:58  [INFO   ]  [T025/SC4/warehouse_cross_aisle] starting
2026-04-28T17:23:58  [INFO   ]    [sim] reusing Gazebo for world=warehouse.world  — resetting robot pose
2026-04-28T17:23:58  [DEBUG  ]    [sim] reset strategy 'gz service /world/warehouse/set_pose' returned 255 — trying next
2026-04-28T17:23:59  [INFO   ]    [sim] robot reset via 'ign service /world/warehouse/set_pose'  pos=(-4.00, 8.00)  heading=-1.571
2026-04-28T17:24:02  [DEBUG  ]    [sim] nav-reset 'redirect goal' ok
2026-04-28T17:24:02  [DEBUG  ]    [sim] nav-reset 'clear /a_star/path' ok
2026-04-28T17:24:02  [DEBUG  ]    [sim] nav-reset 'clear /mpc/predicted_path' ok
2026-04-28T17:24:02  [DEBUG  ]    [sim] nav-reset 'clear global costmap' returned 1
2026-04-28T17:24:02  [DEBUG  ]    [sim] nav-reset 'clear local costmap' returned 1
2026-04-28T17:24:02  [INFO   ]    [sim] nav state flushed — planner redirected to (-4.00, 2.00)
2026-04-28T17:24:02  [DEBUG  ]  RosbagRecorder started  pid=151468  dir=/media/lorenzo/writable/Go2_navigation/tuning_results/trial_025/scenario_warehouse_cross_aisle/rosbag
2026-04-28T17:24:02  [INFO   ]  [T025/SC4/warehouse_cross_aisle] waiting 10s for Gazebo bridge…
2026-04-28T17:24:12  [INFO   ]  [T025/SC4/warehouse_cross_aisle] spawning obstacles…
2026-04-28T17:24:18  [DEBUG  ]  RosbagRecorder stopped  pid=151468
2026-04-28T17:24:18  [INFO   ]  [Interrupted] saving partial results…
2026-04-28T17:24:19  [DEBUG  ]  [plot] gp_marginals saved  /media/lorenzo/writable/Go2_navigation/tuning_results/gp_marginals.png
2026-04-28T17:24:19  [DEBUG  ]  [plot] gp_fitted_vs_actual saved  /media/lorenzo/writable/Go2_navigation/tuning_results/gp_fitted_vs_actual.png
2026-04-28T17:24:19  [INFO   ]  ============================================================
2026-04-28T17:24:19  [INFO   ]  COMPLETE — best=0.4041 (trial 19)
2026-04-28T17:24:19  [INFO   ]    grid_std: 0.2482
2026-04-28T17:24:19  [INFO   ]    mpc_Q_terminal: 91.6027
2026-04-28T17:24:19  [INFO   ]    mpc_Q_x: 188.5121
2026-04-28T17:24:19  [INFO   ]    mpc_Q_y: 97.1738
2026-04-28T17:24:19  [INFO   ]    mpc_Q_yaw: 9.1615
2026-04-28T17:24:19  [INFO   ]    mpc_W_obs_sigmoid: 323.3807
2026-04-28T17:24:19  [INFO   ]  Deploy:  cp /media/lorenzo/writable/Go2_navigation/tuning_results/best_planner_params.yaml /media/lorenzo/writable/Go2_navigation/src/a_star_mpc_planner/config/planner_params.yaml
2026-04-28T17:24:19  [INFO   ]  ============================================================
